#pragma once
#include <Arduino.h>
#include <pgmspace.h>

static const uint16_t SPLASH_IMAGE_WIDTH = 400;
static const uint16_t SPLASH_IMAGE_HEIGHT = 240;
static const uint8_t SPLASH_IMAGE_SCALE = 2;
static const uint16_t SPLASH_IMAGE_RGB565[] PROGMEM = {
  0x00CD, 0x00CE, 0x00CD, 0x004D, 0x01D1, 0x043E, 0x0214, 0x000E, 0x00CF, 0x00EF, 0x00CE, 0x00CE,
  0x000C, 0x02D5, 0x041D, 0x00F0, 0x00AF, 0x0110, 0x00EF, 0x00EF, 0x00EE, 0x00EE, 0x00EF, 0x00EF,
  0x00EE, 0x00EF, 0x00EF, 0x00EF, 0x010F, 0x0110, 0x0111, 0x0131, 0x0131, 0x0153, 0x0174, 0x01B5,
  0x01F7, 0x0259, 0x029B, 0x139D, 0x047F, 0x7E5F, 0x9F7F, 0x6F3F, 0x773F, 0x4F3F, 0xA77F, 0xF7FF,
  0xFFFF, 0xF7FF, 0xF7FF, 0xF7FF, 0xF7DF, 0xF7FF, 0xF7FF, 0xF7FF, 0xF7FF, 0xF7FF, 0xF7FF, 0xEFDF,
  0xEFDF, 0xE7DF, 0xEFFF, 0x86FF, 0x055F, 0x043F, 0x0BBF, 0x033E, 0x02BD, 0x029C, 0x027B, 0x025B,
  0x023B, 0x023A, 0x021A, 0x021A, 0x01FA, 0x01D9, 0x01D9, 0x01FA, 0x01FA, 0x01F9, 0x01F9, 0x01D9,
  0x01D9, 0x01D9, 0x01D9, 0x01D9, 0x01B9, 0x01D9, 0x01B9, 0x01B9, 0x01B9, 0x01B9, 0x01B9, 0x01B9,
  0x01B9, 0x01B9, 0x01B9, 0x01B8, 0x01B8, 0x01B8, 0x01B8, 0x01B8, 0x01B8, 0x01B8, 0x01B8, 0x01B8,
  0x01B9, 0x0198, 0x01DA, 0x021C, 0x0175, 0x0113, 0x0133, 0x0133, 0x0133, 0x0112, 0x0112, 0x0111,
  0x0111, 0x0111, 0x0111, 0x0111, 0x0111, 0x0111, 0x0111, 0x0111, 0x0111, 0x0111, 0x0111, 0x0111,
  0x0111, 0x0110, 0x0110, 0x0110, 0x0110, 0x0110, 0x0110, 0x0110, 0x0110, 0x0110, 0x0111, 0x0111,
  0x0110, 0x010F, 0x010F, 0x00EF, 0x00EF, 0x00EF, 0x00EF, 0x00EF, 0x00EF, 0x00EF, 0x00EF, 0x00EF,
  0x00EF, 0x00EF, 0x00EF, 0x00EF, 0x00EE, 0x00EE, 0x00EE, 0x00EE, 0x00EE, 0x00EF, 0x00EF, 0x00EF,
  0x00EF, 0x00EF, 0x00EF, 0x00EF, 0x00EF, 0x00EF, 0x00EF, 0x00EF, 0x00EF, 0x00EF, 0x00EF, 0x00EF,
  0x00EF, 0x00EF, 0x00EF, 0x00EF, 0x00EF, 0x00EF, 0x00EF, 0x00EF, 0x00EF, 0x00EE, 0x00EE, 0x00EE,
  0x00EE, 0x00EE, 0x00EE, 0x00EE, 0x00EE, 0x00EE, 0x00EE, 0x00EE, 0x00EE, 0x00EE, 0x00EE, 0x00EE,
  0x00EE, 0x00EE, 0x00EE, 0x00EE, 0x00EF, 0x010F, 0x010F, 0x010F, 0x010F, 0x010F, 0x010F, 0x0130,
  0x0130, 0x0131, 0x0130, 0x0130, 0x0130, 0x0130, 0x0130, 0x0130, 0x012F, 0x012F, 0x012F, 0x012E,
  0x012E, 0x012E, 0x010E, 0x010E, 0x010E, 0x010E, 0x010E, 0x010D, 0x010D, 0x010D, 0x010D, 0x010D,
  0x010D, 0x010D, 0x010D, 0x010D, 0x010D, 0x010D, 0x010E, 0x010E, 0x010D, 0x010D, 0x010D, 0x010D,
  0x010D, 0x010D, 0x010D, 0x010D, 0x010C, 0x090C, 0x090C, 0x090C, 0x090C, 0x090C, 0x090C, 0x090C,
  0x090C, 0x090C, 0x090C, 0x08EB, 0x08EB, 0x110B, 0x10EB, 0x10EB, 0x10EB, 0x10EA, 0x10EB, 0x10EA,
  0x10EA, 0x10EA, 0x10EA, 0x10EA, 0x10EA, 0x10EA, 0x10EA, 0x10EA, 0x10EA, 0x18EA, 0x18EA, 0x18EA,
  0x18EA, 0x18E9, 0x18E9, 0x18E9, 0x18E9, 0x18E9, 0x20E9, 0x20E9, 0x20E9, 0x20E9, 0x20E8, 0x20E8,
  0x28E8, 0x28E8, 0x28E8, 0x28E8, 0x28E7, 0x30E7, 0x3107, 0x3107, 0x3107, 0x3907, 0x3907, 0x3907,
  0x4107, 0x4106, 0x4906, 0x4926, 0x4906, 0x5106, 0x5926, 0x5906, 0x6125, 0x6125, 0x6125, 0x6945,
  0x6945, 0x6945, 0x7165, 0xA9C3, 0xB1E3, 0xB1E3, 0xB1E4, 0xB1E3, 0xA1C4, 0x7945, 0x7145, 0x7145,
  0x7145, 0x8184, 0xB1C3, 0x91A4, 0x7944, 0x8164, 0x8964, 0x8963, 0x9183, 0x99A3, 0x99A3, 0xA9C2,
  0xC1E2, 0xC1E1, 0xC1E1, 0xCA01, 0xD201, 0xD220, 0xDA20, 0xE240, 0xE260, 0xEA80, 0xF280, 0xF2A0,
  0xFAE0, 0xFB00, 0xFB40, 0xFB80, 0xFB80, 0xFBE0, 0xFC80, 0xFC80, 0xFC60, 0xFC80, 0xFCA0, 0xFCC0,
  0xFCE0, 0xFD00, 0xFD20, 0xFD20, 0xFD40, 0xFD60, 0xFD80, 0xFDC0, 0xFE00, 0xFE40, 0xFE65, 0xFF00,
  0xFFB4, 0xFFFF, 0xFFFF, 0xFFFF, 0xFFFF, 0xFFFF, 0xFFB4, 0xFF20, 0xFE80, 0xFE22, 0xFDE0, 0xFDE0,
  0xFD80, 0xFE41, 0xFF23, 0xFE21,
  0x000C, 0x00CE, 0x00CE, 0x00CE, 0x006E, 0x0130, 0x0110, 0x00AF, 0x000D, 0x000D, 0x00EE, 0x00CE,
  0x00CE, 0x00AE, 0x0170, 0x00EF, 0x00AF, 0x006E, 0x00EF, 0x00EF, 0x00EF, 0x00EF, 0x00EF, 0x00EF,
  0x00EF, 0x00EF, 0x00EF, 0x00EF, 0x00EF, 0x0110, 0x0111, 0x0131, 0x0132, 0x0153, 0x0174, 0x01B6,
  0x0218, 0x0259, 0x22FC, 0x031E, 0x2CFF, 0xBF7F, 0xBFDF, 0x6F3F, 0x7F5F, 0x5F3F, 0x877F, 0xE7DF,
  0xFFFF, 0xF7FF, 0xF7FF, 0xF7FF, 0xF7DF, 0xF7FF, 0xF7FF, 0xF7FF, 0xF7FF, 0xF7FF, 0xF7DF, 0xEFDF,
  0xE7DF, 0xF7FF, 0xD7DF, 0x2E7F, 0x04FF, 0x1C1F, 0x039E, 0x031E, 0x02BD, 0x029C, 0x027C, 0x025B,
  0x023B, 0x021B, 0x021A, 0x01FA, 0x01FA, 0x01DA, 0x01DA, 0x01FA, 0x01FA, 0x01DA, 0x01DA, 0x01DA,
  0x01D9, 0x01D9, 0x01D9, 0x01D9, 0x01D9, 0x01B9, 0x01B9, 0x01B9, 0x01B9, 0x01B9, 0x01B9, 0x01B9,
  0x01B9, 0x01B9, 0x01B9, 0x01B8, 0x01B8, 0x01B8, 0x01B8, 0x01B9, 0x01B9, 0x01B9, 0x01B9, 0x01B9,
  0x0199, 0x01B9, 0x021B, 0x01B7, 0x00F2, 0x0154, 0x0133, 0x0133, 0x0112, 0x0112, 0x0112, 0x0112,
  0x0111, 0x0111, 0x0111, 0x0111, 0x0111, 0x0111, 0x0111, 0x0111, 0x0111, 0x0111, 0x0111, 0x0111,
  0x0111, 0x0111, 0x0111, 0x0110, 0x0110, 0x0110, 0x0110, 0x0110, 0x0110, 0x0111, 0x0112, 0x0110,
  0x00F0, 0x00F0, 0x00F0, 0x00EF, 0x00EF, 0x00EF, 0x00EF, 0x00EF, 0x00EF, 0x00EF, 0x00EF, 0x00EF,
  0x00EF, 0x00EF, 0x00EF, 0x00EF, 0x00EF, 0x00EF, 0x00EF, 0x00EE, 0x00EF, 0x00EF, 0x00EF, 0x00EF,
  0x00EF, 0x00EF, 0x00EF, 0x00EF, 0x00EF, 0x00EF, 0x00EF, 0x00EF, 0x00F0, 0x00F0, 0x00F0, 0x00F0,
  0x00F0, 0x00F0, 0x00F0, 0x00F0, 0x00F0, 0x00EF, 0x00EF, 0x00EF, 0x00EF, 0x00EF, 0x00EE, 0x00EE,
  0x00EE, 0x00EE, 0x00EE, 0x00EE, 0x00EE, 0x00EE, 0x00EE, 0x00EE, 0x00EE, 0x00EE, 0x00EE, 0x00EE,
  0x00EE, 0x00EF, 0x00EF, 0x00EF, 0x00EF, 0x010F, 0x010F, 0x010F, 0x010F, 0x0130, 0x1150, 0x2191,
  0x2171, 0x2171, 0x2191, 0x1171, 0x0151, 0x0131, 0x0130, 0x0130, 0x0130, 0x012F, 0x012F, 0x012F,
  0x012F, 0x012E, 0x010E, 0x010E, 0x010E, 0x010E, 0x010E, 0x010D, 0x010D, 0x010D, 0x010D, 0x010D,
  0x010D, 0x010D, 0x010D, 0x010D, 0x010D, 0x010D, 0x010E, 0x010E, 0x010D, 0x010D, 0x010D, 0x010D,
  0x010D, 0x010D, 0x010D, 0x090D, 0x090D, 0x090C, 0x090C, 0x090C, 0x090C, 0x090C, 0x090C, 0x090C,
  0x110C, 0x10EC, 0x10EC, 0x110C, 0x110C, 0x10EB, 0x10EB, 0x10EB, 0x10EB, 0x10EB, 0x10EA, 0x10EA,
  0x10EA, 0x10EA, 0x10EA, 0x10EA, 0x10EA, 0x10EA, 0x10EA, 0x10EA, 0x10EA, 0x18EA, 0x18E9, 0x18EA,
  0x18EA, 0x18E9, 0x18E9, 0x18E9, 0x18E9, 0x18E9, 0x20E9, 0x20E9, 0x20E9, 0x20E8, 0x20E8, 0x28E8,
  0x28E8, 0x28E8, 0x28E8, 0x28E8, 0x30E7, 0x3107, 0x3107, 0x3107, 0x3907, 0x3907, 0x3907, 0x4107,
  0x4107, 0x4106, 0x4906, 0x4906, 0x5106, 0x5106, 0x5926, 0x6126, 0x6125, 0x6125, 0x6945, 0x6945,
  0x7145, 0x6945, 0x91A4, 0xB9E3, 0xB9E3, 0xB9E3, 0xB9E3, 0xB1E3, 0x8965, 0x7145, 0x7145, 0x7145,
  0x7145, 0xA1A3, 0xA1C4, 0x7944, 0x8144, 0x8964, 0x8964, 0x8963, 0x9183, 0x99A3, 0xA1A3, 0xB9E2,
  0xB9E2, 0xC1E1, 0xC9E1, 0xCA01, 0xD201, 0xDA20, 0xDA40, 0xE240, 0xEA60, 0xEA80, 0xF2A0, 0xF2C0,
  0xFAE0, 0xFB20, 0xFB60, 0xFB80, 0xFBC0, 0xFC40, 0xFC80, 0xFC60, 0xFC80, 0xFC80, 0xFCA0, 0xFCC0,
  0xFCE0, 0xFD00, 0xFD20, 0xFD40, 0xFD40, 0xFD60, 0xFDA0, 0xFDE0, 0xFE20, 0xFE46, 0xFEA0, 0xFF6A,
  0xFFFC, 0xFFFF, 0xFFFF, 0xFFFF, 0xFFFF, 0xFFD9, 0xFF43, 0xFEC0, 0xFE64, 0xFE00, 0xFDE0, 0xFDA0,
  0xFD60, 0xFEE2, 0xFE20, 0xFD20,
  0x02F6, 0x00AE, 0x012F, 0x00CF, 0x00EF, 0x008E, 0x004D, 0x01B1, 0x03B9, 0x01F1, 0x000D, 0x010F,
  0x00CE, 0x00EF, 0x000D, 0x00CF, 0x02B7, 0x0255, 0x000D, 0x010F, 0x00EF, 0x00EF, 0x00EF, 0x00EF,
  0x00EF, 0x00EF, 0x00EF, 0x00EF, 0x00EF, 0x00F0, 0x0110, 0x0131, 0x0132, 0x0153, 0x0174, 0x01B6,
  0x0218, 0x027A, 0x231C, 0x031E, 0x253F, 0xB79F, 0xC7DF, 0x8F7F, 0x7F5F, 0x775F, 0x675F, 0xD7BF,
  0xFFFF, 0xF7FF, 0xF7FF, 0xF7FF, 0xF7FF, 0xF7FF, 0xF7FF, 0xF7FF, 0xF7FF, 0xF7FF, 0xF7FF, 0xEFDF,
  0xEFDF, 0xFFFF, 0xA77F, 0x05FF, 0x049F, 0x13DF, 0x037E, 0x02FD, 0x02BD, 0x029C, 0x027C, 0x025B,
  0x023B, 0x021A, 0x01FA, 0x01FA, 0x01FA, 0x01DA, 0x01DA, 0x01FA, 0x01DA, 0x01DA, 0x01FA, 0x01DA,
  0x01D9, 0x01D9, 0x01D9, 0x01D9, 0x01D9, 0x01B9, 0x01B9, 0x01B9, 0x01B9, 0x01B9, 0x01B9, 0x01B9,
  0x01B9, 0x01B9, 0x01B9, 0x01B9, 0x01B8, 0x01B8, 0x01B8, 0x01B9, 0x01B9, 0x01B9, 0x01B9, 0x01B9,
  0x01B9, 0x021C, 0x01D9, 0x0113, 0x0154, 0x0133, 0x0133, 0x0132, 0x0112, 0x0112, 0x0112, 0x0112,
  0x0111, 0x0111, 0x0111, 0x0111, 0x0111, 0x0111, 0x0111, 0x0111, 0x0111, 0x0111, 0x0111, 0x0111,
  0x0111, 0x0111, 0x0111, 0x0110, 0x0110, 0x0110, 0x0110, 0x0110, 0x0111, 0x0112, 0x0111, 0x00F0,
  0x0110, 0x0110, 0x00F0, 0x00EF, 0x00EF, 0x00EF, 0x00EF, 0x00EF, 0x00EF, 0x00EF, 0x00EF, 0x00EF,
  0x00EF, 0x00EF, 0x00EF, 0x00EF, 0x00EF, 0x00EF, 0x00EF, 0x00EF, 0x00EF, 0x00EF, 0x00EF, 0x00EF,
  0x00EF, 0x00EF, 0x00EF, 0x00EF, 0x00F0, 0x00F0, 0x00F0, 0x00F0, 0x0110, 0x1971, 0x2191, 0x1971,
  0x2191, 0x1991, 0x0110, 0x00F0, 0x0110, 0x0110, 0x0110, 0x00EF, 0x00EF, 0x00EF, 0x00EF, 0x00EF,
  0x00EF, 0x00EE, 0x00EE, 0x00EE, 0x00EE, 0x00EE, 0x00EE, 0x00EE, 0x00EE, 0x00EE, 0x00EE, 0x00EF,
  0x00EF, 0x00EF, 0x00EF, 0x00EF, 0x010F, 0x010F, 0x010F, 0x0110, 0x0150, 0x1970, 0x00F1, 0x0012,
  0x0012, 0x0012, 0x0012, 0x00F2, 0x2192, 0x1191, 0x0151, 0x0131, 0x0130, 0x0130, 0x012F, 0x012F,
  0x012F, 0x012E, 0x010E, 0x010E, 0x010E, 0x010E, 0x010E, 0x010E, 0x010D, 0x010D, 0x010D, 0x010D,
  0x010D, 0x010D, 0x010D, 0x010D, 0x010D, 0x010D, 0x010D, 0x010D, 0x010D, 0x010D, 0x010D, 0x010D,
  0x010D, 0x090D, 0x090D, 0x090D, 0x090D, 0x090C, 0x090C, 0x090C, 0x090C, 0x090C, 0x090C, 0x110C,
  0x110C, 0x090C, 0x08EC, 0x110C, 0x110C, 0x10EB, 0x10EB, 0x10EB, 0x10EB, 0x10EA, 0x10EA, 0x10EA,
  0x10EA, 0x10EA, 0x10EA, 0x18EA, 0x10EA, 0x10EA, 0x10EA, 0x18E9, 0x18E9, 0x18EA, 0x18E9, 0x18E9,
  0x18E9, 0x18E9, 0x18E9, 0x18E9, 0x18E9, 0x20E9, 0x20E9, 0x20E9, 0x20E9, 0x20E8, 0x28E8, 0x28E8,
  0x28E8, 0x28E8, 0x28E8, 0x30E8, 0x30E7, 0x3107, 0x3107, 0x3107, 0x3907, 0x3907, 0x3907, 0x4107,
  0x4106, 0x4906, 0x4906, 0x4906, 0x5106, 0x5126, 0x5926, 0x6126, 0x6125, 0x6925, 0x6945, 0x6945,
  0x7145, 0x7165, 0xB1E3, 0xC203, 0xC203, 0xBA03, 0xC203, 0xA1A4, 0x7945, 0x7145, 0x7945, 0x7145,
  0x8964, 0xA9C3, 0x8164, 0x7944, 0x8144, 0x8163, 0x8963, 0x8963, 0x9183, 0x9983, 0xA9C2, 0xB9E2,
  0xB9E2, 0xC1E1, 0xCA01, 0xCA01, 0xD221, 0xDA40, 0xDA40, 0xE260, 0xEA80, 0xEAA0, 0xF2A0, 0xFAC0,
  0xFB00, 0xFB40, 0xFB80, 0xFBC0, 0xFC20, 0xFC80, 0xFC60, 0xFC60, 0xFC80, 0xFC80, 0xFCA0, 0xFCC0,
  0xFCE0, 0xFD00, 0xFD20, 0xFD40, 0xFD60, 0xFD80, 0xFDC0, 0xFDE0, 0xFE22, 0xFE64, 0xFF00, 0xFFB7,
  0xFFFF, 0xFFFF, 0xFFFF, 0xFFFF, 0xFFFD, 0xFF6D, 0xFF00, 0xFEA4, 0xFE40, 0xFE00, 0xFDC0, 0xFE01,
  0xFDC0, 0xFD40, 0xFD20, 0xFD40,
  0x043C, 0x000F, 0x000D, 0x00CF, 0x00CE, 0x010F, 0x002D, 0x0190, 0x04BE, 0x0398, 0x000B, 0x014F,
  0x00EF, 0x010F, 0x010F, 0x008E, 0x0319, 0x035A, 0x000B, 0x0150, 0x010F, 0x00EF, 0x00EF, 0x00EF,
  0x00EF, 0x00EF, 0x00EF, 0x00EF, 0x00EF, 0x0110, 0x0110, 0x0131, 0x0132, 0x0153, 0x0174, 0x01B6,
  0x0218, 0x029A, 0x02FC, 0x2B9E, 0x055F, 0x773F, 0xCFDF, 0xAFBF, 0x877F, 0x875F, 0x675F, 0xB79F,
  0xF7FF, 0xFFFF, 0xF7FF, 0xF7FF, 0xF7FF, 0xF7FF, 0xF7FF, 0xFFFF, 0xF7FF, 0xF7FF, 0xF7FF, 0xEFDF,
  0xF7FF, 0xE7FF, 0x5EBF, 0x053F, 0x1C3F, 0x03BF, 0x035E, 0x02FD, 0x02BD, 0x029C, 0x025C, 0x025B,
  0x023B, 0x021A, 0x01FA, 0x01FA, 0x01FA, 0x01DA, 0x01FA, 0x01FA, 0x01FA, 0x01DA, 0x01DA, 0x01DA,
  0x01DA, 0x01D9, 0x01D9, 0x01D9, 0x01D9, 0x01D9, 0x01B9, 0x01B9, 0x01B9, 0x01B9, 0x01B9, 0x01B9,
  0x01B9, 0x01B9, 0x01B9, 0x01B9, 0x01B9, 0x01B9, 0x01B9, 0x01B9, 0x01B9, 0x01B9, 0x01B9, 0x01B9,
  0x021C, 0x021B, 0x0113, 0x0154, 0x0134, 0x0133, 0x0133, 0x0112, 0x0112, 0x0112, 0x0112, 0x0112,
  0x0111, 0x0111, 0x0111, 0x0111, 0x0111, 0x0111, 0x0111, 0x0111, 0x0111, 0x0111, 0x0111, 0x0111,
  0x0111, 0x0111, 0x0111, 0x0110, 0x0110, 0x0111, 0x0110, 0x0111, 0x0112, 0x0111, 0x00F0, 0x0110,
  0x00F0, 0x00F0, 0x00F0, 0x00F0, 0x00F0, 0x00EF, 0x00EF, 0x00EF, 0x00EF, 0x00EF, 0x00EF, 0x00EF,
  0x00EF, 0x00EF, 0x00EF, 0x00EF, 0x00EF, 0x00EF, 0x00EF, 0x00EF, 0x00EF, 0x00EF, 0x00EF, 0x00EF,
  0x00EF, 0x00F0, 0x0110, 0x0110, 0x0110, 0x0110, 0x00F0, 0x1171, 0x2191, 0x0011, 0x0010, 0x0010,
  0x0010, 0x0011, 0x1171, 0x1971, 0x00F1, 0x0110, 0x0110, 0x0110, 0x0110, 0x00EF, 0x00EF, 0x00EF,
  0x00EF, 0x00EF, 0x00EF, 0x00EF, 0x00EF, 0x00EF, 0x00EF, 0x00EF, 0x00EF, 0x00EF, 0x00EF, 0x00EF,
  0x00EF, 0x00EF, 0x010F, 0x010F, 0x010F, 0x0130, 0x0110, 0x1171, 0x1951, 0x0011, 0x00D2, 0x1A53,
  0x5333, 0x5313, 0x1A53, 0x00F3, 0x0013, 0x0112, 0x21B2, 0x1191, 0x0151, 0x0130, 0x0150, 0x012F,
  0x012F, 0x012F, 0x012E, 0x012E, 0x012E, 0x010E, 0x010E, 0x010E, 0x010E, 0x010D, 0x010D, 0x010D,
  0x010D, 0x010D, 0x010D, 0x010D, 0x010D, 0x010D, 0x010D, 0x010D, 0x010D, 0x010D, 0x010D, 0x010D,
  0x010D, 0x090D, 0x090D, 0x090D, 0x090C, 0x090C, 0x090C, 0x090C, 0x090C, 0x090C, 0x090C, 0x110C,
  0x110C, 0x110C, 0x110C, 0x110C, 0x110C, 0x10EB, 0x10EB, 0x10EB, 0x10EB, 0x10EA, 0x10EA, 0x10EA,
  0x10EA, 0x10EA, 0x10EA, 0x18EA, 0x18EA, 0x18EA, 0x18EA, 0x18EA, 0x18E9, 0x18E9, 0x18E9, 0x18E9,
  0x18E9, 0x18E9, 0x18E9, 0x20E9, 0x20E9, 0x20E9, 0x20E9, 0x20E9, 0x20E8, 0x20E8, 0x28E8, 0x28E8,
  0x28E8, 0x2908, 0x3108, 0x3108, 0x3107, 0x3107, 0x3107, 0x3907, 0x3907, 0x3907, 0x3907, 0x4107,
  0x4106, 0x4906, 0x4906, 0x4906, 0x5106, 0x5926, 0x5926, 0x6125, 0x6125, 0x6925, 0x6946, 0x7145,
  0x6945, 0x99A4, 0xCA22, 0xCA22, 0xC223, 0xC203, 0xB9E3, 0x8964, 0x7145, 0x7145, 0x7145, 0x7144,
  0xA9A3, 0x9984, 0x7144, 0x7944, 0x7944, 0x8164, 0x8963, 0x9163, 0x9163, 0xA1A3, 0xB9E2, 0xB9E2,
  0xB9E2, 0xC1E1, 0xCA01, 0xCA21, 0xD220, 0xDA40, 0xE260, 0xEA60, 0xEA80, 0xF2A0, 0xF2C0, 0xFAE0,
  0xFB20, 0xFB60, 0xFBA0, 0xFC00, 0xFC60, 0xFC60, 0xFC60, 0xFC60, 0xFC80, 0xFCA0, 0xFCC0, 0xFCE0,
  0xFD00, 0xFD20, 0xFD40, 0xFD60, 0xFD80, 0xFDA0, 0xFDE0, 0xFE00, 0xFE46, 0xFEA0, 0xFF6E, 0xFFFD,
  0xFFFF, 0xFFFF, 0xFFFF, 0xFFFF, 0xFF93, 0xFF20, 0xFEC3, 0xFE61, 0xFE20, 0xFDE0, 0xFDA0, 0xFEE3,
  0xFE01, 0xFD20, 0xFD60, 0xFD60,
  0x0011, 0x01F3, 0x02D4, 0x006F, 0x012F, 0x00EF, 0x00CE, 0x000C, 0x01F1, 0x0273, 0x000D, 0x000D,
  0x008E, 0x00EF, 0x00CE, 0x00CE, 0x00AE, 0x0150, 0x00CE, 0x008E, 0x008E, 0x00EF, 0x00EF, 0x00EF,
  0x00EF, 0x00EF, 0x00EF, 0x00EF, 0x00EF, 0x0110, 0x0110, 0x0111, 0x0131, 0x0153, 0x0174, 0x01B6,
  0x01F7, 0x029A, 0x02BC, 0x1C1E, 0x057F, 0x069F, 0xB7BF, 0xCFDF, 0x977F, 0x877F, 0x775F, 0x977F,
  0xEFDF, 0xFFFF, 0xF7FF, 0xF7FF, 0xF7FF, 0xF7FF, 0xFFFF, 0xFFFF, 0xFFFF, 0xF7FF, 0xF7FF, 0xEFDF,
  0xFFFF, 0xB79F, 0x061F, 0x04BF, 0x1C1F, 0x039E, 0x033E, 0x02DD, 0x02BD, 0x029C, 0x025C, 0x023B,
  0x021B, 0x021A, 0x01FA, 0x01FA, 0x01FA, 0x01FA, 0x01FA, 0x01FA, 0x01FA, 0x01FA, 0x01DA, 0x01DA,
  0x01DA, 0x01DA, 0x01DA, 0x01D9, 0x01D9, 0x01D9, 0x01D9, 0x01B9, 0x01D9, 0x01D9, 0x01B9, 0x01B9,
  0x01B9, 0x01B9, 0x01B9, 0x01B9, 0x01B9, 0x01D9, 0x01D9, 0x01D9, 0x01D9, 0x01D9, 0x01B9, 0x021B,
  0x023C, 0x0154, 0x0134, 0x0154, 0x0133, 0x0133, 0x0112, 0x0112, 0x0112, 0x0112, 0x0112, 0x0112,
  0x0111, 0x0111, 0x0111, 0x0111, 0x0111, 0x0111, 0x0111, 0x0111, 0x0111, 0x0111, 0x0111, 0x0111,
  0x0111, 0x0111, 0x0111, 0x0111, 0x0111, 0x0111, 0x0110, 0x0132, 0x0112, 0x00F0, 0x0110, 0x0110,
  0x00F0, 0x00F0, 0x00F0, 0x00F0, 0x00F0, 0x00EF, 0x00EF, 0x00EF, 0x00EF, 0x00EF, 0x00EF, 0x00EF,
  0x00EF, 0x00EF, 0x00EF, 0x00EF, 0x00EF, 0x00EF, 0x00EF, 0x00EF, 0x00EF, 0x00F0, 0x00F0, 0x0110,
  0x0110, 0x0110, 0x0110, 0x0111, 0x0111, 0x0131, 0x21B2, 0x0112, 0x0011, 0x0032, 0x52F5, 0x6B96,
  0x5B15, 0x0133, 0x0012, 0x0072, 0x21B2, 0x0131, 0x0111, 0x0111, 0x0110, 0x0110, 0x0110, 0x00EF,
  0x00EF, 0x00EF, 0x00EF, 0x00EF, 0x010F, 0x00EF, 0x00EF, 0x00EF, 0x00EF, 0x00EF, 0x010F, 0x010F,
  0x010F, 0x010F, 0x0110, 0x0130, 0x0130, 0x0130, 0x1991, 0x1951, 0x0012, 0x2A92, 0xA471, 0xDD4E,
  0xED8C, 0xED8D, 0xD56F, 0xA491, 0x5313, 0x0113, 0x0012, 0x0132, 0x21B1, 0x0971, 0x0130, 0x0150,
  0x012F, 0x012F, 0x012F, 0x012E, 0x012E, 0x012E, 0x010E, 0x010E, 0x010E, 0x010D, 0x010D, 0x010D,
  0x010D, 0x010D, 0x010D, 0x010D, 0x010D, 0x010D, 0x010D, 0x010D, 0x010D, 0x010D, 0x090D, 0x090D,
  0x090D, 0x090D, 0x090D, 0x090C, 0x090C, 0x090C, 0x090C, 0x090C, 0x090C, 0x090C, 0x110C, 0x110C,
  0x110C, 0x110C, 0x110C, 0x110C, 0x110B, 0x10EB, 0x110B, 0x110B, 0x10EB, 0x10EA, 0x10EA, 0x10EA,
  0x10EA, 0x10EA, 0x10EA, 0x18EA, 0x18EA, 0x18EA, 0x18EA, 0x18EA, 0x18E9, 0x18E9, 0x18E9, 0x18E9,
  0x18E9, 0x18E9, 0x20E9, 0x20E9, 0x20E9, 0x20E9, 0x20E8, 0x20E8, 0x20E8, 0x28E8, 0x28E8, 0x28E8,
  0x2908, 0x3108, 0x3108, 0x3108, 0x3107, 0x3907, 0x3907, 0x3907, 0x3907, 0x4107, 0x4107, 0x4106,
  0x4106, 0x4906, 0x4906, 0x5106, 0x5126, 0x5926, 0x5926, 0x6125, 0x6125, 0x6946, 0x6946, 0x7165,
  0x7965, 0xC223, 0xDA42, 0xD242, 0xD242, 0xCA22, 0xA1A4, 0x7145, 0x7145, 0x7145, 0x6945, 0x9184,
  0xA9C3, 0x7944, 0x7944, 0x8144, 0x8164, 0x8963, 0x8963, 0x9163, 0x9163, 0xB1C2, 0xB9E2, 0xB9E2,
  0xC1E2, 0xC201, 0xCA01, 0xCA21, 0xD220, 0xDA40, 0xE260, 0xEA80, 0xEAA0, 0xF2C0, 0xFAE0, 0xFB00,
  0xFB40, 0xFB80, 0xFC00, 0xFC40, 0xFC40, 0xFC40, 0xFC60, 0xFC60, 0xFC80, 0xFCA0, 0xFCC0, 0xFCE0,
  0xFD00, 0xFD20, 0xFD40, 0xFD60, 0xFDA0, 0xFDC0, 0xFE00, 0xFE24, 0xFE60, 0xFF00, 0xFFD9, 0xFFFF,
  0xFFFF, 0xFFFF, 0xFFFF, 0xFFD8, 0xFF42, 0xFEE0, 0xFE83, 0xFE20, 0xFE00, 0xFD80, 0xFDA0, 0xFDE1,
  0xFD60, 0xFD40, 0xFD60, 0xFD40,
  0x000E, 0x03B8, 0x057E, 0x008F, 0x000D, 0x006E, 0x00CE, 0x00EF, 0x000D, 0x000C, 0x0213, 0x0317,
  0x0110, 0x00EE, 0x010F, 0x00EE, 0x00CE, 0x006D, 0x00EE, 0x010F, 0x00EF, 0x00CE, 0x00EF, 0x00EF,
  0x00EF, 0x00EF, 0x00EF, 0x00EF, 0x00EF, 0x0110, 0x0110, 0x0131, 0x0131, 0x0152, 0x0174, 0x0195,
  0x0217, 0x025A, 0x02FC, 0x045E, 0x2D1F, 0x05FF, 0x7F5F, 0xD7FF, 0xB7BF, 0x8F7F, 0x877F, 0x877F,
  0xDFDF, 0xFFFF, 0xF7FF, 0xFFFF, 0xF7FF, 0xFFFF, 0xFFFF, 0xFFFF, 0xFFFF, 0xF7FF, 0xEFFF, 0xF7DF,
  0xF7FF, 0x771F, 0x057F, 0x147F, 0x03FF, 0x037E, 0x031E, 0x02DD, 0x02BD, 0x027C, 0x025C, 0x023B,
  0x021B, 0x021A, 0x01FA, 0x01FA, 0x01FA, 0x01FA, 0x01FA, 0x01FA, 0x01DA, 0x01DA, 0x01DA, 0x01DA,
  0x01DA, 0x01DA, 0x01DA, 0x01DA, 0x01D9, 0x01D9, 0x01D9, 0x01D9, 0x01D9, 0x01D9, 0x01D9, 0x01BA,
  0x01BA, 0x01B9, 0x01D9, 0x01DA, 0x01DA, 0x01DA, 0x01DA, 0x01DA, 0x01DA, 0x01B9, 0x01DA, 0x023C,
  0x0196, 0x0113, 0x0154, 0x0133, 0x0133, 0x0132, 0x0112, 0x0112, 0x0112, 0x0112, 0x0112, 0x0112,
  0x0111, 0x0111, 0x0111, 0x0111, 0x0111, 0x0111, 0x0111, 0x0111, 0x0111, 0x0111, 0x0111, 0x0111,
  0x0111, 0x0111, 0x0111, 0x0111, 0x0111, 0x0111, 0x0112, 0x0132, 0x0111, 0x00F0, 0x0110, 0x00F0,
  0x00F0, 0x0110, 0x00F0, 0x00F0, 0x00F0, 0x00F0, 0x00F0, 0x00EF, 0x00EF, 0x00EF, 0x00EF, 0x00EF,
  0x00EF, 0x00EF, 0x00EF, 0x00EF, 0x00F0, 0x00F0, 0x00F0, 0x0110, 0x0110, 0x0110, 0x0110, 0x0110,
  0x0110, 0x0111, 0x0131, 0x0111, 0x1992, 0x19B2, 0x0012, 0x0012, 0x6BB6, 0xC63B, 0xEF5E, 0xF79F,
  0xEF5E, 0xCE7C, 0x8458, 0x0013, 0x0012, 0x21B3, 0x1172, 0x0111, 0x0131, 0x0111, 0x0110, 0x0110,
  0x0110, 0x0110, 0x0110, 0x0110, 0x0110, 0x0110, 0x0110, 0x0110, 0x0110, 0x0110, 0x0110, 0x0110,
  0x0110, 0x0110, 0x0130, 0x0130, 0x0131, 0x2191, 0x0111, 0x0012, 0x6B92, 0xDD6C, 0xFDA0, 0xFD40,
  0xFD20, 0xFD40, 0xFD60, 0xFDC1, 0xEDAD, 0xAC91, 0x42D3, 0x00D3, 0x0012, 0x1152, 0x21B1, 0x0170,
  0x0150, 0x012F, 0x012F, 0x012F, 0x012E, 0x012E, 0x012E, 0x010E, 0x012E, 0x010E, 0x010E, 0x010D,
  0x010D, 0x010D, 0x010D, 0x010D, 0x010D, 0x090D, 0x090D, 0x090D, 0x090D, 0x090D, 0x090D, 0x090D,
  0x090D, 0x090D, 0x090C, 0x090C, 0x090C, 0x090C, 0x090C, 0x090C, 0x090C, 0x110C, 0x110C, 0x110C,
  0x110C, 0x110C, 0x110C, 0x110C, 0x110B, 0x110B, 0x110B, 0x110A, 0x110A, 0x110A, 0x110A, 0x110A,
  0x110A, 0x10EA, 0x18EA, 0x18EA, 0x18EA, 0x18EA, 0x18EA, 0x18E9, 0x18E9, 0x18E9, 0x18E9, 0x18E9,
  0x18E9, 0x20E9, 0x20E9, 0x20E9, 0x20E9, 0x20E8, 0x20E8, 0x20E8, 0x28E8, 0x28E8, 0x28E8, 0x28E8,
  0x3108, 0x3108, 0x3108, 0x3107, 0x3907, 0x3907, 0x3907, 0x3907, 0x4107, 0x4107, 0x4107, 0x4106,
  0x4906, 0x4906, 0x4906, 0x5126, 0x5926, 0x5926, 0x6126, 0x6125, 0x6145, 0x6946, 0x7165, 0x7145,
  0x99C4, 0xDA61, 0xE281, 0xDA62, 0xDA62, 0xC223, 0x8964, 0x7145, 0x7145, 0x7145, 0x7964, 0xB1C3,
  0x8984, 0x7144, 0x7944, 0x8144, 0x8164, 0x8963, 0x8963, 0x9163, 0xA183, 0xB9C2, 0xB9E2, 0xB9E2,
  0xC1E2, 0xCA01, 0xCA01, 0xD221, 0xD221, 0xE260, 0xE260, 0xEA80, 0xF2A0, 0xF2C0, 0xFB00, 0xFB20,
  0xFB60, 0xFC00, 0xFC40, 0xFC20, 0xFC20, 0xFC40, 0xFC60, 0xFC60, 0xFC80, 0xFCA0, 0xFCC0, 0xFCE0,
  0xFD00, 0xFD20, 0xFD40, 0xFD80, 0xFDC0, 0xFDE0, 0xFE00, 0xFE46, 0xFEC0, 0xFF92, 0xFFFF, 0xFFFF,
  0xFFFF, 0xFFFF, 0xFFFC, 0xFF6B, 0xFF00, 0xFE84, 0xFE20, 0xFE00, 0xFDC0, 0xFE65, 0xFE03, 0xFD20,
  0xFD60, 0xFD60, 0xFD60, 0xFD60,
  0x00B0, 0x0233, 0x0376, 0x00CF, 0x00EE, 0x004E, 0x00CE, 0x00AE, 0x012F, 0x002F, 0x02B5, 0x051F,
  0x0275, 0x000D, 0x0150, 0x00EF, 0x010F, 0x00EE, 0x004D, 0x0296, 0x02F8, 0x000C, 0x012F, 0x00EF,
  0x00EF, 0x0110, 0x010F, 0x00EF, 0x0110, 0x0110, 0x0110, 0x0131, 0x0132, 0x0152, 0x0174, 0x0195,
  0x01F7, 0x023A, 0x037D, 0x047F, 0x24BF, 0x059F, 0x1EDF, 0xC7DF, 0xD7DF, 0x9F9F, 0x977F, 0x7F7F,
  0xCFBF, 0xFFFF, 0xFFFF, 0xF7FF, 0xFFFF, 0xFFFF, 0xFFFF, 0xFFFF, 0xF7FF, 0xF7FF, 0xEFFF, 0xFFFF,
  0xCFBF, 0x165F, 0x04FF, 0x1C5F, 0x03DF, 0x035E, 0x02FD, 0x02DD, 0x029C, 0x027C, 0x025C, 0x023B,
  0x021B, 0x021A, 0x01FA, 0x01FA, 0x01FA, 0x01FA, 0x01FA, 0x01FA, 0x01FA, 0x01FA, 0x01DA, 0x01DA,
  0x01DA, 0x01DA, 0x01DA, 0x01DA, 0x01DA, 0x01DA, 0x01D9, 0x01DA, 0x01DA, 0x01D9, 0x01DA, 0x01DA,
  0x01DA, 0x01DA, 0x01DA, 0x01DA, 0x01DA, 0x01DA, 0x01DA, 0x01DA, 0x01B9, 0x01DA, 0x021C, 0x01B8,
  0x00F3, 0x0154, 0x0133, 0x0133, 0x0133, 0x0112, 0x0112, 0x0112, 0x0112, 0x0112, 0x0112, 0x0112,
  0x0111, 0x0111, 0x0111, 0x0111, 0x0111, 0x0111, 0x0111, 0x0111, 0x0111, 0x0111, 0x0111, 0x0111,
  0x0111, 0x0111, 0x0111, 0x0111, 0x0111, 0x0111, 0x0132, 0x0111, 0x0110, 0x0110, 0x00F0, 0x00F0,
  0x0110, 0x00F0, 0x00F0, 0x00F0, 0x00F0, 0x00F0, 0x00F0, 0x00F0, 0x00F0, 0x00F0, 0x00F0, 0x00F0,
  0x00F0, 0x00F0, 0x00F0, 0x00F0, 0x0110, 0x0110, 0x0110, 0x0110, 0x0110, 0x0110, 0x0111, 0x0111,
  0x0131, 0x0111, 0x0132, 0x21D2, 0x00F2, 0x0012, 0x2A14, 0xAD9A, 0xF7BF, 0xFFFF, 0xFFFF, 0xFFFF,
  0xFFFF, 0xFFFF, 0xFFFF, 0xC61B, 0x3A55, 0x0012, 0x1173, 0x21B3, 0x0112, 0x0131, 0x0111, 0x0111,
  0x0111, 0x0110, 0x0110, 0x0110, 0x0110, 0x0110, 0x0110, 0x0110, 0x0110, 0x0110, 0x0110, 0x0130,
  0x0130, 0x0130, 0x0131, 0x0151, 0x2191, 0x00D1, 0x0012, 0x83F1, 0xED8A, 0xFD60, 0xFCC0, 0xFDF1,
  0xF6D8, 0xEE96, 0xED6D, 0xF4C0, 0xFD40, 0xFDA2, 0xE58D, 0x9C71, 0x32B3, 0x0073, 0x0031, 0x1971,
  0x21B0, 0x0150, 0x012F, 0x012F, 0x012E, 0x012E, 0x012E, 0x012E, 0x012E, 0x012E, 0x012E, 0x012E,
  0x092D, 0x092D, 0x092D, 0x090D, 0x092D, 0x092D, 0x092D, 0x090D, 0x090D, 0x090D, 0x090D, 0x090D,
  0x090C, 0x090C, 0x090C, 0x090C, 0x090C, 0x090C, 0x110C, 0x110C, 0x110C, 0x110C, 0x110C, 0x110C,
  0x110C, 0x110C, 0x110C, 0x110B, 0x110B, 0x110B, 0x110B, 0x110B, 0x110A, 0x110A, 0x110A, 0x190A,
  0x18EA, 0x18EA, 0x18EA, 0x18EA, 0x18EA, 0x18EA, 0x18E9, 0x18E9, 0x18E9, 0x18E9, 0x18E9, 0x18E9,
  0x20E9, 0x20E9, 0x20E9, 0x20E9, 0x20E8, 0x20E8, 0x28E8, 0x28E8, 0x28E8, 0x28E8, 0x28E8, 0x28E8,
  0x3108, 0x3108, 0x3107, 0x3907, 0x3907, 0x3907, 0x3907, 0x4107, 0x4107, 0x4107, 0x4106, 0x4906,
  0x4906, 0x4906, 0x5106, 0x5126, 0x5926, 0x5926, 0x6126, 0x6126, 0x6946, 0x6946, 0x7965, 0x7945,
  0xCA43, 0xEAC1, 0xEAA1, 0xEAA1, 0xE281, 0xA9C4, 0x7145, 0x7145, 0x7945, 0x7145, 0xA9C3, 0xA1C4,
  0x7144, 0x7944, 0x7944, 0x8144, 0x8164, 0x8963, 0x9163, 0x9183, 0xB1C2, 0xB9C2, 0xB9E2, 0xB9E2,
  0xC201, 0xCA01, 0xCA01, 0xD221, 0xDA40, 0xE260, 0xE260, 0xEA80, 0xF2A0, 0xFAE0, 0xFB00, 0xFB40,
  0xFBE0, 0xFC60, 0xFC20, 0xFC00, 0xFC40, 0xFC40, 0xFC60, 0xFC60, 0xFCA0, 0xFCC0, 0xFCE0, 0xFCE0,
  0xFD20, 0xFD40, 0xFD60, 0xFDA0, 0xFDC0, 0xFE00, 0xFE25, 0xFE60, 0xFF26, 0xFFDB, 0xFFFF, 0xFFFF,
  0xFFFF, 0xFFFE, 0xFFB1, 0xFF20, 0xFEA4, 0xFE40, 0xFE00, 0xFDC0, 0xFDA0, 0xFF48, 0xFE65, 0xFD40,
  0xFD80, 0xFD80, 0xFD40, 0xFDC2,
  0x0110, 0x000E, 0x000B, 0x008E, 0x04BB, 0x0396, 0x000C, 0x016F, 0x00CE, 0x008E, 0x00AF, 0x0316,
  0x0214, 0x000D, 0x000C, 0x00AE, 0x00EE, 0x00CE, 0x006D, 0x0214, 0x02D8, 0x006E, 0x00CF, 0x00EF,
  0x0110, 0x0110, 0x00EF, 0x00EF, 0x0110, 0x0110, 0x0111, 0x0131, 0x0132, 0x0152, 0x0174, 0x01B5,
  0x01D7, 0x029A, 0x03FE, 0x043F, 0x047F, 0x2D3F, 0x065F, 0x8F7F, 0xDFFF, 0xBFBF, 0x9F9F, 0x879F,
  0xB7BF, 0xF7FF, 0xFFFF, 0xF7FF, 0xFFFF, 0xFFFF, 0xFFFF, 0xFFFF, 0xF7FF, 0xF7FF, 0xF7FF, 0xFFFF,
  0x973F, 0x05BF, 0x04BF, 0x0C3F, 0x039E, 0x033E, 0x02FD, 0x02BD, 0x029C, 0x027C, 0x023B, 0x023B,
  0x021B, 0x021A, 0x01FA, 0x01FA, 0x01FA, 0x01FA, 0x01FA, 0x01FA, 0x01FA, 0x01FA, 0x01FA, 0x01DA,
  0x01DA, 0x01DA, 0x01DA, 0x01DA, 0x01DA, 0x01DA, 0x01DA, 0x01DA, 0x01DA, 0x01D9, 0x01D9, 0x01DA,
  0x01DA, 0x01DA, 0x01DA, 0x01DA, 0x01B9, 0x01BA, 0x01DA, 0x01B9, 0x01B9, 0x021C, 0x01D9, 0x0113,
  0x0154, 0x0133, 0x0133, 0x0133, 0x0132, 0x0132, 0x0112, 0x0112, 0x0112, 0x0112, 0x0112, 0x0112,
  0x0112, 0x0111, 0x0111, 0x0111, 0x0111, 0x0111, 0x0111, 0x0111, 0x0111, 0x0111, 0x0111, 0x0111,
  0x0111, 0x0111, 0x0111, 0x0111, 0x0111, 0x0132, 0x0111, 0x0110, 0x0110, 0x0110, 0x0110, 0x0110,
  0x0110, 0x00F0, 0x00F0, 0x00F0, 0x00F0, 0x00F0, 0x00F0, 0x0110, 0x0110, 0x00F0, 0x0110, 0x0110,
  0x0110, 0x00F0, 0x0110, 0x0110, 0x0110, 0x0110, 0x0110, 0x0110, 0x0111, 0x0111, 0x0131, 0x0131,
  0x0112, 0x1992, 0x21B3, 0x0012, 0x0013, 0x7C17, 0xDEDD, 0xFFFF, 0xFFFF, 0xFFDF, 0xFFFF, 0xF7BE,
  0xEF7D, 0xF7BF, 0xFFFF, 0xFFFF, 0xDEFD, 0x73D7, 0x0013, 0x00F3, 0x29D3, 0x0132, 0x0132, 0x0132,
  0x0131, 0x0131, 0x0131, 0x0131, 0x0131, 0x0131, 0x0131, 0x0131, 0x0131, 0x0131, 0x0131, 0x0131,
  0x0131, 0x0131, 0x0171, 0x2991, 0x0052, 0x0172, 0xA450, 0xFD67, 0xFD41, 0xF480, 0xFDF1, 0xFFDE,
  0xFFFF, 0xFFDF, 0xE73D, 0xE5D2, 0xF4E0, 0xFD00, 0xFD60, 0xFDC5, 0xDD8D, 0x9431, 0x1252, 0x0011,
  0x0070, 0x2190, 0x218F, 0x014F, 0x012F, 0x092E, 0x092E, 0x092E, 0x092E, 0x092E, 0x092E, 0x092D,
  0x092D, 0x092D, 0x092D, 0x092D, 0x092D, 0x092D, 0x092D, 0x092D, 0x092D, 0x092D, 0x092D, 0x092D,
  0x090C, 0x090C, 0x090C, 0x090C, 0x090C, 0x090C, 0x110C, 0x110C, 0x110C, 0x110C, 0x110C, 0x110C,
  0x110C, 0x110C, 0x110B, 0x110B, 0x110B, 0x110B, 0x110B, 0x110B, 0x110B, 0x110A, 0x190A, 0x190A,
  0x190A, 0x190A, 0x18EA, 0x18EA, 0x18EA, 0x18EA, 0x18E9, 0x18E9, 0x18E9, 0x18E9, 0x18E9, 0x20E9,
  0x20E9, 0x20E9, 0x20E9, 0x20E9, 0x20E8, 0x28E8, 0x28E8, 0x28E8, 0x28E8, 0x28E8, 0x28E8, 0x3108,
  0x3108, 0x3107, 0x3907, 0x3907, 0x3907, 0x3907, 0x4107, 0x4107, 0x4107, 0x4107, 0x4906, 0x4906,
  0x4926, 0x5126, 0x5126, 0x5926, 0x5926, 0x6126, 0x6126, 0x6945, 0x6946, 0x7166, 0x7945, 0xA9E4,
  0xF2E1, 0xFB00, 0xF2E1, 0xF2C0, 0xD242, 0x8164, 0x7145, 0x7145, 0x7145, 0x8984, 0xB9E3, 0x7965,
  0x7144, 0x7944, 0x7944, 0x8164, 0x8164, 0x8963, 0x9163, 0xA1A3, 0xB1C2, 0xB9C2, 0xB9E2, 0xB9E2,
  0xC201, 0xCA01, 0xCA01, 0xD220, 0xDA40, 0xE260, 0xEA80, 0xEAA0, 0xF2C0, 0xFAE0, 0xFB20, 0xFBC0,
  0xFC60, 0xFC40, 0xFBE0, 0xFC20, 0xFC40, 0xFC40, 0xFC60, 0xFC80, 0xFCA0, 0xFCC0, 0xFCE0, 0xFD00,
  0xFD20, 0xFD40, 0xFD60, 0xFDA0, 0xFDE0, 0xFE01, 0xFE44, 0xFEC0, 0xFFB5, 0xFFFF, 0xFFFF, 0xFFFF,
  0xFFFF, 0xFFB6, 0xFF40, 0xFEC2, 0xFE62, 0xFE20, 0xFDE0, 0xFDE0, 0xFDC0, 0xFDA1, 0xFD60, 0xFD60,
  0xFD60, 0xFD60, 0xFD40, 0xFDC1,
  0x010F, 0x012F, 0x016F, 0x008E, 0x04BB, 0x03F9, 0x000D, 0x000D, 0x00AE, 0x00EF, 0x00AF, 0x000B,
  0x000C, 0x0252, 0x0357, 0x00AE, 0x00CE, 0x00EE, 0x00EE, 0x000D, 0x000C, 0x010F, 0x00CF, 0x00CF,
  0x0110, 0x00EF, 0x00EF, 0x0110, 0x0110, 0x0110, 0x0131, 0x0131, 0x0152, 0x0153, 0x0174, 0x01B6,
  0x01D8, 0x031C, 0x03FF, 0x03DF, 0x045F, 0x24DF, 0x05BF, 0x06FF, 0xC7DF, 0xDFFF, 0xAFBF, 0x979F,
  0xA7BF, 0xEFFF, 0xFFFF, 0xFFFF, 0xFFFF, 0xFFFF, 0xFFFF, 0xFFFF, 0xF7FF, 0xF7FF, 0xFFFF, 0xE7DF,
  0x469F, 0x055F, 0x1C9F, 0x03FF, 0x037E, 0x033E, 0x02FD, 0x02BD, 0x029C, 0x025C, 0x025B, 0x023B,
  0x021B, 0x021B, 0x021B, 0x01FA, 0x01FA, 0x01FA, 0x01FB, 0x01FB, 0x01FA, 0x01FA, 0x01FA, 0x01FA,
  0x01FA, 0x01FA, 0x01FA, 0x01DA, 0x01DA, 0x01DA, 0x01DA, 0x01DA, 0x01DA, 0x01DA, 0x01DA, 0x01DA,
  0x01DA, 0x01DA, 0x01BA, 0x01BA, 0x01B9, 0x01B9, 0x01B9, 0x01B9, 0x01FB, 0x01FA, 0x0113, 0x0134,
  0x0133, 0x0133, 0x0133, 0x0133, 0x0133, 0x0132, 0x0112, 0x0112, 0x0112, 0x0112, 0x0112, 0x0112,
  0x0112, 0x0111, 0x0111, 0x0111, 0x0111, 0x0111, 0x0111, 0x0111, 0x0111, 0x0111, 0x0111, 0x0111,
  0x0111, 0x0111, 0x0111, 0x0111, 0x0132, 0x0132, 0x0111, 0x0110, 0x0110, 0x0110, 0x0110, 0x0110,
  0x0110, 0x0110, 0x0110, 0x0110, 0x00F0, 0x0110, 0x0110, 0x0110, 0x0110, 0x0110, 0x0110, 0x0110,
  0x0110, 0x0110, 0x0110, 0x0110, 0x0110, 0x0111, 0x0111, 0x0111, 0x0111, 0x0131, 0x0132, 0x0152,
  0x29D3, 0x0113, 0x0013, 0x3255, 0xB5DB, 0xFFDF, 0xFFFF, 0xFFDF, 0xFFDF, 0xFFFF, 0xE73C, 0x9471,
  0x736D, 0xA534, 0xE71C, 0xFFDF, 0xFFFF, 0xF7BF, 0x9D1A, 0x0015, 0x0013, 0x29F4, 0x1193, 0x0133,
  0x0152, 0x0132, 0x0132, 0x0131, 0x0131, 0x0131, 0x0131, 0x0131, 0x0131, 0x0131, 0x0131, 0x0151,
  0x0131, 0x0972, 0x2992, 0x0012, 0x0212, 0xB48F, 0xFD63, 0xFD00, 0xFD27, 0xFCE0, 0xFE11, 0xFFDE,
  0xFFFF, 0xFFFF, 0xFFFF, 0xF6B8, 0xFD00, 0xFD40, 0xFD45, 0xFD00, 0xFD60, 0xFDA5, 0xD52E, 0x83D0,
  0x01F1, 0x0011, 0x00D0, 0x29AF, 0x198F, 0x094E, 0x114E, 0x114E, 0x094E, 0x092E, 0x092D, 0x092D,
  0x092D, 0x112D, 0x112D, 0x112D, 0x112D, 0x112D, 0x112D, 0x112D, 0x112D, 0x112D, 0x112C, 0x112C,
  0x112C, 0x112C, 0x112C, 0x110C, 0x110C, 0x110C, 0x110C, 0x110C, 0x110C, 0x110C, 0x110C, 0x110C,
  0x110C, 0x110C, 0x110B, 0x110B, 0x110B, 0x110B, 0x110B, 0x110B, 0x110B, 0x110A, 0x190A, 0x190A,
  0x190A, 0x190A, 0x190A, 0x190A, 0x190A, 0x190A, 0x18EA, 0x18E9, 0x18E9, 0x18E9, 0x20E9, 0x20E9,
  0x20E9, 0x20E9, 0x2109, 0x20E9, 0x28E9, 0x28E8, 0x28E8, 0x28E8, 0x28E8, 0x30E8, 0x3108, 0x3108,
  0x3107, 0x3907, 0x3907, 0x3907, 0x4107, 0x4107, 0x4107, 0x4107, 0x4107, 0x4907, 0x4926, 0x4926,
  0x4926, 0x5126, 0x5126, 0x5926, 0x6126, 0x6125, 0x6945, 0x6945, 0x7145, 0x7165, 0x8944, 0xE2C1,
  0xFB40, 0xFB20, 0xFB20, 0xF2E0, 0xA9C4, 0x7145, 0x7145, 0x7145, 0x7165, 0xB1E3, 0x99A4, 0x6925,
  0x7144, 0x7944, 0x7944, 0x8164, 0x8164, 0x8963, 0x9183, 0xB1C2, 0xB1C2, 0xB1E2, 0xB9E2, 0xC1E2,
  0xC201, 0xCA01, 0xCA21, 0xDA40, 0xE240, 0xE260, 0xEA80, 0xF2A0, 0xFAC0, 0xFAE0, 0xFBA0, 0xFC60,
  0xFC40, 0xFBE0, 0xFC00, 0xFC20, 0xFC40, 0xFC40, 0xFC60, 0xFC80, 0xFCA0, 0xFCC0, 0xFCE0, 0xFD00,
  0xFD20, 0xFD60, 0xFD80, 0xFDC0, 0xFE00, 0xFE25, 0xFE80, 0xFF4C, 0xFFFD, 0xFFFF, 0xFFFE, 0xFFFF,
  0xFFDA, 0xFF67, 0xFEE0, 0xFE84, 0xFE00, 0xFDE0, 0xFD80, 0xFDE0, 0xFDC1, 0xFD20, 0xFD40, 0xFD60,
  0xFD60, 0xFD40, 0xFD00, 0xFDC0,
  0x000D, 0x00CE, 0x00AE, 0x008E, 0x000E, 0x0010, 0x01D3, 0x0274, 0x006F, 0x00CE, 0x00EE, 0x014F,
  0x000D, 0x02F5, 0x04BD, 0x0190, 0x000C, 0x014F, 0x00EF, 0x010F, 0x0110, 0x00CF, 0x01F5, 0x0215,
  0x006D, 0x0110, 0x0110, 0x0110, 0x0110, 0x0110, 0x0131, 0x0131, 0x0152, 0x0174, 0x01B5, 0x0197,
  0x0239, 0x037D, 0x039F, 0x03BE, 0x043F, 0x04BF, 0x2D5F, 0x067F, 0x8F9F, 0xE7FF, 0xCFDF, 0xA7BF,
  0x9FBF, 0xDFDF, 0xFFFF, 0xFFFF, 0xFFFF, 0xFFFF, 0xFFFF, 0xFFFF, 0xFFFF, 0xF7FF, 0xFFFF, 0xB77F,
  0x05FF, 0x04FF, 0x145F, 0x03DF, 0x037E, 0x031E, 0x02DD, 0x02BD, 0x027C, 0x025C, 0x023B, 0x023B,
  0x021B, 0x021B, 0x021B, 0x01FA, 0x01FB, 0x01FB, 0x01FB, 0x01FB, 0x01FB, 0x01FA, 0x01FA, 0x01FA,
  0x01FA, 0x01DA, 0x01FA, 0x01FA, 0x01DA, 0x01DA, 0x01DA, 0x01DA, 0x01DA, 0x01DA, 0x01DA, 0x01DA,
  0x01DA, 0x01B9, 0x01B9, 0x01B9, 0x01B9, 0x01B9, 0x01B8, 0x01DA, 0x021B, 0x0154, 0x0133, 0x0134,
  0x0133, 0x0133, 0x0133, 0x0133, 0x0133, 0x0132, 0x0112, 0x0112, 0x0112, 0x0112, 0x0112, 0x0112,
  0x0111, 0x0111, 0x0111, 0x0111, 0x0111, 0x0111, 0x0111, 0x0111, 0x0111, 0x0111, 0x0111, 0x0111,
  0x0111, 0x0111, 0x0111, 0x0112, 0x0132, 0x0111, 0x0111, 0x0111, 0x0111, 0x0111, 0x0111, 0x0111,
  0x0111, 0x0111, 0x0111, 0x0111, 0x0111, 0x0111, 0x0111, 0x0111, 0x0111, 0x0111, 0x0111, 0x0111,
  0x0111, 0x0111, 0x0111, 0x0111, 0x0111, 0x0111, 0x0111, 0x0131, 0x0132, 0x0132, 0x1173, 0x21D4,
  0x0013, 0x0014, 0x8458, 0xDEFE, 0xFFFF, 0xFFFF, 0xFFDF, 0xFFFF, 0xFFFF, 0xFFFF, 0x9CF3, 0x0000,
  0x29A7, 0x0000, 0x5AEB, 0xEF7D, 0xFFFF, 0xFFFF, 0xFFFF, 0xC61C, 0x3256, 0x0014, 0x19D5, 0x21D4,
  0x0133, 0x0153, 0x0152, 0x0152, 0x0152, 0x0152, 0x0152, 0x0152, 0x0152, 0x0152, 0x0152, 0x0152,
  0x1992, 0x2172, 0x0012, 0x3AB2, 0xCCCC, 0xFD40, 0xFCE0, 0xFD03, 0xFD22, 0xFD20, 0xFCC0, 0xFDF2,
  0xFF3A, 0xFF7B, 0xFED7, 0xFD6B, 0xFD00, 0xFD42, 0xFD40, 0xFD43, 0xFD04, 0xFD00, 0xFD60, 0xFDA9,
  0xCD0E, 0x7390, 0x0170, 0x0010, 0x192F, 0x29AE, 0x194E, 0x114E, 0x114E, 0x114D, 0x114D, 0x114D,
  0x114D, 0x114D, 0x112D, 0x112D, 0x112D, 0x112D, 0x112D, 0x112D, 0x112D, 0x112C, 0x112C, 0x112C,
  0x112C, 0x112C, 0x112C, 0x112C, 0x110C, 0x112C, 0x110C, 0x110C, 0x110C, 0x110C, 0x110C, 0x110C,
  0x110C, 0x110B, 0x110B, 0x110B, 0x110B, 0x110B, 0x110B, 0x110B, 0x110B, 0x190B, 0x190A, 0x190A,
  0x190A, 0x190A, 0x190A, 0x190A, 0x190A, 0x190A, 0x18EA, 0x1909, 0x18E9, 0x20E9, 0x20E9, 0x20E9,
  0x20E9, 0x20E9, 0x20E9, 0x28E8, 0x28E8, 0x2908, 0x2908, 0x28E8, 0x3108, 0x3108, 0x3108, 0x3907,
  0x3907, 0x3907, 0x3907, 0x4107, 0x4107, 0x4107, 0x4127, 0x4927, 0x4927, 0x4927, 0x4926, 0x4926,
  0x5126, 0x5126, 0x5926, 0x5926, 0x6126, 0x6125, 0x6945, 0x6945, 0x7165, 0x6925, 0xC223, 0xFBA0,
  0xFBA0, 0xFB80, 0xFB80, 0xD282, 0x7945, 0x7145, 0x7165, 0x6945, 0x99A4, 0xB1E3, 0x6945, 0x7145,
  0x7144, 0x7944, 0x7964, 0x8164, 0x8964, 0x8983, 0xA1A3, 0xB1C2, 0xB1C2, 0xB9E2, 0xB9E2, 0xC1E2,
  0xC201, 0xCA01, 0xD221, 0xDA40, 0xE260, 0xE280, 0xEAA0, 0xF2C0, 0xFAC0, 0xFB80, 0xFC40, 0xFC40,
  0xFBE0, 0xFBE0, 0xFC20, 0xFC20, 0xFC40, 0xFC60, 0xFC60, 0xFCA0, 0xFCC0, 0xFCE0, 0xFD00, 0xFD20,
  0xFD40, 0xFD60, 0xFDA0, 0xFDC0, 0xFE03, 0xFE60, 0xFEE0, 0xFFB7, 0xFFFF, 0xFFFF, 0xFFFF, 0xFFFD,
  0xFF8E, 0xFEE0, 0xFE85, 0xFE40, 0xFE00, 0xFDA0, 0xFE66, 0xFE04, 0xFD20, 0xFD41, 0xFD61, 0xFD00,
  0xFE04, 0xFE84, 0xFE02, 0xFDC0,
  0x0130, 0x000E, 0x00EF, 0x00EF, 0x010F, 0x000E, 0x0357, 0x051F, 0x01D2, 0x002D, 0x014F, 0x00AE,
  0x00AE, 0x008E, 0x0191, 0x0150, 0x00D0, 0x000E, 0x00CF, 0x00EF, 0x00CF, 0x00CE, 0x01F4, 0x0257,
  0x006D, 0x00EF, 0x00EF, 0x0110, 0x0110, 0x0111, 0x0131, 0x0132, 0x0153, 0x0174, 0x01B5, 0x0197,
  0x02DB, 0x039E, 0x035E, 0x03BE, 0x041F, 0x049F, 0x255F, 0x061F, 0x171F, 0xCFDF, 0xE7FF, 0xB7DF,
  0x9FBF, 0xCFDF, 0xFFFF, 0xFFFF, 0xFFFF, 0xFFFF, 0xFFFF, 0xFFFF, 0xF7FF, 0xFFFF, 0xF7FF, 0x6EFF,
  0x059F, 0x1CBF, 0x041F, 0x03BF, 0x035E, 0x02FD, 0x02DD, 0x029C, 0x027C, 0x025C, 0x023B, 0x023B,
  0x021B, 0x021B, 0x021B, 0x01FB, 0x01FB, 0x021B, 0x01FB, 0x01FB, 0x01FB, 0x01FB, 0x01FB, 0x01FA,
  0x01FA, 0x01DA, 0x01DA, 0x01DA, 0x01DA, 0x01DA, 0x01DA, 0x01DA, 0x01DA, 0x01DA, 0x01DA, 0x01DA,
  0x01BA, 0x01B9, 0x01B9, 0x01B9, 0x01B9, 0x01B9, 0x01DA, 0x021B, 0x0175, 0x0113, 0x0154, 0x0133,
  0x0133, 0x0133, 0x0133, 0x0133, 0x0132, 0x0132, 0x0112, 0x0112, 0x0112, 0x0112, 0x0112, 0x0112,
  0x0111, 0x0111, 0x0111, 0x0111, 0x0111, 0x0111, 0x0111, 0x0111, 0x0111, 0x0111, 0x0111, 0x0111,
  0x0111, 0x0111, 0x0111, 0x0132, 0x0111, 0x0111, 0x0111, 0x0111, 0x0111, 0x0111, 0x0111, 0x0111,
  0x0111, 0x0111, 0x0111, 0x0111, 0x0111, 0x0111, 0x0111, 0x0111, 0x0111, 0x0111, 0x0111, 0x0111,
  0x0111, 0x0111, 0x0111, 0x0111, 0x0131, 0x0131, 0x0132, 0x0132, 0x0132, 0x1193, 0x1194, 0x0013,
  0x3A76, 0xB5DB, 0xFFDF, 0xFFFF, 0xFFFF, 0xFFFF, 0xFFFF, 0xFFFF, 0xFFFF, 0xFFFF, 0xCE79, 0x5B0C,
  0x6BD0, 0x4AAB, 0x0083, 0xE71C, 0xFFFF, 0xF7BF, 0xFFFF, 0xFFFF, 0xDEFD, 0x6BB8, 0x0015, 0x0195,
  0x2A15, 0x0154, 0x0173, 0x0173, 0x0153, 0x0152, 0x0152, 0x0153, 0x0152, 0x0152, 0x0152, 0x19B2,
  0x1952, 0x0013, 0x5B32, 0xDD2C, 0xFD40, 0xFCE4, 0xFD04, 0xFD00, 0xFD20, 0xFD22, 0xFD00, 0xFCA0,
  0xFD00, 0xFD26, 0xFC80, 0xFCC0, 0xFD24, 0xFD20, 0xFD20, 0xFD20, 0xFD21, 0xFD44, 0xFCE0, 0xFCC0,
  0xFD40, 0xF5A7, 0xBCCD, 0x632F, 0x006F, 0x008E, 0x31AE, 0x196E, 0x114D, 0x194D, 0x194D, 0x194D,
  0x194D, 0x194D, 0x194D, 0x194D, 0x194D, 0x192D, 0x194C, 0x192C, 0x112C, 0x112C, 0x112C, 0x112C,
  0x112C, 0x112C, 0x112C, 0x112C, 0x112C, 0x112C, 0x110C, 0x110C, 0x110C, 0x110C, 0x110C, 0x110C,
  0x110C, 0x110B, 0x110B, 0x110B, 0x110B, 0x110B, 0x110B, 0x110B, 0x190B, 0x190B, 0x190A, 0x190A,
  0x190A, 0x190A, 0x190A, 0x190A, 0x190A, 0x190A, 0x1909, 0x1909, 0x20E9, 0x20E9, 0x20E9, 0x20E9,
  0x2109, 0x2109, 0x2909, 0x2908, 0x2908, 0x2908, 0x2908, 0x3108, 0x3108, 0x3108, 0x3908, 0x3907,
  0x3907, 0x3907, 0x3907, 0x4107, 0x4107, 0x4127, 0x4927, 0x4927, 0x4927, 0x4927, 0x4926, 0x5126,
  0x5126, 0x5926, 0x5926, 0x5926, 0x6126, 0x6125, 0x6925, 0x7145, 0x7185, 0x8904, 0xEB41, 0xFC20,
  0xFC00, 0xFC00, 0xFB60, 0xA1C4, 0x6945, 0x7165, 0x7145, 0x7165, 0xB9E3, 0x8984, 0x6125, 0x7145,
  0x7144, 0x7944, 0x7964, 0x8164, 0x8964, 0x9983, 0xA9C2, 0xB1C2, 0xB1C2, 0xB9E2, 0xB9E2, 0xC1E2,
  0xC201, 0xCA01, 0xD221, 0xDA20, 0xE260, 0xEA80, 0xEAA0, 0xFAC0, 0xFB40, 0xFC40, 0xFC60, 0xFBE0,
  0xFBC0, 0xFC00, 0xFC20, 0xFC20, 0xFC40, 0xFC60, 0xFC80, 0xFCA0, 0xFCC0, 0xFCE0, 0xFD00, 0xFD40,
  0xFD60, 0xFD80, 0xFDA0, 0xFDC0, 0xFE25, 0xFEA0, 0xFF70, 0xFFFE, 0xFFFF, 0xFFFF, 0xFFFF, 0xFFB3,
  0xFF20, 0xFEA4, 0xFE41, 0xFE00, 0xFDC0, 0xFDA0, 0xFEEA, 0xFE26, 0xFD20, 0xFD40, 0xFD41, 0xFCE0,
  0xFDE4, 0xFFED, 0xFF09, 0xFD80,
  0x051D, 0x01D1, 0x00EF, 0x0150, 0x010F, 0x008F, 0x01F2, 0x041A, 0x0213, 0x000D, 0x004E, 0x00EF,
  0x00CE, 0x00CE, 0x000D, 0x00D0, 0x0237, 0x01F5, 0x006D, 0x00EF, 0x00CE, 0x00CE, 0x006D, 0x00AE,
  0x0110, 0x0110, 0x00EF, 0x00EF, 0x0131, 0x0131, 0x0132, 0x0152, 0x0153, 0x0194, 0x0175, 0x0218,
  0x033D, 0x035E, 0x035E, 0x039F, 0x03FF, 0x047F, 0x051F, 0x35BF, 0x069F, 0x979F, 0xEFFF, 0xCFDF,
  0xA7DF, 0xBFDF, 0xF7FF, 0xFFFF, 0xFFFF, 0xFFFF, 0xFFFF, 0xFFFF, 0xF7FF, 0xFFFF, 0xCFBF, 0x067F,
  0x053F, 0x1C7F, 0x03FF, 0x037E, 0x033E, 0x02FD, 0x02BD, 0x029C, 0x027C, 0x025C, 0x023B, 0x023B,
  0x023B, 0x021B, 0x021B, 0x021B, 0x021B, 0x021B, 0x01FB, 0x01FB, 0x01FB, 0x01FB, 0x01FB, 0x01FA,
  0x01FA, 0x01FA, 0x01DA, 0x01FA, 0x01DA, 0x01DA, 0x01DA, 0x01DA, 0x01DA, 0x01DA, 0x01DA, 0x01DA,
  0x01D9, 0x01B9, 0x01B9, 0x01D9, 0x01B9, 0x01B9, 0x021B, 0x01B7, 0x00F2, 0x0154, 0x0133, 0x0133,
  0x0133, 0x0133, 0x0133, 0x0132, 0x0132, 0x0132, 0x0112, 0x0112, 0x0112, 0x0112, 0x0112, 0x0112,
  0x0112, 0x0111, 0x0111, 0x0111, 0x0111, 0x0111, 0x0111, 0x0111, 0x0111, 0x0111, 0x0111, 0x0111,
  0x0111, 0x0111, 0x0132, 0x0132, 0x0111, 0x0111, 0x0111, 0x0111, 0x0111, 0x0111, 0x0111, 0x0111,
  0x0111, 0x0111, 0x0111, 0x0111, 0x0111, 0x0111, 0x0112, 0x0112, 0x0112, 0x0112, 0x0112, 0x0132,
  0x0132, 0x0132, 0x0132, 0x0132, 0x0132, 0x0132, 0x0132, 0x0132, 0x0973, 0x0174, 0x0014, 0x7C18,
  0xDF1E, 0xFFFF, 0xFFFF, 0xFFFF, 0xFFFF, 0xFFFF, 0xFFFF, 0xFFFF, 0xFFFF, 0xFFFF, 0xFFFF, 0xDEDB,
  0xAD96, 0x9D14, 0xCE59, 0xFFFF, 0xFFFF, 0xFFFF, 0xFFDF, 0xFFDF, 0xFFFF, 0xF7BF, 0x94FA, 0x0016,
  0x00B6, 0x2A36, 0x0194, 0x0174, 0x0173, 0x0173, 0x0173, 0x0173, 0x0173, 0x0173, 0x1993, 0x0133,
  0x00B3, 0x73B1, 0xE56B, 0xFD20, 0xFCA0, 0xFD00, 0xFD21, 0xFD23, 0xFD00, 0xFD00, 0xFD02, 0xFD46,
  0xFCE0, 0xFCA0, 0xFCE0, 0xFCE0, 0xFCE0, 0xFD02, 0xFD00, 0xFD01, 0xFD00, 0xFCE0, 0xFD46, 0xFDAD,
  0xFD49, 0xFD20, 0xFD80, 0xED69, 0xAC6C, 0x11AE, 0x006D, 0x298D, 0x216D, 0x194D, 0x216D, 0x216D,
  0x216D, 0x216D, 0x214C, 0x214C, 0x214C, 0x194C, 0x194C, 0x194C, 0x194C, 0x192C, 0x192C, 0x192C,
  0x192C, 0x192C, 0x192C, 0x112C, 0x112C, 0x112C, 0x112C, 0x112C, 0x110C, 0x110C, 0x110C, 0x110C,
  0x110B, 0x110B, 0x190B, 0x190B, 0x190B, 0x190B, 0x190B, 0x190B, 0x190B, 0x190A, 0x190A, 0x190A,
  0x190A, 0x190A, 0x190A, 0x190A, 0x190A, 0x190A, 0x2109, 0x2109, 0x20E9, 0x20E9, 0x2109, 0x2109,
  0x2109, 0x2909, 0x2909, 0x2908, 0x2908, 0x2908, 0x3108, 0x3108, 0x30E8, 0x3108, 0x3907, 0x3907,
  0x3907, 0x3907, 0x3907, 0x4107, 0x4127, 0x4927, 0x4927, 0x4927, 0x4927, 0x5127, 0x5127, 0x5126,
  0x5126, 0x5926, 0x5926, 0x6126, 0x6126, 0x6945, 0x6945, 0x7165, 0x7145, 0xC203, 0xFC40, 0xFC80,
  0xFC60, 0xFC40, 0xD2A2, 0x7945, 0x7165, 0x7965, 0x6145, 0xA1C4, 0xA9C4, 0x5925, 0x6945, 0x7145,
  0x7144, 0x7964, 0x8164, 0x8164, 0x8983, 0xA1A3, 0xA9C2, 0xB1C2, 0xB1E2, 0xB9E2, 0xB9E2, 0xC1E2,
  0xC201, 0xCA21, 0xD221, 0xDA40, 0xE260, 0xEA80, 0xF2A0, 0xFB00, 0xFC20, 0xFC60, 0xFBE0, 0xFBA0,
  0xFBE0, 0xFC00, 0xFC20, 0xFC20, 0xFC40, 0xFC60, 0xFC80, 0xFCC0, 0xFCE0, 0xFD00, 0xFD00, 0xFD40,
  0xFDA0, 0xFD80, 0xFDA0, 0xFE04, 0xFE60, 0xFF24, 0xFFDA, 0xFFFF, 0xFFFF, 0xFFFF, 0xFFD9, 0xFF40,
  0xFEC0, 0xFE64, 0xFE00, 0xFDE0, 0xFDE1, 0xFDE1, 0xFDA0, 0xFD60, 0xFD40, 0xFD40, 0xFD63, 0xFD00,
  0xFD84, 0xFF2D, 0xFDE8, 0xFD00,
  0x055E, 0x02B5, 0x000D, 0x000E, 0x00EF, 0x00EF, 0x000E, 0x000C, 0x006F, 0x00CF, 0x000E, 0x000C,
  0x00CE, 0x00EF, 0x0150, 0x000F, 0x0277, 0x045E, 0x01D2, 0x000D, 0x014F, 0x00CE, 0x010F, 0x00EF,
  0x00CF, 0x01B4, 0x01F6, 0x0111, 0x0131, 0x0152, 0x0132, 0x0152, 0x0173, 0x0194, 0x0176, 0x029A,
  0x033E, 0x031E, 0x035E, 0x039F, 0x03DF, 0x045F, 0x04FF, 0x2D7F, 0x061F, 0x273F, 0xD7FF, 0xEFFF,
  0xBFDF, 0xB7DF, 0xEFFF, 0xFFFF, 0xFFFF, 0xFFFF, 0xFFFF, 0xFFFF, 0xFFFF, 0xFFFF, 0x873F, 0x05FF,
  0x14FF, 0x045F, 0x03DF, 0x035E, 0x031E, 0x02DD, 0x02BD, 0x029C, 0x025C, 0x025C, 0x023B, 0x023B,
  0x023B, 0x021B, 0x021B, 0x021B, 0x021B, 0x021B, 0x021B, 0x01FB, 0x01FB, 0x01FB, 0x01FA, 0x01FB,
  0x01FA, 0x01FA, 0x01FA, 0x01FA, 0x01FA, 0x01FA, 0x01DA, 0x01DA, 0x01DA, 0x01DA, 0x01DA, 0x01DA,
  0x01D9, 0x01D9, 0x01D9, 0x01D9, 0x01B9, 0x01FB, 0x01D8, 0x00F2, 0x0154, 0x0133, 0x0133, 0x0133,
  0x0133, 0x0132, 0x0132, 0x0132, 0x0132, 0x0132, 0x0132, 0x0112, 0x0112, 0x0112, 0x0112, 0x0112,
  0x0112, 0x0111, 0x0111, 0x0112, 0x0111, 0x0111, 0x0111, 0x0111, 0x0111, 0x0111, 0x0111, 0x0111,
  0x0111, 0x0132, 0x0132, 0x0111, 0x0111, 0x0111, 0x0111, 0x0111, 0x0111, 0x0111, 0x0111, 0x0112,
  0x0112, 0x0112, 0x0112, 0x0132, 0x0132, 0x0132, 0x0132, 0x0132, 0x0133, 0x0133, 0x0133, 0x0133,
  0x0133, 0x0133, 0x0133, 0x0153, 0x0153, 0x0153, 0x0153, 0x0154, 0x19D5, 0x0014, 0x94D9, 0xF7BF,
  0xFFFF, 0xF7BE, 0xFFDF, 0xEF7D, 0xC638, 0xC618, 0xEF5D, 0xFFFF, 0xFFFF, 0xFFFF, 0xFFFF, 0xFFFF,
  0xFFFF, 0xFFDF, 0xFFFF, 0xFFFF, 0xFFFF, 0xFFFF, 0xFFFF, 0xFFFF, 0xFFDF, 0xFFFF, 0xFFFF, 0xBDFC,
  0x1218, 0x0016, 0x2A36, 0x19D5, 0x0174, 0x0194, 0x0194, 0x0194, 0x0194, 0x19B3, 0x0173, 0x0113,
  0x8BF0, 0xED68, 0xFCE0, 0xFCC0, 0xFD69, 0xFD25, 0xFCE0, 0xFD00, 0xFD02, 0xFD00, 0xFD03, 0xFCA0,
  0xFD07, 0xFE33, 0xFE75, 0xF5AF, 0xFCE0, 0xFCE0, 0xFD03, 0xFD23, 0xFCE0, 0xFDD0, 0xFF3A, 0xFFBD,
  0xFF7C, 0xF633, 0xFD00, 0xFD00, 0xFD82, 0xC569, 0x320C, 0x088D, 0x31AD, 0x298D, 0x298D, 0x298C,
  0x296C, 0x296C, 0x296C, 0x296C, 0x216C, 0x214C, 0x214C, 0x214C, 0x214C, 0x194C, 0x192C, 0x192C,
  0x192C, 0x192C, 0x192C, 0x192C, 0x192C, 0x192C, 0x192C, 0x192C, 0x192C, 0x112C, 0x110C, 0x110C,
  0x190B, 0x190B, 0x190B, 0x190B, 0x190B, 0x190B, 0x190B, 0x190B, 0x190B, 0x190A, 0x190A, 0x190A,
  0x190A, 0x190A, 0x190A, 0x190A, 0x190A, 0x210A, 0x2109, 0x2109, 0x2109, 0x2109, 0x2109, 0x2109,
  0x2909, 0x2909, 0x2909, 0x2908, 0x3108, 0x3108, 0x3108, 0x3108, 0x3108, 0x3907, 0x3907, 0x3907,
  0x3907, 0x3907, 0x4107, 0x4107, 0x4907, 0x4927, 0x4927, 0x4927, 0x5127, 0x5126, 0x5126, 0x5126,
  0x5926, 0x5926, 0x6126, 0x6146, 0x6946, 0x6945, 0x7145, 0x71A5, 0x88A4, 0xEB81, 0xFCE0, 0xFCC0,
  0xFCE0, 0xF3C0, 0xA164, 0x7145, 0x7165, 0x6945, 0x7984, 0xB9E3, 0x7145, 0x6925, 0x6945, 0x7145,
  0x7144, 0x7964, 0x8164, 0x8164, 0x9983, 0xA9C3, 0xA9C3, 0xB1C2, 0xB1C2, 0xB9E2, 0xB9E2, 0xC1E2,
  0xC201, 0xCA21, 0xD221, 0xDA40, 0xE280, 0xEA80, 0xFAC0, 0xFBE0, 0xFC60, 0xFBE0, 0xFB80, 0xFBC0,
  0xFBE0, 0xFC00, 0xFC20, 0xFC40, 0xFC40, 0xFC60, 0xFCA0, 0xFCC0, 0xFCE0, 0xFD20, 0xFD20, 0xFD20,
  0xFD60, 0xFDA0, 0xFDC0, 0xFE24, 0xFEC0, 0xFF93, 0xFFFF, 0xFFFF, 0xFFFF, 0xFFFC, 0xFF6B, 0xFEC0,
  0xFE65, 0xFE20, 0xFDE1, 0xFD60, 0xFE66, 0xFE66, 0xFD20, 0xFD20, 0xFD40, 0xFD41, 0xFD20, 0xFD00,
  0xFDA3, 0xFD60, 0xFCE0, 0xFD00,
  0x0133, 0x00D3, 0x0295, 0x0213, 0x004F, 0x00CF, 0x012F, 0x0130, 0x000E, 0x0252, 0x049B, 0x0293,
  0x000D, 0x012F, 0x00CF, 0x004F, 0x0171, 0x0399, 0x0214, 0x000C, 0x00EF, 0x00CF, 0x00EF, 0x00EF,
  0x00CE, 0x0173, 0x01F8, 0x0153, 0x0111, 0x0152, 0x0152, 0x0153, 0x0194, 0x0175, 0x01F8, 0x02DD,
  0x02FE, 0x02FE, 0x035E, 0x039F, 0x03BF, 0x043F, 0x04DF, 0x053F, 0x35BF, 0x06DF, 0xA7DF, 0xF7FF,
  0xD7DF, 0xB7DF, 0xE7FF, 0xFFFF, 0xFFFF, 0xFFFF, 0xFFFF, 0xFFFF, 0xFFFF, 0xDFDF, 0x36DF, 0x057F,
  0x249F, 0x041F, 0x039F, 0x035E, 0x02FD, 0x02BD, 0x029D, 0x027C, 0x025C, 0x025C, 0x023C, 0x023B,
  0x021B, 0x021B, 0x021B, 0x021B, 0x021B, 0x021B, 0x021B, 0x01FB, 0x01FB, 0x01FB, 0x01FB, 0x01FB,
  0x01FA, 0x01FA, 0x01FA, 0x01FA, 0x01FA, 0x01FA, 0x01FA, 0x01DA, 0x01DA, 0x01DA, 0x01DA, 0x01DA,
  0x01DA, 0x01DA, 0x01DA, 0x01B9, 0x01FB, 0x01FA, 0x0113, 0x0133, 0x0133, 0x0133, 0x0133, 0x0133,
  0x0133, 0x0133, 0x0132, 0x0132, 0x0132, 0x0132, 0x0132, 0x0132, 0x0112, 0x0112, 0x0112, 0x0112,
  0x0112, 0x0112, 0x0112, 0x0112, 0x0112, 0x0132, 0x0112, 0x0132, 0x0132, 0x0132, 0x0132, 0x0131,
  0x0132, 0x0132, 0x0111, 0x0111, 0x0111, 0x0111, 0x0111, 0x0111, 0x0111, 0x0111, 0x0112, 0x0112,
  0x0132, 0x0132, 0x0132, 0x0132, 0x0132, 0x0133, 0x0133, 0x0153, 0x0154, 0x0154, 0x0154, 0x0154,
  0x0154, 0x0154, 0x0154, 0x0154, 0x0154, 0x0154, 0x0154, 0x19D5, 0x0014, 0x7418, 0xEF9F, 0xFFFF,
  0xFFDF, 0xFFFF, 0xF7BE, 0x8410, 0x0000, 0x0000, 0x5ACB, 0xD6BA, 0xFFFF, 0xFFDF, 0xFFFF, 0xFFDF,
  0xFFFF, 0xFFFF, 0xFFFF, 0xFFFF, 0xFFFF, 0xFFFF, 0xFFFF, 0xFFFF, 0xFFFF, 0xFFFF, 0xFFFF, 0xFFFF,
  0xD6BD, 0x5B79, 0x0016, 0x1217, 0x2216, 0x0195, 0x01B4, 0x0194, 0x19B4, 0x01B4, 0x0154, 0x9BB0,
  0xF545, 0xFCE0, 0xF4E7, 0xFE95, 0xFF7C, 0xF71A, 0xEDB1, 0xFCC0, 0xFCE0, 0xFD25, 0xFCE0, 0xFD29,
  0xFF1A, 0xFFFF, 0xFFFF, 0xF7BE, 0xF696, 0xFD25, 0xFD00, 0xFD23, 0xFCC0, 0xFF7C, 0xFFFF, 0xFFFF,
  0xFFFF, 0xFFFF, 0xF5EF, 0xF4E0, 0xF460, 0xFEC8, 0xBDAC, 0x192D, 0x394D, 0x41CC, 0x39AC, 0x31AC,
  0x318C, 0x318C, 0x318C, 0x318C, 0x296C, 0x296C, 0x296C, 0x294C, 0x214C, 0x214C, 0x214C, 0x214C,
  0x194C, 0x192C, 0x192C, 0x192C, 0x192C, 0x192C, 0x192C, 0x192C, 0x192C, 0x192C, 0x190C, 0x190C,
  0x190B, 0x190B, 0x190B, 0x190B, 0x190B, 0x190B, 0x190B, 0x190B, 0x190B, 0x190B, 0x190B, 0x190A,
  0x190A, 0x190A, 0x190A, 0x210A, 0x210A, 0x210A, 0x2109, 0x2109, 0x2109, 0x2109, 0x2109, 0x2909,
  0x2909, 0x2908, 0x2908, 0x3108, 0x3108, 0x3108, 0x3108, 0x3108, 0x3908, 0x3907, 0x3907, 0x3907,
  0x3907, 0x4107, 0x4107, 0x4107, 0x4927, 0x4927, 0x4927, 0x4927, 0x4927, 0x5126, 0x5126, 0x5126,
  0x5926, 0x5926, 0x6126, 0x6946, 0x6946, 0x6946, 0x7165, 0x7165, 0xB1A3, 0xFCC0, 0xFD40, 0xFD20,
  0xFCE0, 0xD282, 0x7925, 0x6945, 0x7145, 0x5945, 0xA9C4, 0x91A4, 0x6125, 0x6945, 0x6945, 0x7145,
  0x7144, 0x7964, 0x8164, 0x8984, 0xA1A3, 0xA9A3, 0xA9C2, 0xB1C2, 0xB1E2, 0xB9E2, 0xB9E2, 0xC1E2,
  0xCA01, 0xD221, 0xD240, 0xDA60, 0xEA80, 0xF2A0, 0xFBC0, 0xFC60, 0xFC00, 0xFB60, 0xFB80, 0xFBC0,
  0xFBE0, 0xFC00, 0xFC20, 0xFC40, 0xFC60, 0xFC80, 0xFCC0, 0xFCC0, 0xFD00, 0xFD20, 0xFD20, 0xFD40,
  0xFD80, 0xFDA0, 0xFE05, 0xFE60, 0xFF29, 0xFFDB, 0xFFFF, 0xFFFF, 0xFFFF, 0xFFB2, 0xFF00, 0xFE84,
  0xFE20, 0xFDE0, 0xFDC0, 0xFDC0, 0xFDE3, 0xFDA3, 0xFD41, 0xFD40, 0xFD43, 0xFD00, 0xFDE9, 0xFEAA,
  0xFD40, 0xFCA0, 0xFD01, 0xFD00,
  0x0010, 0x0010, 0x04FC, 0x04DD, 0x000E, 0x0190, 0x00CF, 0x00EF, 0x000D, 0x0212, 0x053F, 0x043B,
  0x000D, 0x0170, 0x010F, 0x00EF, 0x008F, 0x000D, 0x004F, 0x00EE, 0x008D, 0x00CE, 0x00EF, 0x00EF,
  0x0110, 0x00EF, 0x00F0, 0x0132, 0x0132, 0x0152, 0x0152, 0x0153, 0x0174, 0x0175, 0x025A, 0x02FE,
  0x02DE, 0x031E, 0x033E, 0x037E, 0x03BF, 0x043F, 0x04BF, 0x04FF, 0x2D7F, 0x065F, 0x377F, 0xDFFF,
  0xEFFF, 0xB7FF, 0xD7FF, 0xFFFF, 0xFFFF, 0xFFFF, 0xFFFF, 0xFFFF, 0xFFFF, 0xA77F, 0x063F, 0x051F,
  0x147F, 0x03FF, 0x037E, 0x033E, 0x02FD, 0x02BD, 0x029C, 0x027C, 0x025C, 0x025C, 0x023C, 0x023B,
  0x021B, 0x021B, 0x021B, 0x021B, 0x021B, 0x021B, 0x021B, 0x021B, 0x01FB, 0x01FB, 0x01FB, 0x01FB,
  0x01FB, 0x01FA, 0x01FA, 0x01FA, 0x01FA, 0x01FA, 0x01DA, 0x01DA, 0x01DA, 0x01DA, 0x01DA, 0x01DA,
  0x01DA, 0x01DA, 0x01B9, 0x01DA, 0x021B, 0x0154, 0x0113, 0x0133, 0x0133, 0x0133, 0x0133, 0x0133,
  0x0133, 0x0133, 0x0132, 0x0132, 0x0132, 0x0132, 0x0112, 0x0132, 0x0112, 0x0112, 0x0112, 0x0112,
  0x0112, 0x0112, 0x0112, 0x0132, 0x0132, 0x0132, 0x0132, 0x0132, 0x0132, 0x0132, 0x0132, 0x0132,
  0x0132, 0x0132, 0x0111, 0x0111, 0x0111, 0x0111, 0x0112, 0x0112, 0x0112, 0x0132, 0x0132, 0x0132,
  0x0132, 0x0133, 0x0133, 0x0133, 0x0133, 0x0153, 0x0154, 0x0154, 0x0154, 0x0155, 0x0175, 0x0175,
  0x0175, 0x0176, 0x0176, 0x0176, 0x0176, 0x0175, 0x0995, 0x0155, 0x31F6, 0xC69D, 0xD75E, 0xFFDF,
  0xFFFF, 0xFFFF, 0xF7BE, 0x5ACB, 0x3A2A, 0x5B4D, 0x0000, 0x4A6A, 0xFFDF, 0xFFFF, 0xFFFF, 0xFFFF,
  0xFFFF, 0xFFFF, 0xFFFF, 0xFFFF, 0xFFFF, 0xFFFF, 0xFFFF, 0xFFFF, 0xFFFF, 0xF7BE, 0xFFFF, 0xFFFF,
  0xFFFF, 0xEF7E, 0x849A, 0x0018, 0x01F7, 0x1A16, 0x0195, 0x09B5, 0x21D4, 0x0175, 0x8272, 0xF460,
  0xFD20, 0xFCC0, 0xFEB6, 0xFFFF, 0xFFFF, 0xFFFF, 0xEFBF, 0xEDF3, 0xFCA0, 0xFD28, 0xFCA0, 0xFDCF,
  0xFFFF, 0xFFFF, 0xFFDF, 0xFFFF, 0xFFBE, 0xFD6B, 0xFCE0, 0xFD26, 0xFCA0, 0xFE97, 0xFFDF, 0xFFFF,
  0xFFFF, 0xFFBD, 0xFDCF, 0xFD20, 0xF460, 0xFEB0, 0xFF8D, 0x8BAB, 0x30AC, 0x49EC, 0x49CC, 0x41CC,
  0x41AC, 0x41AC, 0x41AB, 0x39AC, 0x398C, 0x318C, 0x316C, 0x316C, 0x296C, 0x296C, 0x294C, 0x214C,
  0x214C, 0x214C, 0x214C, 0x214C, 0x192C, 0x192C, 0x192C, 0x192C, 0x192C, 0x192C, 0x192C, 0x192B,
  0x190B, 0x190B, 0x190B, 0x212B, 0x212B, 0x210B, 0x210B, 0x210B, 0x210B, 0x210B, 0x210A, 0x210A,
  0x190A, 0x210A, 0x210A, 0x210A, 0x210A, 0x210A, 0x2109, 0x2109, 0x2109, 0x2109, 0x2909, 0x2909,
  0x2909, 0x2908, 0x2908, 0x3108, 0x3108, 0x3108, 0x3908, 0x3908, 0x3908, 0x3907, 0x3907, 0x3907,
  0x3907, 0x4107, 0x4107, 0x4907, 0x4927, 0x4927, 0x4927, 0x4927, 0x5127, 0x5126, 0x5126, 0x5926,
  0x5926, 0x6126, 0x6126, 0x6946, 0x6146, 0x6946, 0x79A5, 0x80A4, 0xE362, 0xFD80, 0xFD80, 0xFD80,
  0xF3E0, 0x9924, 0x6945, 0x7145, 0x6125, 0x8984, 0xA9C4, 0x6125, 0x6925, 0x6945, 0x7145, 0x7145,
  0x7944, 0x8164, 0x8164, 0x99A3, 0xA9A3, 0xA9C3, 0xA9C2, 0xB1C2, 0xB1C2, 0xB1E2, 0xB9E2, 0xC201,
  0xCA21, 0xD221, 0xDA40, 0xE260, 0xEA60, 0xFB80, 0xFC60, 0xFC00, 0xFB60, 0xFB60, 0xFBA0, 0xFBC0,
  0xFBE0, 0xFC00, 0xFC20, 0xFC60, 0xFC80, 0xFCA0, 0xFCC0, 0xFCE0, 0xFD00, 0xFD00, 0xFD20, 0xFD40,
  0xFD80, 0xFDC2, 0xFE22, 0xFEE0, 0xFFB6, 0xFFFF, 0xFFFF, 0xFFFF, 0xFFD7, 0xFF40, 0xFEA3, 0xFE42,
  0xFE21, 0xFDA0, 0xFE42, 0xFEC4, 0xFD60, 0xFCE0, 0xFD40, 0xFD41, 0xFD40, 0xFCA0, 0xFECE, 0xFF0E,
  0xFD20, 0xFCE0, 0xFD01, 0xFD02,
  0x0150, 0x000F, 0x0355, 0x03F9, 0x000E, 0x000C, 0x00AE, 0x00CF, 0x00CF, 0x000E, 0x0233, 0x02D6,
  0x000F, 0x000E, 0x000E, 0x010F, 0x00EF, 0x0150, 0x006E, 0x01D3, 0x0319, 0x0110, 0x00EF, 0x0130,
  0x00F0, 0x0111, 0x0111, 0x0111, 0x0132, 0x0174, 0x0153, 0x0173, 0x0174, 0x01D7, 0x02DC, 0x02DE,
  0x02BD, 0x02FE, 0x033E, 0x035E, 0x03BF, 0x041F, 0x047F, 0x04DF, 0x055F, 0x361F, 0x06FF, 0xA7BF,
  0xF7FF, 0xD7FF, 0xC7FF, 0xF7FF, 0xFFFF, 0xFFFF, 0xFFFF, 0xFFFF, 0xEFFF, 0x5F1F, 0x05BF, 0x24DF,
  0x043F, 0x03BF, 0x035E, 0x031E, 0x02DD, 0x02BD, 0x029C, 0x027C, 0x025C, 0x025C, 0x023C, 0x023B,
  0x021B, 0x021B, 0x021B, 0x021B, 0x021B, 0x021B, 0x021B, 0x021B, 0x01FB, 0x01FB, 0x01FB, 0x01FB,
  0x01FB, 0x01FA, 0x01FA, 0x01FA, 0x01FA, 0x01FA, 0x01DA, 0x01DA, 0x01DA, 0x01DA, 0x01DA, 0x01DA,
  0x01DA, 0x01D9, 0x01DA, 0x021B, 0x0175, 0x0112, 0x0154, 0x0133, 0x0133, 0x0133, 0x0133, 0x0132,
  0x0132, 0x0133, 0x0133, 0x0132, 0x0132, 0x0132, 0x0132, 0x0132, 0x0132, 0x0112, 0x0112, 0x0112,
  0x0112, 0x0112, 0x0112, 0x0132, 0x0132, 0x0132, 0x0132, 0x0132, 0x0132, 0x0132, 0x0132, 0x0132,
  0x0132, 0x0132, 0x0132, 0x0132, 0x0111, 0x0111, 0x0132, 0x0132, 0x0132, 0x0132, 0x0133, 0x0133,
  0x0133, 0x0133, 0x0133, 0x0153, 0x0154, 0x0154, 0x0154, 0x0155, 0x0155, 0x0175, 0x0176, 0x0176,
  0x0197, 0x0197, 0x0197, 0x0198, 0x0198, 0x0197, 0x2218, 0x0017, 0x8CDA, 0xC71E, 0xB6BD, 0xEFBF,
  0xFFFF, 0xFFDF, 0xFFFF, 0xDEDB, 0x94D3, 0x7C51, 0x5B2D, 0xA514, 0xFFFF, 0xFFFF, 0xFFFF, 0xFFFF,
  0xFFFF, 0xFFFF, 0xFFFF, 0xFFFF, 0xFFFF, 0xFFFF, 0xFFFF, 0xE73C, 0x9CD3, 0x8430, 0xBDD6, 0xEF7D,
  0xFFFF, 0xFFFF, 0xF7DF, 0x9D1B, 0x0017, 0x1A16, 0x09F6, 0x21D5, 0x01B6, 0x3A54, 0xDAC9, 0xFBE0,
  0xFD46, 0xFD00, 0xFE75, 0xFFFF, 0xFFFF, 0xFFFF, 0xFFFF, 0xF613, 0xFC80, 0xFD25, 0xFD00, 0xFD02,
  0xFE76, 0xFFBD, 0xFFDE, 0xFFBD, 0xFE54, 0xFCE0, 0xFCE0, 0xFD25, 0xFCE0, 0xFCC0, 0xFE12, 0xFED8,
  0xFEB7, 0xFDAE, 0xFD00, 0xFCA0, 0xFDCD, 0xFF73, 0xFEE5, 0xCD06, 0x51CC, 0x59EB, 0x622B, 0x59EB,
  0x59EB, 0x51EB, 0x49CB, 0x49CB, 0x41AB, 0x418B, 0x398B, 0x398B, 0x316B, 0x316B, 0x296C, 0x296C,
  0x294C, 0x294C, 0x214C, 0x214C, 0x214C, 0x212C, 0x212C, 0x212C, 0x212C, 0x212C, 0x212B, 0x192B,
  0x212B, 0x212B, 0x212B, 0x212B, 0x212B, 0x212B, 0x212B, 0x210B, 0x210B, 0x210A, 0x210A, 0x210A,
  0x210A, 0x210A, 0x210A, 0x210A, 0x210A, 0x210A, 0x2109, 0x2109, 0x2909, 0x2909, 0x2909, 0x2909,
  0x2909, 0x3108, 0x3108, 0x3108, 0x3108, 0x3908, 0x3908, 0x3907, 0x3907, 0x3907, 0x3907, 0x4107,
  0x4107, 0x4107, 0x4927, 0x4927, 0x4927, 0x4927, 0x4927, 0x5127, 0x5127, 0x5126, 0x5926, 0x5926,
  0x5926, 0x6126, 0x6126, 0x6945, 0x6945, 0x7165, 0x79A5, 0xB923, 0xFCE0, 0xFE00, 0xFDE0, 0xFD20,
  0xC223, 0x7105, 0x6945, 0x6945, 0x6945, 0xA1C4, 0x7965, 0x6125, 0x6945, 0x6945, 0x7145, 0x7144,
  0x7964, 0x8164, 0x8984, 0xA1A3, 0xA1A3, 0xA9C2, 0xA9C2, 0xB1C2, 0xB1C2, 0xB1E2, 0xB9E2, 0xC201,
  0xCA21, 0xD241, 0xDA60, 0xE240, 0xF320, 0xFC60, 0xFC40, 0xFB80, 0xFB20, 0xFB80, 0xFB80, 0xFBC0,
  0xFBE0, 0xFC00, 0xFC40, 0xFC60, 0xFCA0, 0xFCA0, 0xFCC0, 0xFCE0, 0xFD00, 0xFD00, 0xFD20, 0xFD60,
  0xFDA0, 0xFE04, 0xFE80, 0xFF4D, 0xFFFD, 0xFFFF, 0xFFFF, 0xFFDB, 0xFF68, 0xFEC0, 0xFE44, 0xFE20,
  0xFDC0, 0xFD60, 0xFE02, 0xFE02, 0xFD41, 0xFD20, 0xFD21, 0xFD20, 0xFD84, 0xFDC5, 0xFDA4, 0xFD01,
  0xFCE0, 0xFD00, 0xFD00, 0xFCE0,
  0x00CF, 0x00EF, 0x000C, 0x000B, 0x0252, 0x0335, 0x00AE, 0x012F, 0x00EF, 0x010F, 0x000E, 0x000D,
  0x0213, 0x03FA, 0x0253, 0x000D, 0x010F, 0x00CF, 0x006E, 0x01D4, 0x031B, 0x0111, 0x000D, 0x00F0,
  0x0110, 0x00F0, 0x0111, 0x0111, 0x0132, 0x0173, 0x0174, 0x0174, 0x0154, 0x0259, 0x02FE, 0x02BD,
  0x02DE, 0x02FE, 0x031E, 0x035E, 0x03BF, 0x041F, 0x045F, 0x04BF, 0x051F, 0x2DBF, 0x069F, 0x2F7F,
  0xE7FF, 0xEFFF, 0xC7FF, 0xEFFF, 0xFFFF, 0xFFFF, 0xFFFF, 0xFFFF, 0xBFBF, 0x067F, 0x053F, 0x1C7F,
  0x03FF, 0x039F, 0x033E, 0x02FD, 0x02BD, 0x029D, 0x029C, 0x027C, 0x025C, 0x025C, 0x025C, 0x023B,
  0x023B, 0x021B, 0x021B, 0x021B, 0x021B, 0x021B, 0x021B, 0x021B, 0x021B, 0x021B, 0x01FB, 0x01FB,
  0x01FB, 0x01FB, 0x01FB, 0x01FA, 0x01FA, 0x01FA, 0x01DA, 0x01DA, 0x01DA, 0x01DA, 0x01DA, 0x01DA,
  0x01D9, 0x01DA, 0x021B, 0x01B7, 0x00F2, 0x0154, 0x0133, 0x0133, 0x0133, 0x0133, 0x0132, 0x0133,
  0x0132, 0x0133, 0x0133, 0x0132, 0x0132, 0x0132, 0x0132, 0x0132, 0x0132, 0x0132, 0x0132, 0x0132,
  0x0132, 0x0112, 0x0112, 0x0132, 0x0132, 0x0132, 0x0132, 0x0132, 0x0132, 0x0132, 0x0132, 0x0133,
  0x0132, 0x0133, 0x0133, 0x0132, 0x0132, 0x0132, 0x0132, 0x0132, 0x0132, 0x0133, 0x0133, 0x0133,
  0x0133, 0x0134, 0x0154, 0x0154, 0x0154, 0x0155, 0x0175, 0x0176, 0x0176, 0x0197, 0x0197, 0x0197,
  0x01B8, 0x01B9, 0x01DA, 0x01DA, 0x01DA, 0x01DA, 0x1A3A, 0x001A, 0xC69E, 0xC73E, 0xB69C, 0xC6DC,
  0xF7BF, 0xFFFF, 0xFFFF, 0xFFFF, 0xF79D, 0xD6BA, 0xDEDB, 0xFFDF, 0xFFFF, 0xFFFF, 0xFFFF, 0xFFFF,
  0xFFFF, 0xFFFF, 0xFFFF, 0xFFFF, 0xFFFF, 0xFFFF, 0xFFFF, 0xA514, 0x0000, 0x2965, 0x0000, 0x8410,
  0xEF7D, 0xFFDF, 0xFFFF, 0xFFDF, 0x8CDA, 0x0016, 0x3277, 0x19D6, 0x01D7, 0x9332, 0xFB00, 0xFAA1,
  0xFCE4, 0xFD40, 0xFCC0, 0xFE13, 0xFF3A, 0xFF3A, 0xFE12, 0xFCC0, 0xFCE0, 0xFD02, 0xFD03, 0xFCE0,
  0xFCC0, 0xFD8D, 0xFE33, 0xFDAE, 0xFCC0, 0xFCE0, 0xFD03, 0xFD00, 0xFD03, 0xFD00, 0xFCA0, 0xFCA0,
  0xFCC0, 0xFCE0, 0xFCA0, 0xFDAB, 0xFF34, 0xFE4C, 0xFC60, 0xECE4, 0x82EA, 0x7A2A, 0x8269, 0x724A,
  0x6A2A, 0x622A, 0x620A, 0x59EB, 0x51CB, 0x51CB, 0x49AB, 0x41AB, 0x398B, 0x398B, 0x318B, 0x316B,
  0x316B, 0x316C, 0x294C, 0x294C, 0x214B, 0x212B, 0x214B, 0x292B, 0x294B, 0x294B, 0x292B, 0x292B,
  0x292B, 0x292B, 0x292B, 0x212B, 0x212B, 0x212B, 0x212B, 0x210B, 0x210A, 0x210A, 0x210A, 0x210A,
  0x210A, 0x210A, 0x210A, 0x210A, 0x210A, 0x210A, 0x2909, 0x2909, 0x2909, 0x2909, 0x2909, 0x2909,
  0x3109, 0x3108, 0x3108, 0x3908, 0x3908, 0x3908, 0x3908, 0x3907, 0x3907, 0x4107, 0x4107, 0x4107,
  0x4107, 0x4907, 0x4927, 0x4927, 0x4927, 0x4927, 0x5127, 0x5127, 0x5127, 0x5927, 0x5926, 0x5926,
  0x6126, 0x6146, 0x6946, 0x6946, 0x6945, 0x79A5, 0x8945, 0xDAE2, 0xFDE0, 0xFE40, 0xFE40, 0xEBE1,
  0x88A4, 0x6945, 0x6945, 0x5925, 0x9184, 0x9184, 0x5925, 0x6925, 0x6925, 0x6945, 0x7145, 0x7944,
  0x8164, 0x8164, 0x99A3, 0xA1A3, 0xA1A3, 0xA9C2, 0xA9C2, 0xB1C2, 0xB1E2, 0xB1E2, 0xC202, 0xCA21,
  0xD221, 0xDA61, 0xE240, 0xEAC0, 0xFC60, 0xFC80, 0xFB80, 0xFB00, 0xFB40, 0xFB60, 0xFB80, 0xFBC0,
  0xFBE0, 0xFC20, 0xFC60, 0xFC80, 0xFCA0, 0xFCC0, 0xFCC0, 0xFCE0, 0xFD00, 0xFD20, 0xFD40, 0xFD80,
  0xFDE3, 0xFE20, 0xFEE0, 0xFFD8, 0xFFFF, 0xFFFF, 0xFFFD, 0xFF8F, 0xFEE0, 0xFE65, 0xFE20, 0xFDC0,
  0xFE04, 0xFE25, 0xFD40, 0xFCE0, 0xFD20, 0xFD20, 0xFD01, 0xFC40, 0xFE2A, 0xFECC, 0xFCE0, 0xFCC0,
  0xFD01, 0xFD00, 0xFD00, 0xFD23,
  0x00AF, 0x00CF, 0x0170, 0x000D, 0x03B7, 0x057E, 0x0111, 0x000D, 0x00EF, 0x00EF, 0x0150, 0x006F,
  0x0274, 0x053F, 0x0358, 0x000C, 0x0190, 0x010F, 0x00EF, 0x00CF, 0x000E, 0x0132, 0x01F5, 0x0131,
  0x00F0, 0x0110, 0x0110, 0x0111, 0x0131, 0x0133, 0x01B6, 0x0196, 0x01D6, 0x02BB, 0x02DE, 0x029D,
  0x02DE, 0x02FE, 0x031E, 0x035F, 0x039F, 0x03FF, 0x045F, 0x049F, 0x04FF, 0x057F, 0x363F, 0x071F,
  0xA7DF, 0xFFFF, 0xD7FF, 0xDFFF, 0xFFFF, 0xFFFF, 0xFFFF, 0xFFFF, 0x875F, 0x05DF, 0x1CDF, 0x043F,
  0x03DF, 0x037E, 0x033E, 0x02FD, 0x02BD, 0x029D, 0x027C, 0x027C, 0x025C, 0x025C, 0x025C, 0x023C,
  0x023B, 0x023B, 0x021B, 0x021B, 0x021B, 0x021B, 0x021B, 0x021B, 0x021B, 0x021B, 0x021B, 0x01FB,
  0x01FB, 0x01FB, 0x01FB, 0x01FB, 0x01FA, 0x01FA, 0x01FA, 0x01DA, 0x01DA, 0x01DA, 0x01DA, 0x01DA,
  0x01D9, 0x01FB, 0x01D8, 0x0112, 0x0133, 0x0133, 0x0133, 0x0133, 0x0133, 0x0133, 0x0132, 0x0133,
  0x0132, 0x0132, 0x0132, 0x0132, 0x0132, 0x0132, 0x0132, 0x0132, 0x0132, 0x0132, 0x0132, 0x0132,
  0x0132, 0x0112, 0x0132, 0x0132, 0x0132, 0x0132, 0x0132, 0x0132, 0x0132, 0x0132, 0x0132, 0x0132,
  0x0132, 0x0132, 0x0133, 0x0133, 0x0133, 0x0153, 0x0154, 0x0134, 0x0134, 0x0154, 0x0154, 0x0154,
  0x0154, 0x0154, 0x0154, 0x0155, 0x0175, 0x0176, 0x0196, 0x0197, 0x0198, 0x01B8, 0x01B9, 0x01DA,
  0x01DA, 0x01DA, 0x01FB, 0x021C, 0x021C, 0x123C, 0x01DC, 0x4B3C, 0xD71E, 0xBE9C, 0xAE3B, 0xA5FA,
  0xC69B, 0xF79E, 0xFFFF, 0xFFDF, 0xFFFF, 0xFFFF, 0xFFFF, 0xFFFF, 0xFFFF, 0xFFFF, 0xFFFF, 0xFFFF,
  0xFFFF, 0xFFDF, 0xFFDF, 0xFFFF, 0xFFFF, 0xFFFF, 0xFFFF, 0xCE59, 0x630C, 0x7C10, 0x3A08, 0x0000,
  0xD69A, 0xFFFF, 0xF7BF, 0xFFFF, 0xEF5E, 0x4318, 0x0157, 0x1238, 0x0237, 0xC42E, 0xFBE0, 0xE9C4,
  0xFB20, 0xFCC3, 0xFD20, 0xFC80, 0xFCC0, 0xFCE0, 0xFCA0, 0xFCE0, 0xFD03, 0xFCE0, 0xFCE0, 0xFD03,
  0xFD23, 0xFCC0, 0xFC20, 0xFC40, 0xFCC0, 0xFD22, 0xFD02, 0xFD00, 0xFD00, 0xFD03, 0xFD25, 0xFD46,
  0xFD23, 0xFCC0, 0xFDCD, 0xFEF3, 0xFD6B, 0xF240, 0xF860, 0xEBA3, 0xA328, 0x9AA8, 0x9AA8, 0x92A9,
  0x8A89, 0x8269, 0x7A49, 0x722A, 0x620A, 0x59EA, 0x59EB, 0x51CB, 0x49CB, 0x41AB, 0x398B, 0x398B,
  0x316B, 0x316B, 0x316B, 0x316B, 0x396B, 0x396B, 0x394B, 0x314B, 0x314B, 0x314B, 0x292B, 0x292B,
  0x292B, 0x292B, 0x292B, 0x212B, 0x212B, 0x212A, 0x212A, 0x210A, 0x210A, 0x210A, 0x210A, 0x210A,
  0x210A, 0x210A, 0x210A, 0x210A, 0x210A, 0x290A, 0x2909, 0x2909, 0x2909, 0x2909, 0x2909, 0x3109,
  0x3108, 0x3108, 0x3108, 0x3908, 0x3908, 0x3908, 0x3907, 0x3907, 0x4107, 0x4107, 0x4107, 0x4107,
  0x4127, 0x4927, 0x4927, 0x4927, 0x4927, 0x4927, 0x5127, 0x5127, 0x5127, 0x5927, 0x5926, 0x5926,
  0x6126, 0x6946, 0x6946, 0x6946, 0x7145, 0x71C5, 0xA064, 0xF481, 0xFE60, 0xFEA0, 0xFD60, 0xB1C3,
  0x6105, 0x6945, 0x6125, 0x6945, 0x99A4, 0x6945, 0x6125, 0x6125, 0x6925, 0x6945, 0x7144, 0x7964,
  0x8164, 0x9184, 0xA1A3, 0xA1A3, 0xA1C3, 0xA9C3, 0xB1C2, 0xB1E2, 0xB1E2, 0xB9E2, 0xC201, 0xCA21,
  0xD241, 0xDA40, 0xEA80, 0xFC40, 0xFCC0, 0xFBC0, 0xFAE0, 0xFB20, 0xFB40, 0xFB80, 0xFBA0, 0xFBC0,
  0xFBE0, 0xFC20, 0xFC60, 0xFCA0, 0xFCA0, 0xFCC0, 0xFCE0, 0xFCE0, 0xFD00, 0xFD40, 0xFD60, 0xFDC0,
  0xFE05, 0xFE80, 0xFF70, 0xFFFD, 0xFFFF, 0xFFFF, 0xFFB4, 0xFF00, 0xFE64, 0xFE41, 0xFDE1, 0xFD40,
  0xFEA9, 0xFEC9, 0xFD20, 0xFD20, 0xFD21, 0xFD00, 0xFD43, 0xFD22, 0xFD65, 0xFD66, 0xFD02, 0xFD00,
  0xFD01, 0xFD00, 0xFD00, 0xFECF,
  0x014F, 0x00CF, 0x00CF, 0x004E, 0x0232, 0x0377, 0x0132, 0x01B2, 0x0191, 0x012F, 0x00CF, 0x00AE,
  0x010F, 0x0253, 0x01F2, 0x004E, 0x000D, 0x000E, 0x0110, 0x0110, 0x00AF, 0x0152, 0x02FB, 0x0257,
  0x000D, 0x0151, 0x0110, 0x0111, 0x0131, 0x0153, 0x0175, 0x0176, 0x0259, 0x02DD, 0x029D, 0x02BD,
  0x02DE, 0x02FE, 0x031E, 0x035E, 0x039F, 0x03DF, 0x041F, 0x045F, 0x04BF, 0x053F, 0x2DDF, 0x06BF,
  0x3F9F, 0xE7FF, 0xEFFF, 0xD7FF, 0xFFFF, 0xFFFF, 0xFFFF, 0xD7DF, 0x2EBF, 0x055F, 0x249F, 0x041F,
  0x039F, 0x035E, 0x031E, 0x02DD, 0x02BD, 0x029D, 0x027C, 0x027C, 0x025C, 0x025C, 0x025C, 0x023C,
  0x023B, 0x023B, 0x021B, 0x021B, 0x021B, 0x021B, 0x021B, 0x021B, 0x021B, 0x021B, 0x021B, 0x021B,
  0x01FB, 0x01FB, 0x01FB, 0x01FA, 0x01FB, 0x01FA, 0x01FA, 0x01DA, 0x01DA, 0x01DA, 0x01DA, 0x01DA,
  0x01FA, 0x01F9, 0x0133, 0x0133, 0x0133, 0x0133, 0x0133, 0x0132, 0x0132, 0x0132, 0x0132, 0x0132,
  0x0132, 0x0132, 0x0132, 0x0132, 0x0132, 0x0132, 0x0132, 0x0132, 0x0132, 0x0132, 0x0112, 0x0112,
  0x0112, 0x0112, 0x0112, 0x0132, 0x0132, 0x0132, 0x0132, 0x0132, 0x0132, 0x0132, 0x0132, 0x0132,
  0x0132, 0x0132, 0x0132, 0x0132, 0x0133, 0x0133, 0x0154, 0x0154, 0x0155, 0x0155, 0x0176, 0x0176,
  0x0176, 0x0176, 0x0176, 0x0176, 0x0176, 0x0177, 0x0197, 0x0198, 0x01B9, 0x01DA, 0x01FB, 0x01FC,
  0x021C, 0x023C, 0x023D, 0x025D, 0x025E, 0x22BE, 0x017E, 0x84BE, 0xC6DC, 0xAE1B, 0xB65B, 0xB65B,
  0xA5DA, 0xBE5B, 0xEF9E, 0xFFFF, 0xFFDF, 0xFFDF, 0xFFDF, 0xFFDF, 0xFFFF, 0xFFFF, 0xFFFF, 0xFFFF,
  0xFFFF, 0xFFFF, 0xFFFF, 0xFFFF, 0xFFDF, 0xFFFF, 0xFFFF, 0xFFFF, 0xD6BA, 0xAD76, 0x9CD3, 0xB596,
  0xF79E, 0xFFFF, 0xFFFF, 0xFFFF, 0xFFFF, 0xADBC, 0x0017, 0x0239, 0x2AD8, 0xD48C, 0xF3A0, 0xDA05,
  0xE1C1, 0xF2A0, 0xFC64, 0xFD25, 0xFD00, 0xFCE0, 0xFD05, 0xFD03, 0xFD00, 0xFD00, 0xFD00, 0xFD02,
  0xFD00, 0xFCE0, 0xFDAE, 0xFE12, 0xF54D, 0xFCC0, 0xFCE0, 0xFD02, 0xFD00, 0xFD00, 0xFD45, 0xFD00,
  0xFCC0, 0xFE2F, 0xFEB2, 0xFC87, 0xF000, 0xF163, 0xF1C0, 0xEB02, 0xC367, 0xC347, 0xBB47, 0xB307,
  0xAAE8, 0x9AC8, 0x92A9, 0x8269, 0x724A, 0x6A2A, 0x620A, 0x59EB, 0x51CB, 0x49CA, 0x49AA, 0x49AA,
  0x51AA, 0x51AA, 0x49AA, 0x498A, 0x498A, 0x416B, 0x396B, 0x394B, 0x314B, 0x314B, 0x292B, 0x292B,
  0x292B, 0x292B, 0x292B, 0x292B, 0x292A, 0x292A, 0x212A, 0x210A, 0x210A, 0x210A, 0x210A, 0x210A,
  0x210A, 0x210A, 0x210A, 0x290A, 0x290A, 0x290A, 0x290A, 0x2909, 0x2909, 0x2909, 0x3109, 0x3109,
  0x3108, 0x3908, 0x3908, 0x3908, 0x3908, 0x3908, 0x3907, 0x4107, 0x4107, 0x4107, 0x4107, 0x4107,
  0x4927, 0x4927, 0x4927, 0x4927, 0x5127, 0x5127, 0x5127, 0x5127, 0x5927, 0x5947, 0x5946, 0x6146,
  0x6146, 0x6946, 0x6946, 0x6946, 0x7165, 0x7185, 0xC9E3, 0xFDC0, 0xFEA0, 0xFE80, 0xDB82, 0x7865,
  0x6145, 0x6945, 0x5925, 0x9184, 0x8165, 0x6125, 0x6925, 0x6925, 0x6945, 0x7145, 0x7145, 0x7964,
  0x8964, 0x99A3, 0xA1A3, 0xA1C3, 0xA1C3, 0xA9C2, 0xA9C2, 0xB1C2, 0xB1E2, 0xBA02, 0xC201, 0xCA21,
  0xD241, 0xE240, 0xFC00, 0xFCE0, 0xFC20, 0xFB00, 0xFB00, 0xFB20, 0xFB60, 0xFB80, 0xFBA0, 0xFBE0,
  0xFBE0, 0xFC20, 0xFC80, 0xFCA0, 0xFCA0, 0xFCC0, 0xFCE0, 0xFD00, 0xFD20, 0xFD40, 0xFD80, 0xFDC4,
  0xFE20, 0xFEE3, 0xFFD9, 0xFFFF, 0xFFFF, 0xFFD9, 0xFF22, 0xFE80, 0xFE44, 0xFDE0, 0xFDC0, 0xFDC1,
  0xFDC4, 0xFD83, 0xFD00, 0xFD00, 0xFD22, 0xFCA0, 0xFE07, 0xFE89, 0xFCC0, 0xFC60, 0xFCE0, 0xFD00,
  0xFCE0, 0xFCC0, 0xFD40, 0xFEAC,
  0x000F, 0x008E, 0x00CF, 0x010F, 0x000E, 0x000C, 0x0275, 0x043D, 0x0010, 0x000C, 0x012F, 0x00CE,
  0x008E, 0x000C, 0x000E, 0x0130, 0x0254, 0x01B1, 0x00AF, 0x0110, 0x00EF, 0x00CF, 0x01B3, 0x01F4,
  0x008F, 0x00F0, 0x0111, 0x0131, 0x0132, 0x0153, 0x0133, 0x0174, 0x027B, 0x02BE, 0x027D, 0x02BE,
  0x02BE, 0x02DE, 0x031E, 0x033E, 0x037F, 0x03BF, 0x03FF, 0x043F, 0x049F, 0x051F, 0x059F, 0x365F,
  0x071F, 0xAFBF, 0xF7FF, 0xDFFF, 0xF7FF, 0xFFFF, 0xFFFF, 0xA75F, 0x05FF, 0x04FF, 0x145F, 0x03DF,
  0x037E, 0x031E, 0x02FD, 0x02DD, 0x029D, 0x027C, 0x027C, 0x025C, 0x025C, 0x025C, 0x025C, 0x023C,
  0x023B, 0x023B, 0x023B, 0x021B, 0x021B, 0x021B, 0x021B, 0x021B, 0x021B, 0x021B, 0x021B, 0x021B,
  0x01FB, 0x01FB, 0x01FB, 0x01FB, 0x01FA, 0x01FA, 0x01FA, 0x01DA, 0x01DA, 0x01DA, 0x01DA, 0x01DA,
  0x01FA, 0x0154, 0x0133, 0x0133, 0x0133, 0x0132, 0x0132, 0x0132, 0x0132, 0x0132, 0x0132, 0x0132,
  0x0132, 0x0132, 0x0132, 0x0132, 0x0132, 0x0132, 0x0132, 0x0132, 0x0132, 0x0132, 0x0112, 0x0112,
  0x0112, 0x0112, 0x0132, 0x0132, 0x0132, 0x0132, 0x0132, 0x0132, 0x0132, 0x0132, 0x0132, 0x0132,
  0x0132, 0x0132, 0x0132, 0x0132, 0x0132, 0x0133, 0x0133, 0x0133, 0x0154, 0x0154, 0x0176, 0x0197,
  0x0198, 0x01B9, 0x01BA, 0x01DA, 0x01DA, 0x01DA, 0x01BA, 0x01BA, 0x01BA, 0x01BB, 0x01FC, 0x021D,
  0x025E, 0x029E, 0x02BF, 0x02FF, 0x031F, 0x237F, 0x02BF, 0x9D9E, 0xBE9B, 0xAE5B, 0xA5D9, 0x9515,
  0xB61A, 0xAE1A, 0xB63A, 0xE75D, 0xFFFF, 0xFFFF, 0xFFFF, 0xFFFF, 0xFFFF, 0xFFFF, 0xFFFF, 0xFFFF,
  0xFFDF, 0xDEFB, 0xDEFB, 0xFFDF, 0xFFFF, 0xFFFF, 0xFFFF, 0xFFFF, 0xFFFF, 0xF7BE, 0xF79E, 0xFFFF,
  0xFFFF, 0xFFDF, 0xFFFF, 0xFFFF, 0xFFFE, 0xCEBB, 0x0197, 0x01B9, 0x4318, 0xD3AC, 0xE1E0, 0xC122,
  0xB940, 0xB840, 0xD1A0, 0xF380, 0xFCA4, 0xFD24, 0xFD00, 0xFCE0, 0xFCE0, 0xFD00, 0xFD02, 0xFD01,
  0xFCE0, 0xFE53, 0xFF9D, 0xFFBE, 0xEF3C, 0xEDD3, 0xFCE2, 0xFD00, 0xFD01, 0xFD25, 0xFCC0, 0xFCE0,
  0xFE71, 0xFE71, 0xF3A2, 0xE800, 0xE368, 0xE386, 0xF180, 0xF3C1, 0xEC64, 0xEC24, 0xE3E5, 0xD3A6,
  0xC347, 0xB307, 0xA2C8, 0x9288, 0x8A69, 0x8A69, 0x8A89, 0x8269, 0x8249, 0x7A49, 0x7229, 0x7209,
  0x69E9, 0x61CA, 0x51AA, 0x498A, 0x418B, 0x396B, 0x396B, 0x314B, 0x314A, 0x312A, 0x312A, 0x312A,
  0x312A, 0x312A, 0x312A, 0x292A, 0x292A, 0x292A, 0x292A, 0x292A, 0x290A, 0x290A, 0x290A, 0x290A,
  0x290A, 0x290A, 0x290A, 0x290A, 0x290A, 0x290A, 0x290A, 0x290A, 0x2909, 0x3109, 0x3109, 0x3109,
  0x3108, 0x3928, 0x3908, 0x3908, 0x3928, 0x3908, 0x4107, 0x4107, 0x4107, 0x4107, 0x4107, 0x4927,
  0x4927, 0x4927, 0x5127, 0x5127, 0x5127, 0x5127, 0x5927, 0x5927, 0x5947, 0x5946, 0x6146, 0x6146,
  0x6946, 0x6946, 0x6946, 0x6946, 0x69C5, 0x8804, 0xEBE2, 0xFE60, 0xFEE0, 0xFD20, 0xA104, 0x6125,
  0x6965, 0x5925, 0x7165, 0x9184, 0x6125, 0x6145, 0x6945, 0x6945, 0x6945, 0x7145, 0x7964, 0x7964,
  0x9184, 0x99A3, 0xA1A3, 0xA1C3, 0xA1C3, 0xA9C2, 0xA9C2, 0xB1C2, 0xB9E2, 0xC202, 0xC221, 0xCA41,
  0xDA00, 0xF3A0, 0xFD00, 0xFC80, 0xFB20, 0xFAE0, 0xFB20, 0xFB20, 0xFB60, 0xFB80, 0xFBC0, 0xFBC0,
  0xFC00, 0xFC60, 0xFC80, 0xFCA0, 0xFCA0, 0xFCC0, 0xFCE0, 0xFD00, 0xFD40, 0xFD60, 0xFDA0, 0xFDC4,
  0xFE60, 0xFF72, 0xFFFE, 0xFFFF, 0xFFFC, 0xFF6C, 0xFEA0, 0xFE45, 0xFE00, 0xFD80, 0xFDC0, 0xFDE2,
  0xFD00, 0xFCE0, 0xFD20, 0xFD21, 0xFCC0, 0xFCA0, 0xFD64, 0xFD64, 0xFCE1, 0xFCE2, 0xFD00, 0xFCE1,
  0xFD40, 0xFDA0, 0xFD60, 0xFCC0,
  0x0296, 0x00F0, 0x0170, 0x010F, 0x0130, 0x0150, 0x0233, 0x0318, 0x02B6, 0x0231, 0x000E, 0x010F,
  0x00EF, 0x0170, 0x00CF, 0x0151, 0x041D, 0x0317, 0x0008, 0x0150, 0x00CF, 0x00EF, 0x000D, 0x000D,
  0x01B3, 0x0216, 0x0111, 0x0131, 0x0132, 0x0153, 0x0133, 0x01D7, 0x029D, 0x027D, 0x029D, 0x02BE,
  0x02BE, 0x02DE, 0x02FE, 0x033E, 0x037F, 0x039F, 0x03DF, 0x043F, 0x047F, 0x04FF, 0x055F, 0x2DFF,
  0x069F, 0x377F, 0xE7FF, 0xEFFF, 0xEFFF, 0xFFFF, 0xEFDF, 0x5EBF, 0x055F, 0x24BF, 0x041F, 0x039F,
  0x035E, 0x031E, 0x02DD, 0x02BD, 0x029D, 0x027C, 0x027C, 0x025C, 0x025C, 0x025C, 0x025C, 0x023C,
  0x023B, 0x023B, 0x023B, 0x023B, 0x021B, 0x021B, 0x021B, 0x021B, 0x021B, 0x021B, 0x021B, 0x021B,
  0x021B, 0x01FB, 0x01FB, 0x01FB, 0x01FA, 0x01FA, 0x01FA, 0x01DA, 0x01DA, 0x01DA, 0x01DA, 0x01FA,
  0x0175, 0x0112, 0x0133, 0x0132, 0x0132, 0x0132, 0x0132, 0x0132, 0x0132, 0x0132, 0x0132, 0x0132,
  0x0112, 0x0132, 0x0132, 0x0132, 0x0132, 0x0132, 0x0132, 0x0133, 0x0132, 0x0132, 0x0132, 0x0132,
  0x0132, 0x0132, 0x0132, 0x0132, 0x0132, 0x0132, 0x0132, 0x0132, 0x0132, 0x0132, 0x0132, 0x0132,
  0x0132, 0x0132, 0x0132, 0x0132, 0x0133, 0x0133, 0x0153, 0x0154, 0x0154, 0x0154, 0x0154, 0x0155,
  0x0177, 0x0198, 0x01B9, 0x01FB, 0x021C, 0x023D, 0x025D, 0x025D, 0x027E, 0x029E, 0x029E, 0x029F,
  0x02BF, 0x02DF, 0x033F, 0x039F, 0x03DF, 0x1C3F, 0x03FF, 0xAE3E, 0xAE3B, 0xAE5C, 0x6B8F, 0x0000,
  0x6BAF, 0xB61A, 0xADFA, 0xADF9, 0xD6FC, 0xFFDF, 0xFFFF, 0xFFFF, 0xFFFF, 0xFFFF, 0xFFFF, 0xFFDF,
  0xA534, 0x2965, 0x39E7, 0x9492, 0xE73D, 0xFFFF, 0xFFDF, 0xFFDF, 0xFFFF, 0xFFFF, 0xFFFF, 0xFFFF,
  0xFFDF, 0xFFFF, 0xFFFE, 0xFF79, 0xFF33, 0xDEB6, 0x1AD9, 0x0159, 0x42F8, 0xC30D, 0xD980, 0xBAC9,
  0xB38B, 0xA246, 0x9800, 0xB001, 0xDA40, 0xFBE0, 0xFCE0, 0xFD40, 0xFD00, 0xFCC0, 0xFD05, 0xFCE0,
  0xFD05, 0xFF9C, 0xFFFF, 0xFFFF, 0xFFFF, 0xF7DF, 0xF5D1, 0xFCC0, 0xFD26, 0xFCA0, 0xFD07, 0xFEB2,
  0xFE30, 0xE300, 0xD000, 0xDBA8, 0xDD2B, 0xD489, 0xE902, 0xFC40, 0xFD62, 0xFCE2, 0xF463, 0xEC04,
  0xE3C5, 0xDBA6, 0xCBA6, 0xCBA6, 0xCB86, 0xC367, 0xBB27, 0xAAE7, 0x9AA7, 0x8A68, 0x7A49, 0x7209,
  0x61EA, 0x51AA, 0x498A, 0x498A, 0x418A, 0x416A, 0x416A, 0x416A, 0x394A, 0x394A, 0x394A, 0x314A,
  0x314A, 0x314A, 0x312A, 0x312A, 0x312A, 0x312A, 0x292A, 0x292A, 0x290A, 0x290A, 0x290A, 0x290A,
  0x290A, 0x290A, 0x290A, 0x290A, 0x290A, 0x290A, 0x290A, 0x290A, 0x290A, 0x3109, 0x3109, 0x3109,
  0x3929, 0x3928, 0x3928, 0x3928, 0x4128, 0x4128, 0x4128, 0x4127, 0x4127, 0x4927, 0x4927, 0x4927,
  0x4927, 0x5127, 0x5127, 0x5127, 0x5127, 0x5927, 0x5947, 0x5947, 0x5946, 0x5946, 0x6146, 0x6146,
  0x6946, 0x6946, 0x6146, 0x6965, 0x69A5, 0xB0C3, 0xFD60, 0xFEE0, 0xFE40, 0xCAA2, 0x68A5, 0x6165,
  0x6145, 0x5925, 0x8985, 0x6945, 0x5925, 0x6145, 0x6945, 0x6945, 0x6945, 0x7165, 0x7964, 0x8184,
  0x99A3, 0x99A3, 0xA1A3, 0xA1A3, 0xA9C3, 0xA9C2, 0xA9C2, 0xB1C2, 0xBA02, 0xC202, 0xCA21, 0xD1E1,
  0xF340, 0xFCE0, 0xFCC0, 0xFB60, 0xFAA0, 0xFB20, 0xFB20, 0xFB40, 0xFB60, 0xFBA0, 0xFBC0, 0xFBE0,
  0xFC20, 0xFC60, 0xFC80, 0xFCA0, 0xFCA0, 0xFCE0, 0xFCE0, 0xFD00, 0xFD40, 0xFD80, 0xFDA4, 0xFE00,
  0xFF08, 0xFFDA, 0xFFFF, 0xFFFE, 0xFF92, 0xFEC0, 0xFE45, 0xFE00, 0xFE01, 0xFE22, 0xFD80, 0xFD00,
  0xFD21, 0xFD21, 0xFCE0, 0xFC80, 0xFE0A, 0xFDC9, 0xFC60, 0xFC60, 0xFCC0, 0xFCE0, 0xFCC0, 0xFC00,
  0xFDC0, 0xFE40, 0xFD00, 0xFCC3,
  0x049D, 0x00D1, 0x000E, 0x008F, 0x00EF, 0x00F0, 0x000D, 0x000D, 0x051D, 0x03D8, 0x000A, 0x016F,
  0x010F, 0x00EF, 0x00CF, 0x0110, 0x02B6, 0x0255, 0x00D1, 0x010F, 0x010F, 0x00EF, 0x0110, 0x00EF,
  0x0192, 0x0237, 0x0111, 0x0111, 0x0153, 0x0133, 0x0154, 0x023A, 0x029E, 0x027D, 0x029D, 0x029E,
  0x02BE, 0x02DE, 0x02FE, 0x033E, 0x035F, 0x039F, 0x03DF, 0x041F, 0x045F, 0x04BF, 0x051F, 0x059F,
  0x363F, 0x06FF, 0xAFBF, 0xF7FF, 0xEFFF, 0xFFFF, 0xC77F, 0x05FF, 0x04FF, 0x1C5F, 0x03FF, 0x037E,
  0x033E, 0x02FE, 0x02DD, 0x02BD, 0x029D, 0x027C, 0x027C, 0x025C, 0x025C, 0x025C, 0x025C, 0x025C,
  0x023C, 0x023B, 0x023B, 0x023B, 0x023B, 0x021B, 0x021B, 0x021B, 0x021B, 0x021B, 0x021B, 0x021B,
  0x021B, 0x01FB, 0x01FB, 0x01FB, 0x01FA, 0x01FA, 0x01FA, 0x01FA, 0x01DA, 0x01DA, 0x01FA, 0x0196,
  0x0112, 0x0133, 0x0133, 0x0132, 0x0132, 0x0132, 0x0132, 0x0132, 0x0132, 0x0132, 0x0132, 0x0112,
  0x0112, 0x0112, 0x0112, 0x0132, 0x0132, 0x0132, 0x0132, 0x0132, 0x0132, 0x0132, 0x0132, 0x0132,
  0x0133, 0x0133, 0x0132, 0x0132, 0x0132, 0x0132, 0x0132, 0x0133, 0x0132, 0x0132, 0x0132, 0x0132,
  0x0132, 0x0132, 0x0132, 0x0133, 0x0133, 0x0133, 0x0153, 0x0154, 0x0154, 0x0155, 0x0176, 0x0176,
  0x0197, 0x01B8, 0x01D9, 0x01DA, 0x021B, 0x025D, 0x027E, 0x02BF, 0x031F, 0x035F, 0x039F, 0x03DF,
  0x03FF, 0x043F, 0x045F, 0x047F, 0x0CBF, 0x04DE, 0x2D1E, 0xB67D, 0xA61B, 0xB69C, 0x6BD0, 0x0000,
  0x0000, 0x7C52, 0xB65B, 0xA5D9, 0x9DB8, 0xC69B, 0xF7BF, 0xFFFF, 0xFFFF, 0xFFFF, 0xFFFF, 0xF7BE,
  0x52CB, 0x21A7, 0x4A8A, 0x0000, 0x7BAF, 0xFFDF, 0xFFFF, 0xFFFF, 0xFFFF, 0xFFFF, 0xFFDF, 0xFFFF,
  0xFFFF, 0xFFDD, 0xFF15, 0xF5EA, 0xF580, 0xD591, 0x02B9, 0x0178, 0x32D8, 0xBACD, 0xD180, 0xBC50,
  0xAD13, 0x93CE, 0x9AA8, 0x90E0, 0x98C1, 0xB8E0, 0xE2C0, 0xFC40, 0xFD20, 0xFD40, 0xFD02, 0xFCE0,
  0xFCC0, 0xFE96, 0xFFFF, 0xFFFF, 0xFFFF, 0xFFBD, 0xFDD0, 0xFCC0, 0xFCA0, 0xFD8B, 0xFED3, 0xFDEF,
  0xE240, 0xD000, 0xD200, 0xEDCB, 0xF6B1, 0xDCAC, 0xE000, 0xFCE1, 0xFE03, 0xFDA3, 0xFD63, 0xFD63,
  0xFD44, 0xFD23, 0xF4E3, 0xF4A4, 0xEC25, 0xDBC5, 0xC346, 0xAAE6, 0x92A7, 0x8A88, 0x8268, 0x7A49,
  0x7229, 0x6A09, 0x61E9, 0x61C9, 0x59AA, 0x518A, 0x518A, 0x496A, 0x496A, 0x416A, 0x414A, 0x414A,
  0x414A, 0x414A, 0x414A, 0x414A, 0x394A, 0x392A, 0x392A, 0x392A, 0x312A, 0x312A, 0x312A, 0x312A,
  0x292A, 0x290A, 0x290A, 0x290A, 0x290A, 0x290A, 0x290A, 0x290A, 0x290A, 0x3129, 0x3129, 0x3129,
  0x3929, 0x3928, 0x3928, 0x4128, 0x4128, 0x4128, 0x4128, 0x4927, 0x4927, 0x4927, 0x4927, 0x4927,
  0x5127, 0x5127, 0x5127, 0x5127, 0x5947, 0x5947, 0x5947, 0x5947, 0x5946, 0x6146, 0x6146, 0x6946,
  0x6146, 0x6146, 0x6946, 0x71A5, 0x7885, 0xDB22, 0xFE40, 0xFEE0, 0xEC22, 0x8844, 0x6145, 0x6945,
  0x5926, 0x7165, 0x8165, 0x5925, 0x6125, 0x6145, 0x6945, 0x6945, 0x7145, 0x7965, 0x7964, 0x9184,
  0x99A3, 0x99A3, 0xA1A3, 0xA1A3, 0xA9C3, 0xA9C2, 0xA9C2, 0xB1E2, 0xBA02, 0xC222, 0xC9E1, 0xE2C0,
  0xFCE0, 0xFD00, 0xFBC0, 0xF2A0, 0xF300, 0xFB00, 0xFB20, 0xFB40, 0xFB80, 0xFBA0, 0xFBC0, 0xFC00,
  0xFC60, 0xFC60, 0xFC80, 0xFCA0, 0xFCC0, 0xFCE0, 0xFCE0, 0xFD20, 0xFD60, 0xFDA1, 0xFDC3, 0xFE60,
  0xFF73, 0xFFFF, 0xFFFF, 0xFFB7, 0xFF00, 0xFE62, 0xFE23, 0xFDA0, 0xFE01, 0xFE43, 0xFD40, 0xFCE0,
  0xFD20, 0xFD01, 0xFD01, 0xFCE0, 0xFE2B, 0xFDA9, 0xFC80, 0xFCC1, 0xFCE1, 0xFCA0, 0xFD22, 0xFE47,
  0xFD83, 0xFCE0, 0xFCC0, 0xFCC0,
  0x02F6, 0x0111, 0x01D2, 0x00CF, 0x00CF, 0x00CF, 0x00EF, 0x0150, 0x0355, 0x0253, 0x0031, 0x0130,
  0x00AE, 0x010F, 0x00EF, 0x00EF, 0x000C, 0x00B2, 0x01F8, 0x008E, 0x006D, 0x0110, 0x00EF, 0x00EF,
  0x00EF, 0x00F0, 0x0131, 0x0111, 0x0132, 0x0112, 0x01B6, 0x027D, 0x027D, 0x027D, 0x029D, 0x029E,
  0x02BE, 0x02DE, 0x02FE, 0x031E, 0x033E, 0x037F, 0x03BF, 0x03FF, 0x043F, 0x047F, 0x04DF, 0x055F,
  0x2DDF, 0x069F, 0x475F, 0xE7FF, 0xFFFF, 0xF7FF, 0x86DF, 0x055F, 0x249F, 0x041F, 0x03BF, 0x035E,
  0x031E, 0x02DD, 0x02BD, 0x029D, 0x029D, 0x027C, 0x027C, 0x025C, 0x025C, 0x025C, 0x025C, 0x023C,
  0x023C, 0x023B, 0x023B, 0x023B, 0x023B, 0x023B, 0x021B, 0x021B, 0x021B, 0x021B, 0x021B, 0x021B,
  0x01FB, 0x01FB, 0x01FB, 0x01FA, 0x01FA, 0x01FA, 0x01FA, 0x01DA, 0x01DA, 0x01FA, 0x01B8, 0x0112,
  0x0133, 0x0133, 0x0132, 0x0132, 0x0132, 0x0112, 0x0112, 0x0132, 0x0132, 0x0132, 0x0112, 0x0112,
  0x0112, 0x0112, 0x0112, 0x0132, 0x0132, 0x0132, 0x0132, 0x0132, 0x0132, 0x0133, 0x0133, 0x0133,
  0x0133, 0x0133, 0x0133, 0x0132, 0x0133, 0x0133, 0x0133, 0x0133, 0x0133, 0x0133, 0x0133, 0x0133,
  0x0133, 0x0153, 0x0153, 0x0154, 0x0154, 0x0154, 0x0154, 0x0155, 0x0155, 0x0176, 0x0177, 0x0177,
  0x0178, 0x019A, 0x019B, 0x01BC, 0x01DD, 0x01FE, 0x023F, 0x029F, 0x02BF, 0x02FF, 0x037F, 0x041F,
  0x049F, 0x051F, 0x057F, 0x05BF, 0x1E1F, 0x065F, 0x66BF, 0xBE9D, 0xAE3B, 0xB67C, 0xA5D8, 0x1083,
  0x0000, 0x18C3, 0xA5D9, 0xA5F9, 0xA5D9, 0x9578, 0xB63A, 0xEF7E, 0xFFFF, 0xFFFF, 0xFFFF, 0xFFFF,
  0xD69A, 0x8C72, 0x7C10, 0x3208, 0x8410, 0xFFDF, 0xFFFF, 0xFFFF, 0xFFFF, 0xFFFF, 0xFFFF, 0xFFFF,
  0xFF7A, 0xF671, 0xE58A, 0xE529, 0xF5A9, 0xBCD2, 0x01B8, 0x0218, 0x0298, 0xB2AF, 0xD0A0, 0xC40F,
  0xC5B5, 0x94B2, 0x8BCE, 0xA226, 0xA140, 0x9162, 0x9800, 0xC0E0, 0xEB20, 0xFCA0, 0xFD60, 0xFD64,
  0xFCE0, 0xFCC0, 0xFDF1, 0xFED7, 0xFEB6, 0xFD6C, 0xFC60, 0xFC60, 0xFDCE, 0xFEF4, 0xFD6C, 0xE0C0,
  0xD9C4, 0xD000, 0xE48C, 0xFFD6, 0xF6F5, 0xEB47, 0xF000, 0xFDE2, 0xFEE0, 0xFEC0, 0xFE80, 0xFE60,
  0xFE20, 0xFDA0, 0xFD01, 0xFC83, 0xF404, 0xE3A5, 0xDB45, 0xCB06, 0xC2C6, 0xBAA7, 0xAA67, 0x9A47,
  0x8A08, 0x79E8, 0x71C8, 0x61A9, 0x59A9, 0x5189, 0x5189, 0x5189, 0x5989, 0x5989, 0x5989, 0x5169,
  0x5169, 0x5169, 0x494A, 0x494A, 0x414A, 0x414A, 0x414A, 0x392A, 0x392A, 0x312A, 0x312A, 0x312A,
  0x312A, 0x292A, 0x290A, 0x290A, 0x290A, 0x290A, 0x290A, 0x290A, 0x292A, 0x3129, 0x3129, 0x3129,
  0x3929, 0x3928, 0x4128, 0x4128, 0x4128, 0x4128, 0x4928, 0x4928, 0x4927, 0x4927, 0x4927, 0x5127,
  0x5127, 0x5127, 0x5127, 0x5947, 0x5947, 0x5947, 0x5947, 0x5947, 0x6146, 0x6146, 0x6946, 0x6946,
  0x6146, 0x6146, 0x6946, 0x69E5, 0xA004, 0xF4C1, 0xFEE0, 0xFDA1, 0xB184, 0x6925, 0x6965, 0x6146,
  0x6146, 0x8185, 0x6145, 0x5925, 0x6145, 0x6145, 0x6945, 0x6945, 0x7145, 0x7965, 0x8984, 0x99A4,
  0x99A3, 0x99A3, 0xA1A3, 0xA1C3, 0xA9C2, 0xA9C2, 0xB1E2, 0xB9E2, 0xC202, 0xC201, 0xE241, 0xFCA0,
  0xFD60, 0xFC40, 0xF280, 0xF2E0, 0xFB00, 0xFB00, 0xFB20, 0xFB60, 0xFBA0, 0xFBA0, 0xFBC0, 0xFC40,
  0xFC60, 0xFC60, 0xFC80, 0xFCA0, 0xFCC0, 0xFCE0, 0xFD00, 0xFD40, 0xFD60, 0xFDA4, 0xFE00, 0xFEE9,
  0xFFDB, 0xFFFF, 0xFFDA, 0xFF48, 0xFE80, 0xFE04, 0xFDE0, 0xFDE3, 0xFD81, 0xFD00, 0xFD00, 0xFD00,
  0xFCE0, 0xFC60, 0xFDE0, 0xFE02, 0xFC80, 0xFC60, 0xFCA0, 0xFCA0, 0xFCE2, 0xFC60, 0xFDE5, 0xFF29,
  0xFD04, 0xFC40, 0xFCC0, 0xFCC0,
  0x000D, 0x0273, 0x05FF, 0x0396, 0x000D, 0x0190, 0x00EF, 0x00CF, 0x000B, 0x000E, 0x0195, 0x00B1,
  0x000C, 0x006E, 0x00EF, 0x00EF, 0x0150, 0x0130, 0x0111, 0x0152, 0x0193, 0x000D, 0x00EF, 0x0110,
  0x0110, 0x0110, 0x0111, 0x0132, 0x0153, 0x0153, 0x0219, 0x027E, 0x025D, 0x027D, 0x029D, 0x029E,
  0x02BE, 0x02DE, 0x02FE, 0x031E, 0x033E, 0x035F, 0x039F, 0x03DF, 0x041F, 0x045F, 0x04BF, 0x051F,
  0x057F, 0x35FF, 0x06DF, 0xA79F, 0xFFFF, 0xD79F, 0x1E1F, 0x04DF, 0x243F, 0x03DF, 0x037E, 0x031E,
  0x02FE, 0x02DD, 0x02BD, 0x029D, 0x029C, 0x027C, 0x025C, 0x025C, 0x025C, 0x023C, 0x025C, 0x023C,
  0x023C, 0x023B, 0x023B, 0x023B, 0x023B, 0x023B, 0x021B, 0x021B, 0x021B, 0x021B, 0x021B, 0x021B,
  0x01FB, 0x01FB, 0x01FB, 0x01FB, 0x01FA, 0x01FA, 0x01FA, 0x01DA, 0x01FA, 0x01D9, 0x0133, 0x0133,
  0x0133, 0x0133, 0x0132, 0x0132, 0x0132, 0x0112, 0x0112, 0x0132, 0x0132, 0x0112, 0x0112, 0x0112,
  0x0112, 0x0112, 0x0112, 0x0132, 0x0132, 0x0132, 0x0132, 0x0132, 0x0132, 0x0133, 0x0133, 0x0133,
  0x0133, 0x0133, 0x0133, 0x0133, 0x0133, 0x0153, 0x0153, 0x0153, 0x0154, 0x0154, 0x0154, 0x0154,
  0x0155, 0x0175, 0x0176, 0x0176, 0x0177, 0x0197, 0x0198, 0x01B9, 0x01DA, 0x01FA, 0x01FB, 0x021C,
  0x023C, 0x027D, 0x029E, 0x02BE, 0x02FF, 0x033F, 0x039F, 0x03DF, 0x041F, 0x043F, 0x049F, 0x04FF,
  0x055F, 0x05DF, 0x063F, 0x069F, 0x16FF, 0x073F, 0x877F, 0xB65C, 0xA61B, 0xA61B, 0xAE3B, 0x8CF5,
  0x31C7, 0x4A6A, 0xA5D9, 0xA5D9, 0xA5D9, 0xA5D9, 0x9D98, 0xADD9, 0xDF1C, 0xFFFF, 0xFFFF, 0xFFFF,
  0xFFFF, 0xE71C, 0xCE59, 0xC638, 0xEF7D, 0xFFFF, 0xFFFF, 0xFFFF, 0xFFFF, 0xFFFF, 0xFFDD, 0xF6F6,
  0xEE0C, 0xD508, 0x6AC8, 0xAC27, 0xF5CA, 0x9414, 0x0159, 0x2A78, 0x0278, 0xA2B1, 0xC120, 0xA983,
  0xCD12, 0xCE58, 0xA576, 0x8B2C, 0x9800, 0x99A4, 0x9160, 0x8900, 0x9800, 0xC9A0, 0xF3C1, 0xFD00,
  0xFDA4, 0xFD80, 0xFCE0, 0xFCA0, 0xFC80, 0xFC80, 0xF528, 0xFE71, 0xFED3, 0xF4C9, 0xD800, 0xC902,
  0xD2A6, 0xC800, 0xE531, 0xF737, 0xDC2C, 0xE920, 0xF941, 0xFE85, 0xFFA0, 0xFF60, 0xFF20, 0xFEE0,
  0xFE80, 0xFE21, 0xFDC1, 0xFD62, 0xFD42, 0xFD03, 0xFCA3, 0xFC63, 0xF424, 0xE3E5, 0xDBA5, 0xD366,
  0xCB26, 0xC306, 0xBAC6, 0xB287, 0xAA47, 0x9A27, 0x9208, 0x89E8, 0x81E8, 0x79C9, 0x71A9, 0x69A9,
  0x6189, 0x5969, 0x5169, 0x516A, 0x494A, 0x414A, 0x414A, 0x394A, 0x392A, 0x392A, 0x312A, 0x312B,
  0x312B, 0x292A, 0x292A, 0x290A, 0x290A, 0x290A, 0x290A, 0x290A, 0x312A, 0x310A, 0x3129, 0x3129,
  0x3909, 0x3928, 0x4128, 0x4128, 0x4128, 0x4128, 0x4928, 0x4928, 0x4927, 0x4927, 0x5127, 0x5127,
  0x5127, 0x5127, 0x5127, 0x5947, 0x5947, 0x5947, 0x5947, 0x6147, 0x6146, 0x6946, 0x6946, 0x6146,
  0x6146, 0x6146, 0x7186, 0x7145, 0xC203, 0xFE00, 0xFE40, 0xCB23, 0x78A5, 0x6166, 0x6946, 0x5946,
  0x7165, 0x7145, 0x5926, 0x6125, 0x6145, 0x6945, 0x6945, 0x7145, 0x7965, 0x8184, 0x91A4, 0x99A3,
  0x99A3, 0x99A3, 0xA1A3, 0xA1C3, 0xA9C2, 0xA9E2, 0xB1E2, 0xBA02, 0xC202, 0xDA01, 0xFC60, 0xFD80,
  0xFCA0, 0xEAC0, 0xEAA0, 0xF2E0, 0xFAE0, 0xFB00, 0xFB40, 0xFB80, 0xFB80, 0xFBA0, 0xFC00, 0xFC40,
  0xFC40, 0xFC60, 0xFC80, 0xFCA0, 0xFCC0, 0xFCE0, 0xFD20, 0xFD40, 0xFD62, 0xFDC0, 0xFE80, 0xFF95,
  0xFFFF, 0xFFFD, 0xFF6E, 0xFEA0, 0xFE25, 0xFDA0, 0xFD80, 0xFDC3, 0xFD21, 0xFCC0, 0xFD00, 0xFCE0,
  0xFD02, 0xFD03, 0xFD61, 0xFD20, 0xFC80, 0xFC80, 0xFCC0, 0xFCA0, 0xFC60, 0xFC80, 0xFD23, 0xFD22,
  0xFCC0, 0xFCC0, 0xFCC0, 0xFCC0,
  0x0110, 0x01B1, 0x055C, 0x0376, 0x000C, 0x000E, 0x00F0, 0x00EF, 0x0170, 0x0130, 0x0030, 0x0295,
  0x043B, 0x012F, 0x008E, 0x010F, 0x00CF, 0x00EF, 0x008D, 0x0193, 0x0279, 0x0193, 0x00EF, 0x0110,
  0x0110, 0x0131, 0x0110, 0x0132, 0x0196, 0x01D7, 0x025C, 0x025D, 0x025D, 0x027D, 0x029D, 0x029E,
  0x02BE, 0x02DE, 0x02FE, 0x031E, 0x033E, 0x035F, 0x039F, 0x03BF, 0x03FF, 0x043F, 0x047F, 0x04DF,
  0x051F, 0x2D9F, 0x063F, 0x471F, 0xEFFF, 0xAF1F, 0x053F, 0x0C7F, 0x0BFF, 0x039E, 0x035E, 0x031E,
  0x02DD, 0x02BD, 0x029D, 0x029D, 0x027C, 0x027C, 0x025C, 0x025C, 0x025C, 0x025C, 0x025C, 0x025C,
  0x023C, 0x023B, 0x023B, 0x023B, 0x023B, 0x023B, 0x023B, 0x021B, 0x021B, 0x021B, 0x021B, 0x021B,
  0x021B, 0x021B, 0x01FB, 0x01FB, 0x01FA, 0x01FA, 0x01DA, 0x01FA, 0x01DA, 0x0154, 0x0133, 0x0153,
  0x0133, 0x0133, 0x0132, 0x0132, 0x0132, 0x0112, 0x0112, 0x0132, 0x0132, 0x0132, 0x0112, 0x0112,
  0x0112, 0x0112, 0x0132, 0x0132, 0x0132, 0x0132, 0x0132, 0x0132, 0x0132, 0x0132, 0x0133, 0x0133,
  0x0133, 0x0133, 0x0133, 0x0133, 0x0133, 0x0153, 0x0153, 0x0154, 0x0154, 0x0154, 0x0175, 0x0175,
  0x0176, 0x0196, 0x0197, 0x0198, 0x01B8, 0x01B9, 0x01DA, 0x01FB, 0x021C, 0x025D, 0x029E, 0x02DF,
  0x033F, 0x039F, 0x03FF, 0x043F, 0x04BF, 0x051F, 0x057F, 0x05BF, 0x061F, 0x065F, 0x069F, 0x06DF,
  0x0F1F, 0x2F5F, 0x3F5F, 0x477F, 0x579F, 0x5FBF, 0xAF5E, 0xA5FB, 0x9DFB, 0xA5FA, 0xA5FA, 0xAE3B,
  0x9D98, 0x9D77, 0xADFA, 0xA5D9, 0xA5D9, 0xA5D9, 0xA5D9, 0x9D77, 0x9D77, 0xCEBB, 0xFFFF, 0xFFFF,
  0xFFFF, 0xFFFF, 0xFFFF, 0xFFFF, 0xFFFF, 0xFFFF, 0xFFFF, 0xFFFF, 0xFFFF, 0xFF7A, 0xEE71, 0xEDCC,
  0xDDAD, 0x6287, 0x0000, 0xC485, 0xED6B, 0x42D6, 0x01B8, 0x2278, 0x0258, 0x8A51, 0xB9E0, 0x9800,
  0xAA25, 0xC534, 0xBDD7, 0x93CE, 0x8800, 0x9120, 0x9162, 0x9160, 0x8980, 0x8081, 0xA001, 0xD263,
  0xFC41, 0xFD87, 0xFE4C, 0xFE6E, 0xFE90, 0xFED2, 0xFF13, 0xFED1, 0xF443, 0xD800, 0xC903, 0xC9E1,
  0xC9A1, 0xC900, 0xD2E9, 0xD2C8, 0xD8C0, 0xE200, 0xE9A0, 0xFEF4, 0xFFF4, 0xFFD1, 0xFFCE, 0xFFAC,
  0xFF8A, 0xFF68, 0xFF46, 0xFF05, 0xFEC3, 0xFE83, 0xFE42, 0xFE02, 0xFDA2, 0xFD62, 0xFD03, 0xFCA3,
  0xF463, 0xF404, 0xEBA4, 0xE345, 0xD2E6, 0xC2A6, 0xB267, 0xA227, 0x9A08, 0x89E8, 0x79C8, 0x71A9,
  0x69A9, 0x6189, 0x596A, 0x516A, 0x494A, 0x414A, 0x414A, 0x394A, 0x392B, 0x392B, 0x312B, 0x312B,
  0x312B, 0x292B, 0x290B, 0x290A, 0x290A, 0x290A, 0x290A, 0x290A, 0x312A, 0x312A, 0x3129, 0x3909,
  0x3909, 0x3928, 0x4128, 0x4128, 0x4128, 0x4128, 0x4928, 0x4928, 0x4928, 0x4928, 0x5127, 0x5127,
  0x5127, 0x5127, 0x5927, 0x5947, 0x5947, 0x5947, 0x5947, 0x6147, 0x6146, 0x6946, 0x6146, 0x6146,
  0x6146, 0x6946, 0x71E6, 0x9005, 0xE442, 0xFE60, 0xEC62, 0x9044, 0x6165, 0x6166, 0x6146, 0x6146,
  0x7965, 0x6125, 0x6125, 0x6145, 0x6945, 0x6945, 0x7145, 0x7165, 0x7965, 0x91A4, 0x91A3, 0x99A3,
  0x99A3, 0x99A3, 0xA1C3, 0xA1C3, 0xA9E2, 0xA9E2, 0xBA02, 0xBA22, 0xD1C1, 0xF3E0, 0xFD80, 0xFD20,
  0xF300, 0xE260, 0xEAC0, 0xF2C0, 0xFB00, 0xFB20, 0xFB60, 0xFB80, 0xFB80, 0xFBC0, 0xFC20, 0xFC40,
  0xFC40, 0xFC80, 0xFC80, 0xFCA0, 0xFCE0, 0xFD00, 0xFD20, 0xFD40, 0xFD85, 0xFE20, 0xFF0C, 0xFFFD,
  0xFFFF, 0xFF92, 0xFEC0, 0xFE25, 0xFDC0, 0xFE45, 0xFDC4, 0xFCC0, 0xFD00, 0xFCE0, 0xFCC2, 0xFBC0,
  0xFDA7, 0xFE49, 0xFC81, 0xFC20, 0xFCA1, 0xFCA1, 0xFC40, 0xFCC2, 0xFE8C, 0xFD67, 0xFC40, 0xFC80,
  0xFCA0, 0xFCE1, 0xFCA1, 0xFCA0,
  0x00F0, 0x000F, 0x000F, 0x000F, 0x01F3, 0x02D6, 0x0070, 0x0110, 0x00CF, 0x00EF, 0x000D, 0x0274,
  0x045C, 0x01B1, 0x002D, 0x010F, 0x00EE, 0x00EF, 0x010F, 0x00CF, 0x01F6, 0x02DC, 0x0153, 0x00EF,
  0x0131, 0x0110, 0x0131, 0x0111, 0x0153, 0x023A, 0x025D, 0x023D, 0x025D, 0x027D, 0x027D, 0x029E,
  0x02BE, 0x02DE, 0x02FE, 0x02FE, 0x031E, 0x035E, 0x037F, 0x039F, 0x03DF, 0x041F, 0x045F, 0x049F,
  0x04DF, 0x0D3F, 0x05BF, 0x06BF, 0x979F, 0x6E1F, 0x047F, 0x1C1F, 0x03BF, 0x037E, 0x033E, 0x02FE,
  0x02DD, 0x02BD, 0x029D, 0x029C, 0x027C, 0x027C, 0x027C, 0x025C, 0x025C, 0x025C, 0x025C, 0x025C,
  0x023C, 0x023B, 0x023B, 0x023B, 0x023B, 0x023B, 0x023B, 0x023B, 0x021B, 0x021B, 0x021B, 0x021B,
  0x021B, 0x021B, 0x01FA, 0x01FA, 0x01FA, 0x01FA, 0x01FA, 0x01FA, 0x0176, 0x0133, 0x0154, 0x0133,
  0x0133, 0x0133, 0x0132, 0x0132, 0x0132, 0x0112, 0x0112, 0x0112, 0x0112, 0x0112, 0x0132, 0x0132,
  0x0132, 0x0132, 0x0132, 0x0132, 0x0132, 0x0112, 0x0132, 0x0132, 0x0132, 0x0132, 0x0132, 0x0132,
  0x0132, 0x0132, 0x0132, 0x0132, 0x0133, 0x0133, 0x0133, 0x0133, 0x0153, 0x0153, 0x0153, 0x0153,
  0x0154, 0x0154, 0x0154, 0x0175, 0x0175, 0x0176, 0x0197, 0x0198, 0x01B8, 0x01D9, 0x01FA, 0x023B,
  0x029C, 0x02DD, 0x031E, 0x037F, 0x03DF, 0x043F, 0x049F, 0x04FF, 0x055F, 0x05BF, 0x05FF, 0x065F,
  0x0E9F, 0x26DF, 0x36FF, 0x3F1E, 0x4F3E, 0x5F9F, 0xB71E, 0xA5FB, 0xAE3B, 0xB67C, 0xAE3B, 0xA5D9,
  0xAE1B, 0xA61A, 0xA5D9, 0xA5D9, 0xA5D9, 0x9DB8, 0x9DB8, 0xADF9, 0xADD9, 0xA5B8, 0xC67A, 0xF7BF,
  0xFFFF, 0xFFFF, 0xFFFF, 0xFFFF, 0xFFDF, 0xFFDF, 0xFFFF, 0xFFDD, 0xF6F6, 0xE5EE, 0xE58C, 0xE5CF,
  0x8BCA, 0x0000, 0x93C8, 0xF5A8, 0xC4AF, 0x01F7, 0x1217, 0x1237, 0x0237, 0x7A31, 0xB180, 0x9983,
  0x9000, 0x8800, 0x9B6C, 0xA4B1, 0x938D, 0x9120, 0x9140, 0x9142, 0x9120, 0x8920, 0x8080, 0x8800,
  0xB800, 0xEAC2, 0xFCA7, 0xFE2C, 0xFEEF, 0xFECE, 0xFE2A, 0xF3E0, 0xD800, 0xC309, 0xBB07, 0xC140,
  0xC160, 0xC9E3, 0xC8E0, 0xD000, 0xE201, 0xE1C0, 0xEA40, 0xFF11, 0xFFF1, 0xFFAD, 0xFF8B, 0xFF49,
  0xFF28, 0xFEE6, 0xFEA5, 0xFE64, 0xFE03, 0xFDA2, 0xFD43, 0xFD03, 0xF4A4, 0xE444, 0xDC05, 0xD3A6,
  0xC346, 0xBB07, 0xB2C7, 0xA288, 0x9A48, 0x8A08, 0x79E9, 0x71C9, 0x69A9, 0x6189, 0x5169, 0x516A,
  0x496A, 0x416A, 0x414A, 0x394B, 0x394B, 0x312B, 0x312B, 0x312B, 0x292B, 0x292B, 0x292B, 0x292B,
  0x292B, 0x292B, 0x290B, 0x290B, 0x290B, 0x290A, 0x290A, 0x290A, 0x312A, 0x312A, 0x3129, 0x3929,
  0x3929, 0x3929, 0x4128, 0x4128, 0x4128, 0x4928, 0x4928, 0x4928, 0x4928, 0x5128, 0x5128, 0x5127,
  0x5127, 0x5927, 0x5927, 0x5947, 0x5947, 0x5947, 0x6147, 0x6147, 0x6946, 0x6146, 0x6146, 0x6146,
  0x6146, 0x6986, 0x7165, 0xB9C4, 0xFE00, 0xFD80, 0xB1C4, 0x7105, 0x6166, 0x6946, 0x5946, 0x7165,
  0x6945, 0x6125, 0x6145, 0x6945, 0x6945, 0x6945, 0x7165, 0x7965, 0x8984, 0x91A4, 0x91A4, 0x99C3,
  0x99C3, 0xA1C3, 0xA1C3, 0xA1C3, 0xA9E2, 0xB1E2, 0xBA22, 0xC1C1, 0xF361, 0xFD80, 0xFD80, 0xF3A0,
  0xE240, 0xEAC0, 0xEAA0, 0xF2E0, 0xFB00, 0xFB40, 0xFB60, 0xFB60, 0xFB80, 0xFC00, 0xFC20, 0xFC40,
  0xFC60, 0xFC80, 0xFCA0, 0xFCE0, 0xFD00, 0xFD00, 0xFD20, 0xFD63, 0xFDA0, 0xFE80, 0xFFB7, 0xFFFF,
  0xFFB8, 0xFEE0, 0xFE21, 0xFDA3, 0xFD80, 0xFE06, 0xFD84, 0xFCC0, 0xFD01, 0xFCC0, 0xFCE1, 0xFD00,
  0xFD44, 0xFD25, 0xFCA0, 0xFC80, 0xFCA0, 0xFCA2, 0xFC40, 0xFD03, 0xFEAD, 0xFD47, 0xFC80, 0xFCE1,
  0xFCE1, 0xFC80, 0xFC80, 0xFD00,
  0x00CF, 0x0110, 0x008F, 0x000D, 0x03B8, 0x059F, 0x01B2, 0x0110, 0x0170, 0x00CF, 0x00EF, 0x006E,
  0x010F, 0x010F, 0x000C, 0x000B, 0x00EE, 0x00EF, 0x00EF, 0x00CF, 0x0110, 0x01D6, 0x0152, 0x00F0,
  0x0131, 0x0111, 0x0131, 0x0111, 0x0173, 0x023B, 0x023D, 0x025D, 0x025D, 0x027D, 0x027D, 0x029E,
  0x02BE, 0x02DE, 0x02DE, 0x02FE, 0x031E, 0x035E, 0x037F, 0x039F, 0x03BF, 0x03DF, 0x041F, 0x045F,
  0x049F, 0x04FF, 0x055F, 0x065F, 0x067F, 0x04DF, 0x0BFF, 0x03DF, 0x037E, 0x033E, 0x02FE, 0x02DD,
  0x02DD, 0x02BD, 0x029D, 0x029D, 0x027C, 0x027C, 0x025C, 0x025C, 0x025C, 0x025C, 0x025C, 0x025C,
  0x025C, 0x023B, 0x023B, 0x023B, 0x023B, 0x023B, 0x023B, 0x023B, 0x021B, 0x021B, 0x021B, 0x021B,
  0x021B, 0x021A, 0x01FA, 0x01FA, 0x01FA, 0x01FA, 0x01FA, 0x0197, 0x0133, 0x0154, 0x0133, 0x0133,
  0x0133, 0x0133, 0x0133, 0x0132, 0x0132, 0x0132, 0x0112, 0x0132, 0x0132, 0x0132, 0x0132, 0x0132,
  0x0132, 0x0132, 0x0132, 0x0132, 0x0132, 0x0132, 0x0132, 0x0112, 0x0132, 0x0132, 0x0132, 0x0132,
  0x0132, 0x0132, 0x0132, 0x0132, 0x0132, 0x0132, 0x0132, 0x0132, 0x0132, 0x0132, 0x0132, 0x0132,
  0x0132, 0x0132, 0x0132, 0x0133, 0x0133, 0x0133, 0x0134, 0x0154, 0x0155, 0x0155, 0x0156, 0x0157,
  0x0179, 0x017A, 0x019C, 0x019D, 0x01BE, 0x01FE, 0x025F, 0x029F, 0x02FF, 0x035F, 0x03BF, 0x043F,
  0x04DF, 0x057F, 0x05FF, 0x067E, 0x06DF, 0x077F, 0xA6DD, 0xAE1B, 0xA5F9, 0x84B4, 0x9DB8, 0x9DFA,
  0x9598, 0x9DB9, 0x9DB9, 0x9DB8, 0x9DB8, 0x9DB8, 0xA5D9, 0x8493, 0x73F0, 0xA597, 0x9D77, 0xB619,
  0xEF7E, 0xFFFF, 0xFFFF, 0xFFFF, 0xFFFF, 0xFFFF, 0xFF9C, 0xEE73, 0xDDAE, 0xDD8F, 0xEE10, 0xD58E,
  0x0001, 0x7B27, 0xDD29, 0xE528, 0x9BD4, 0x0138, 0x3257, 0x0217, 0x0217, 0x6A12, 0xA160, 0x8920,
  0x91C6, 0x8000, 0x7800, 0x9C50, 0xA4B2, 0x8A67, 0x8800, 0x8963, 0x80A0, 0x81C6, 0x934D, 0x8AEA,
  0x80C0, 0xA800, 0xD880, 0xF320, 0xFC60, 0xFC40, 0xFB80, 0xD8C0, 0xD3C9, 0xBCCC, 0xABAA, 0xB961,
  0xC140, 0xC1A0, 0xC9E3, 0xD224, 0xD305, 0xE980, 0xF365, 0xFF68, 0xFFC0, 0xFF40, 0xFEE0, 0xFE60,
  0xFE00, 0xFD80, 0xFD00, 0xFC82, 0xF423, 0xEBC4, 0xE364, 0xDB25, 0xCAE6, 0xBA87, 0xAA47, 0x9228,
  0x81E8, 0x71C9, 0x61C9, 0x51A9, 0x51AA, 0x498A, 0x396A, 0x396A, 0x314A, 0x314A, 0x294B, 0x292B,
  0x292B, 0x292B, 0x292B, 0x292B, 0x292B, 0x292B, 0x292B, 0x292B, 0x210B, 0x210B, 0x210B, 0x212C,
  0x210B, 0x210B, 0x290B, 0x290B, 0x290B, 0x290B, 0x290B, 0x290A, 0x312A, 0x312A, 0x312A, 0x3929,
  0x3929, 0x3929, 0x4129, 0x4128, 0x4128, 0x4928, 0x4928, 0x4928, 0x4928, 0x4928, 0x5128, 0x5128,
  0x5127, 0x5927, 0x5947, 0x5947, 0x5947, 0x6147, 0x6147, 0x6147, 0x6147, 0x6147, 0x6147, 0x6146,
  0x6126, 0x69E6, 0x8805, 0xDC43, 0xFE20, 0xD383, 0x8005, 0x6166, 0x6146, 0x6146, 0x6146, 0x7166,
  0x6146, 0x6125, 0x6145, 0x6945, 0x6945, 0x7165, 0x7965, 0x8164, 0x91A4, 0x91A4, 0x91A4, 0x99C3,
  0x99C3, 0xA1C3, 0xA1C3, 0xA1C3, 0xA9E2, 0xB202, 0xC1E2, 0xE2C1, 0xFD20, 0xFDA0, 0xFC20, 0xE240,
  0xE2C0, 0xEAC0, 0xEAC0, 0xF2E0, 0xFB00, 0xFB40, 0xFB60, 0xFB60, 0xFBC0, 0xFC20, 0xFC20, 0xFC40,
  0xFC60, 0xFC80, 0xFCA0, 0xFCE0, 0xFCE0, 0xFD00, 0xFD40, 0xFD64, 0xFDE0, 0xFF0E, 0xFFFF, 0xFFDC,
  0xFF06, 0xFE40, 0xFDC6, 0xFDC0, 0xFD60, 0xFCE0, 0xFCC0, 0xFCE0, 0xFCC0, 0xFC60, 0xFD40, 0xFE22,
  0xFCA0, 0xFBE0, 0xFC80, 0xFC80, 0xFC40, 0xFC80, 0xFE00, 0xFD60, 0xFC60, 0xFC80, 0xFCA0, 0xFCE3,
  0xFCA0, 0xFD24, 0xFEEB, 0xFDC5,
  0x00AF, 0x00CF, 0x0130, 0x000F, 0x02B4, 0x049B, 0x0192, 0x000E, 0x000E, 0x00EF, 0x00EF, 0x00EF,
  0x000D, 0x002D, 0x0255, 0x0319, 0x006E, 0x010F, 0x010F, 0x010F, 0x00F0, 0x004E, 0x0110, 0x0110,
  0x00EF, 0x0110, 0x0111, 0x0131, 0x01F8, 0x025D, 0x021C, 0x025D, 0x025D, 0x027D, 0x027D, 0x027D,
  0x029E, 0x02BE, 0x02DE, 0x02FE, 0x031E, 0x033E, 0x035F, 0x037F, 0x039F, 0x03BF, 0x03FF, 0x043F,
  0x047F, 0x04DF, 0x04FF, 0x0E3F, 0x057F, 0x03FF, 0x03DF, 0x039E, 0x035E, 0x031E, 0x02FE, 0x02DD,
  0x02DD, 0x02BD, 0x029D, 0x029D, 0x027C, 0x027C, 0x027C, 0x027C, 0x025C, 0x025C, 0x025C, 0x025C,
  0x023C, 0x023C, 0x023B, 0x023B, 0x023B, 0x023B, 0x023B, 0x023B, 0x021B, 0x021B, 0x021B, 0x021B,
  0x021B, 0x01FA, 0x01FA, 0x01FA, 0x01FA, 0x01FB, 0x01B8, 0x0154, 0x0154, 0x0154, 0x0133, 0x0133,
  0x0133, 0x0133, 0x0133, 0x0132, 0x0132, 0x0133, 0x0133, 0x0132, 0x0132, 0x0132, 0x0132, 0x0132,
  0x0132, 0x0133, 0x0132, 0x0132, 0x0132, 0x0132, 0x0132, 0x0132, 0x0132, 0x0132, 0x0132, 0x0132,
  0x0132, 0x0132, 0x0132, 0x0133, 0x0132, 0x0132, 0x0132, 0x0132, 0x0132, 0x0132, 0x0132, 0x0132,
  0x0132, 0x0132, 0x0133, 0x0133, 0x0133, 0x0154, 0x0154, 0x0154, 0x0155, 0x0175, 0x0176, 0x0196,
  0x0197, 0x01B8, 0x01B8, 0x01DA, 0x01FB, 0x021D, 0x025E, 0x029F, 0x031F, 0x039F, 0x043F, 0x04DF,
  0x055F, 0x05BF, 0x061F, 0x067F, 0x16BF, 0x06DF, 0x8E7D, 0xA5FB, 0x7453, 0x0000, 0x424A, 0x9577,
  0x9DDA, 0x9DB9, 0x9DD9, 0xA5F9, 0x9DB8, 0xA5B9, 0xA5D8, 0x2124, 0x0000, 0x5AEC, 0x9D57, 0x8D16,
  0xB619, 0xEF7D, 0xF7BE, 0xFFDF, 0xFFFF, 0xFF7B, 0xE611, 0xDD6E, 0xDD8F, 0xE5D0, 0xDDAF, 0xB48B,
  0xB429, 0xD4EB, 0xDCE7, 0xCCAB, 0x62F5, 0x0157, 0x2A36, 0x01F6, 0x01F6, 0x51F2, 0x9141, 0x88C0,
  0x8040, 0x8120, 0x7900, 0x8247, 0x8BEE, 0x83AE, 0x7A49, 0x8143, 0x8000, 0x8B2C, 0x8C93, 0x8C51,
  0x82EB, 0x70E0, 0x9921, 0xD1C3, 0xF240, 0xFB45, 0xE181, 0xCAE4, 0xEE0E, 0xE630, 0xC3CA, 0xB8C0,
  0xB960, 0xB9C2, 0xB8C0, 0xD387, 0xBC8A, 0xDA04, 0xF403, 0xFF4A, 0xFF69, 0xFF26, 0xFEE5, 0xFE84,
  0xFE43, 0xFDE2, 0xFD42, 0xFCC3, 0xEC24, 0xD3A5, 0xC326, 0xAAE7, 0x9AA7, 0x9288, 0x8A68, 0x7A49,
  0x7229, 0x6A0A, 0x69EA, 0x59CA, 0x51AA, 0x498B, 0x496B, 0x416B, 0x394B, 0x394B, 0x314B, 0x312B,
  0x312B, 0x292C, 0x292C, 0x292C, 0x292C, 0x292C, 0x292C, 0x292C, 0x210C, 0x210C, 0x210C, 0x210C,
  0x210C, 0x210C, 0x210C, 0x210B, 0x290B, 0x290B, 0x290B, 0x290B, 0x310A, 0x310A, 0x312A, 0x392A,
  0x3929, 0x3929, 0x3929, 0x4129, 0x4129, 0x4128, 0x4928, 0x4928, 0x4928, 0x4928, 0x5128, 0x5128,
  0x5128, 0x5928, 0x5928, 0x5947, 0x5947, 0x6147, 0x6147, 0x6147, 0x6147, 0x5947, 0x5947, 0x6146,
  0x6166, 0x7166, 0xA0E4, 0xF5A0, 0xECC2, 0x98E5, 0x6126, 0x6166, 0x6126, 0x5946, 0x6946, 0x6146,
  0x6146, 0x6145, 0x6945, 0x6945, 0x7165, 0x7965, 0x8165, 0x89A4, 0x91A4, 0x91A4, 0x99A3, 0x99C3,
  0xA1C3, 0xA1E3, 0xA9E3, 0xA9E3, 0xB1E2, 0xBA02, 0xDA21, 0xFC80, 0xFDC0, 0xFCA0, 0xEA60, 0xE2A0,
  0xE2A0, 0xEAC0, 0xEAE0, 0xF2E0, 0xFB00, 0xFB40, 0xFB40, 0xFBA0, 0xFC00, 0xFC20, 0xFC20, 0xFC40,
  0xFC60, 0xFC80, 0xFCA0, 0xFCC0, 0xFCE0, 0xFD20, 0xFD44, 0xFD80, 0xFE60, 0xFFBA, 0xFFFF, 0xFF4F,
  0xFE60, 0xFDA6, 0xFDC0, 0xFDC0, 0xFCE0, 0xFCC0, 0xFCC0, 0xFCC0, 0xFCA0, 0xFC60, 0xFCE0, 0xFCE0,
  0xFC81, 0xFC81, 0xFC80, 0xFCA0, 0xFC82, 0xFCE1, 0xFDC0, 0xFCE0, 0xFC40, 0xFCA0, 0xFCC2, 0xFCA0,
  0xFC20, 0xFE27, 0xFF0B, 0xFD43,
  0x0150, 0x00CF, 0x00AF, 0x00F0, 0x000F, 0x000F, 0x008F, 0x01D2, 0x01F2, 0x00AF, 0x00EF, 0x00EF,
  0x012F, 0x008E, 0x0235, 0x031B, 0x008F, 0x00CE, 0x00CE, 0x00EF, 0x00EF, 0x0130, 0x00EF, 0x0131,
  0x01D6, 0x0173, 0x00D0, 0x0174, 0x025C, 0x023D, 0x023C, 0x025D, 0x025D, 0x025D, 0x027D, 0x027D,
  0x029E, 0x02BE, 0x02DE, 0x02FE, 0x031E, 0x031E, 0x033E, 0x035F, 0x039F, 0x03BF, 0x03DF, 0x041F,
  0x045F, 0x045F, 0x051F, 0x061F, 0x149F, 0x0B7F, 0x03BF, 0x035E, 0x033E, 0x031E, 0x02FE, 0x02DD,
  0x02DD, 0x02BD, 0x029D, 0x029D, 0x027D, 0x027C, 0x027C, 0x027C, 0x025C, 0x025C, 0x025C, 0x025C,
  0x025C, 0x023C, 0x023B, 0x023B, 0x023B, 0x023B, 0x023B, 0x023B, 0x023B, 0x021B, 0x021B, 0x021B,
  0x021B, 0x01FA, 0x01FA, 0x01FA, 0x01FA, 0x01D9, 0x0154, 0x0154, 0x0154, 0x0154, 0x0153, 0x0133,
  0x0133, 0x0133, 0x0133, 0x0133, 0x0133, 0x0133, 0x0133, 0x0133, 0x0133, 0x0133, 0x0133, 0x0133,
  0x0133, 0x0133, 0x0133, 0x0133, 0x0132, 0x0132, 0x0132, 0x0132, 0x0132, 0x0132, 0x0132, 0x0132,
  0x0132, 0x0132, 0x0133, 0x0132, 0x0132, 0x0132, 0x0132, 0x0132, 0x0132, 0x0132, 0x0132, 0x0132,
  0x0132, 0x0132, 0x0133, 0x0133, 0x0133, 0x0133, 0x0154, 0x0154, 0x0154, 0x0155, 0x0155, 0x0176,
  0x0177, 0x01B8, 0x01DA, 0x021B, 0x025D, 0x02BE, 0x02FF, 0x035F, 0x03BF, 0x041F, 0x045F, 0x049F,
  0x04BF, 0x04DF, 0x04FF, 0x051F, 0x1D5F, 0x055F, 0x6DFD, 0x9DFB, 0x7C95, 0x0000, 0x0000, 0x636F,
  0xA5DA, 0x9DB9, 0x9D98, 0x8CF5, 0x9D98, 0x9D98, 0x9DB8, 0x4A8B, 0x0000, 0x0000, 0x7C11, 0xA5B8,
  0x9D57, 0xCEBB, 0xEF7D, 0xF7BE, 0xF77B, 0xE5F1, 0xD56E, 0xD590, 0xDDAF, 0xDD8E, 0x8349, 0x5A24,
  0xDD2C, 0xD4EA, 0xCCA7, 0xBC2E, 0x01B5, 0x01D5, 0x11F5, 0x11D5, 0x01D5, 0x41D2, 0x8124, 0x7900,
  0x6A09, 0x71E7, 0x78C0, 0x7800, 0x830B, 0x7BF0, 0x6B6E, 0x7ACB, 0x7800, 0x8AA9, 0xA4F4, 0x94F4,
  0x7BF0, 0x6A08, 0x7820, 0xA961, 0xE241, 0xF2E2, 0xC000, 0xDD6F, 0xFFB6, 0xF693, 0xC287, 0xB800,
  0xC223, 0xB000, 0xC325, 0xED4A, 0xD58B, 0xC925, 0xECA0, 0xFE80, 0xFE40, 0xFDE2, 0xFDA2, 0xFD82,
  0xFD63, 0xF523, 0xF503, 0xF4C3, 0xF464, 0xE404, 0xDBC5, 0xC346, 0xAAE7, 0x9A88, 0x8248, 0x7229,
  0x61EA, 0x59CA, 0x49AA, 0x418B, 0x396B, 0x396B, 0x394B, 0x314B, 0x314B, 0x314B, 0x292B, 0x292C,
  0x292C, 0x292C, 0x212C, 0x212C, 0x212C, 0x212C, 0x212C, 0x210C, 0x210C, 0x210C, 0x210C, 0x210C,
  0x210C, 0x210C, 0x210C, 0x210B, 0x210B, 0x290B, 0x290B, 0x290B, 0x312B, 0x310A, 0x310A, 0x312A,
  0x392A, 0x392A, 0x3929, 0x3929, 0x4129, 0x4129, 0x4128, 0x4928, 0x4928, 0x4928, 0x4928, 0x5128,
  0x5128, 0x5128, 0x5928, 0x5947, 0x6147, 0x6147, 0x5947, 0x6147, 0x5947, 0x5947, 0x5947, 0x5927,
  0x69E6, 0x7006, 0xCC03, 0xFD60, 0xBA84, 0x7066, 0x6166, 0x6146, 0x5946, 0x6146, 0x6946, 0x6146,
  0x6945, 0x6945, 0x6945, 0x7145, 0x7165, 0x7965, 0x8984, 0x91A4, 0x91A4, 0x91A4, 0x99C3, 0x99C3,
  0xA1C3, 0xA9E3, 0xA9E3, 0xA9E3, 0xBA02, 0xC9E2, 0xF3C0, 0xFD40, 0xFCE0, 0xEAE0, 0xDA60, 0xE2A0,
  0xE2A0, 0xEAC0, 0xF2E0, 0xF300, 0xFB20, 0xFB40, 0xFB60, 0xFBE0, 0xFC00, 0xFC20, 0xFC20, 0xFC40,
  0xFC60, 0xFC80, 0xFCA0, 0xFCC0, 0xFD00, 0xFD20, 0xFD44, 0xFDC0, 0xFF11, 0xFFFF, 0xFF76, 0xFE60,
  0xFE05, 0xFDE3, 0xFD80, 0xFCE0, 0xFCA0, 0xFCC0, 0xFCA0, 0xFC40, 0xFDE3, 0xFE04, 0xFC20, 0xFC00,
  0xFC60, 0xFC80, 0xFC00, 0xFBA0, 0xFE68, 0xFDE6, 0xFC20, 0xFC60, 0xFCA1, 0xFCA2, 0xFC60, 0xFD03,
  0xFCE3, 0xFD22, 0xFCE0, 0xFCC0,
  0x000F, 0x0110, 0x00D0, 0x00CF, 0x0110, 0x004F, 0x000E, 0x047B, 0x04FD, 0x000D, 0x012F, 0x00CF,
  0x00EF, 0x00F0, 0x00B0, 0x00D1, 0x0111, 0x0130, 0x00EF, 0x00EE, 0x00EF, 0x00EF, 0x00EF, 0x0110,
  0x01B5, 0x0173, 0x0111, 0x01F9, 0x025E, 0x021C, 0x023C, 0x023D, 0x025D, 0x025D, 0x027D, 0x027D,
  0x029D, 0x02BE, 0x02DE, 0x02DE, 0x02FE, 0x031E, 0x033E, 0x035F, 0x037F, 0x039F, 0x03BF, 0x03FF,
  0x045F, 0x03FF, 0x057F, 0x057F, 0x039F, 0x035F, 0x037E, 0x035E, 0x031E, 0x02FE, 0x02FE, 0x02DD,
  0x02BD, 0x029D, 0x029D, 0x029D, 0x027C, 0x027C, 0x027C, 0x027C, 0x025C, 0x025C, 0x025C, 0x025C,
  0x025C, 0x025C, 0x023C, 0x023B, 0x023B, 0x023B, 0x023B, 0x023B, 0x023B, 0x021B, 0x021B, 0x021B,
  0x01FB, 0x01FA, 0x01FA, 0x01FA, 0x01FA, 0x0175, 0x0174, 0x0154, 0x0154, 0x0154, 0x0154, 0x0133,
  0x0133, 0x0133, 0x0133, 0x0133, 0x0133, 0x0133, 0x0133, 0x0133, 0x0133, 0x0133, 0x0133, 0x0133,
  0x0133, 0x0133, 0x0133, 0x0133, 0x0132, 0x0132, 0x0132, 0x0133, 0x0133, 0x0133, 0x0133, 0x0133,
  0x0133, 0x0133, 0x0133, 0x0132, 0x0132, 0x0132, 0x0132, 0x0132, 0x0132, 0x0132, 0x0132, 0x0132,
  0x0132, 0x0133, 0x0133, 0x0133, 0x0133, 0x0134, 0x0154, 0x0154, 0x0155, 0x0177, 0x0198, 0x01B9,
  0x01DA, 0x021B, 0x023C, 0x025D, 0x027D, 0x02BD, 0x02BD, 0x02DE, 0x02DE, 0x02FF, 0x02FF, 0x02FF,
  0x02FF, 0x031F, 0x037F, 0x03DF, 0x0C5F, 0x049F, 0x3D1F, 0x95FB, 0x9DBA, 0x52ED, 0x0000, 0x0000,
  0x8D57, 0x8D78, 0x5B2D, 0x1081, 0x63B0, 0x8D57, 0x8D37, 0x84B4, 0x08A3, 0x0000, 0x4229, 0xADF9,
  0x9D77, 0xB619, 0xDF1C, 0xEF5C, 0xE653, 0xD56E, 0xD590, 0xDD8F, 0xD58F, 0x8369, 0x0000, 0x7B07,
  0xD4EC, 0xC48A, 0xCC89, 0x8B50, 0x0074, 0x29D3, 0x01B4, 0x11B4, 0x0193, 0x29B1, 0x6865, 0x79E5,
  0x738F, 0x632D, 0x6A49, 0x6800, 0x7227, 0x8410, 0x8431, 0x7BD0, 0x7A69, 0x8000, 0x9BEF, 0xB5D7,
  0xA5B7, 0x83AF, 0x6800, 0x88A0, 0xDA03, 0xEA41, 0xB800, 0xE655, 0xF717, 0xC3CC, 0xB000, 0xB9A0,
  0xB9C2, 0xB000, 0xE5AD, 0xFF10, 0xDCEC, 0xD1A0, 0xFD60, 0xFDC1, 0xFD21, 0xFCC2, 0xF463, 0xEC04,
  0xDBC5, 0xD385, 0xCB66, 0xBB67, 0xBB67, 0xBB67, 0xBB47, 0xB327, 0xAAE8, 0x9AA8, 0x8A68, 0x8249,
  0x7229, 0x69EA, 0x59CA, 0x51AB, 0x498B, 0x416B, 0x394B, 0x314C, 0x314C, 0x294C, 0x292C, 0x212C,
  0x212C, 0x212C, 0x212C, 0x212C, 0x212C, 0x212C, 0x212C, 0x210C, 0x210C, 0x210C, 0x210C, 0x210C,
  0x210C, 0x210C, 0x210C, 0x210C, 0x210C, 0x290B, 0x290B, 0x290B, 0x290B, 0x310B, 0x310A, 0x310A,
  0x312A, 0x392A, 0x392A, 0x392A, 0x4129, 0x4129, 0x4129, 0x4129, 0x4128, 0x4928, 0x4928, 0x4928,
  0x5128, 0x5128, 0x5128, 0x5928, 0x5927, 0x5947, 0x5947, 0x6147, 0x5947, 0x5947, 0x5947, 0x6167,
  0x6946, 0x9165, 0xF520, 0xDBE3, 0x7866, 0x6146, 0x6146, 0x6126, 0x6146, 0x6946, 0x6146, 0x6146,
  0x6945, 0x6945, 0x7145, 0x7165, 0x7965, 0x8185, 0x91A4, 0x91A4, 0x99A4, 0x99C4, 0x99C3, 0xA1C3,
  0xA9E3, 0xA9E3, 0xAA03, 0xB222, 0xC202, 0xEB41, 0xFCE0, 0xFCC0, 0xEB20, 0xDA60, 0xDAA0, 0xE2A0,
  0xE2C0, 0xEAE0, 0xF300, 0xFB00, 0xFB20, 0xFB40, 0xFBC0, 0xFC00, 0xFC00, 0xFC20, 0xFC40, 0xFC40,
  0xFC60, 0xFC80, 0xFCA0, 0xFCC0, 0xFD00, 0xFD44, 0xFD60, 0xFE62, 0xFFDB, 0xFFDB, 0xFE80, 0xFDE0,
  0xFDC5, 0xFD80, 0xFCE0, 0xFC80, 0xFCA0, 0xFCA0, 0xFC80, 0xFC20, 0xFD63, 0xFD63, 0xFC20, 0xFC60,
  0xFC80, 0xFC20, 0xFCC0, 0xFD00, 0xFD85, 0xFD03, 0xFC40, 0xFC60, 0xFCC3, 0xFC40, 0xFD48, 0xFF51,
  0xFDA9, 0xFC40, 0xFCC0, 0xFCE0,
  0x0071, 0x000F, 0x0110, 0x00CF, 0x00CF, 0x010F, 0x000D, 0x0335, 0x04BD, 0x0110, 0x00AD, 0x0150,
  0x00CF, 0x0173, 0x0258, 0x006F, 0x00F0, 0x0217, 0x0216, 0x002C, 0x0130, 0x00EF, 0x0110, 0x0110,
  0x00F0, 0x0110, 0x0174, 0x025C, 0x021D, 0x021C, 0x023D, 0x023D, 0x025D, 0x025D, 0x025D, 0x027D,
  0x029D, 0x02BE, 0x02BE, 0x02DE, 0x02FE, 0x02FE, 0x031E, 0x033E, 0x035F, 0x037F, 0x039F, 0x03DF,
  0x041F, 0x041F, 0x057F, 0x049F, 0x031E, 0x037E, 0x033E, 0x033E, 0x031E, 0x02FE, 0x02DD, 0x02BD,
  0x02BD, 0x029D, 0x029D, 0x029D, 0x027D, 0x027C, 0x027C, 0x027C, 0x025C, 0x025C, 0x025C, 0x025C,
  0x025C, 0x025C, 0x023C, 0x023B, 0x023B, 0x023B, 0x023B, 0x023B, 0x023B, 0x021B, 0x021B, 0x021B,
  0x01FB, 0x01FA, 0x01FA, 0x01FA, 0x0196, 0x0175, 0x0175, 0x0155, 0x0154, 0x0154, 0x0154, 0x0154,
  0x0153, 0x0133, 0x0133, 0x0133, 0x0133, 0x0133, 0x0133, 0x0133, 0x0133, 0x0133, 0x0133, 0x0133,
  0x0133, 0x0133, 0x0133, 0x0133, 0x0133, 0x0133, 0x0133, 0x0133, 0x0133, 0x0133, 0x0133, 0x0133,
  0x0133, 0x0133, 0x0133, 0x0133, 0x0132, 0x0132, 0x0132, 0x0132, 0x0132, 0x0132, 0x0132, 0x0132,
  0x0133, 0x0133, 0x0133, 0x0154, 0x0154, 0x0155, 0x0155, 0x0176, 0x0176, 0x0177, 0x0197, 0x0198,
  0x0198, 0x01B8, 0x01B8, 0x01B9, 0x01B9, 0x0199, 0x019A, 0x01BB, 0x01BC, 0x01DD, 0x021E, 0x025E,
  0x029E, 0x02DF, 0x031F, 0x037F, 0x03DF, 0x141F, 0x03BF, 0x6CDD, 0x8DBB, 0x84F7, 0x4ACC, 0x52CC,
  0x7CF7, 0x7D17, 0x31E8, 0x0000, 0x0000, 0x7453, 0x84D6, 0x8D16, 0x84B4, 0x4A8B, 0x73F0, 0xA5B8,
  0x9556, 0x9D76, 0xCE9A, 0xE6B7, 0xD58F, 0xD590, 0xD590, 0xDDB0, 0x9C2C, 0x0000, 0x41C4, 0xB46B,
  0xB44B, 0xB44A, 0xB44C, 0x5251, 0x00D2, 0x21B2, 0x0173, 0x0972, 0x0151, 0x0190, 0x58C9, 0x8120,
  0x8BCF, 0x7C10, 0x52AB, 0x51A6, 0x5000, 0x72EB, 0x9CF3, 0xA555, 0x8B8E, 0x7000, 0x7060, 0x93CF,
  0x9CD3, 0x82EC, 0x6800, 0x80E0, 0xD9C1, 0xE1E1, 0xB8C0, 0xBB8C, 0xB30A, 0xA000, 0xA100, 0xA9E4,
  0xA000, 0xB1E4, 0xF6F4, 0xEE92, 0xC205, 0xE360, 0xFD02, 0xFCC2, 0xF482, 0xEC23, 0xDBE5, 0xCB86,
  0xBB47, 0xAB07, 0x9AC8, 0x8A89, 0x7A49, 0x6A29, 0x6A0A, 0x620A, 0x620A, 0x59EA, 0x59CA, 0x59CA,
  0x51CA, 0x51AB, 0x51AB, 0x49AB, 0x418C, 0x416C, 0x396C, 0x314C, 0x314C, 0x294C, 0x294C, 0x294D,
  0x212D, 0x212D, 0x212D, 0x212D, 0x212D, 0x212D, 0x212D, 0x212D, 0x210D, 0x210D, 0x210D, 0x210D,
  0x210D, 0x210C, 0x210C, 0x210C, 0x290C, 0x290C, 0x290C, 0x290B, 0x290B, 0x310B, 0x310B, 0x310B,
  0x310A, 0x312A, 0x392A, 0x392A, 0x392A, 0x3929, 0x4129, 0x4129, 0x4129, 0x4129, 0x4929, 0x4929,
  0x5128, 0x5128, 0x5128, 0x5148, 0x5948, 0x5928, 0x5947, 0x5947, 0x5147, 0x5947, 0x5947, 0x69A7,
  0x5806, 0xC324, 0xEC01, 0x99C5, 0x60E6, 0x6166, 0x5946, 0x5926, 0x6146, 0x6146, 0x6146, 0x6146,
  0x6946, 0x7145, 0x7165, 0x7965, 0x7985, 0x89A4, 0x91A4, 0x91C4, 0x99C4, 0x99C4, 0xA1C3, 0xA1E3,
  0xA9E3, 0xAA03, 0xB202, 0xBA02, 0xDAA1, 0xFC60, 0xFCC0, 0xF380, 0xDA41, 0xDAA1, 0xDA81, 0xE2A0,
  0xEAC0, 0xF300, 0xF300, 0xFB00, 0xFB20, 0xFBA0, 0xFC00, 0xFC00, 0xFC00, 0xFC20, 0xFC40, 0xFC40,
  0xFC60, 0xFC80, 0xFCA0, 0xFCC0, 0xFD01, 0xFD42, 0xFDC0, 0xFF33, 0xFFFC, 0xFEAB, 0xFDC0, 0xFDA6,
  0xFD20, 0xFCC0, 0xFCA0, 0xFCA0, 0xFC80, 0xFC40, 0xFC40, 0xFC60, 0xFC20, 0xFC00, 0xFC40, 0xFC40,
  0xFC20, 0xFBA0, 0xFD60, 0xFDC0, 0xFBE0, 0xFBE0, 0xFC80, 0xFC60, 0xFC62, 0xFC20, 0xFD68, 0xFE4D,
  0xFD05, 0xFCC0, 0xFD02, 0xFD00,
  0x059E, 0x02B4, 0x000E, 0x00EF, 0x00AF, 0x00CF, 0x0151, 0x000D, 0x01D2, 0x0190, 0x002D, 0x000E,
  0x00CF, 0x0131, 0x01D5, 0x0110, 0x00EF, 0x0172, 0x0193, 0x00AE, 0x00CF, 0x00EF, 0x0110, 0x0131,
  0x0111, 0x0111, 0x01F8, 0x023D, 0x021C, 0x023C, 0x023C, 0x023D, 0x025D, 0x025D, 0x025D, 0x027D,
  0x029D, 0x02BE, 0x02BE, 0x02DE, 0x02DE, 0x02FE, 0x031E, 0x033E, 0x033E, 0x035F, 0x037F, 0x03DF,
  0x039F, 0x04BF, 0x053F, 0x037F, 0x02FE, 0x035E, 0x031E, 0x031E, 0x02FE, 0x02DD, 0x02BD, 0x02BD,
  0x029D, 0x029D, 0x029D, 0x027D, 0x027C, 0x027C, 0x027C, 0x027C, 0x025C, 0x025C, 0x025C, 0x025C,
  0x025C, 0x023C, 0x023C, 0x023C, 0x023C, 0x023B, 0x023B, 0x023B, 0x023B, 0x023B, 0x021B, 0x021B,
  0x021A, 0x01FA, 0x01FA, 0x01B8, 0x0176, 0x0196, 0x0176, 0x0175, 0x0154, 0x0154, 0x0154, 0x0154,
  0x0154, 0x0133, 0x0133, 0x0133, 0x0133, 0x0133, 0x0133, 0x0133, 0x0153, 0x0153, 0x0153, 0x0133,
  0x0153, 0x0153, 0x0133, 0x0133, 0x0133, 0x0133, 0x0133, 0x0133, 0x0133, 0x0133, 0x0133, 0x0113,
  0x0113, 0x0113, 0x0113, 0x0133, 0x0112, 0x0112, 0x0112, 0x0112, 0x0112, 0x0133, 0x0133, 0x0133,
  0x0133, 0x0133, 0x0133, 0x0134, 0x0154, 0x0154, 0x0155, 0x0155, 0x0154, 0x0134, 0x0134, 0x0134,
  0x0134, 0x0135, 0x0156, 0x0156, 0x0177, 0x0198, 0x01B9, 0x01DA, 0x01FB, 0x021B, 0x021C, 0x023D,
  0x025D, 0x027E, 0x029E, 0x02DF, 0x02FF, 0x02FF, 0x029E, 0x01FA, 0x6457, 0x857A, 0x7CD7, 0x7CB6,
  0x74B6, 0x74B6, 0x6C12, 0x18C2, 0x0000, 0x5B4E, 0x84B5, 0x7C94, 0x8D16, 0x8CF5, 0x9536, 0x8D36,
  0x84F5, 0x8CF5, 0xBE17, 0xD5D1, 0xCD4F, 0xD590, 0xCD70, 0xBCCE, 0x0000, 0x0000, 0x9BEB, 0xAC0B,
  0x9B8A, 0xABE9, 0x936C, 0x00F0, 0x1171, 0x0971, 0x0171, 0x0151, 0x0930, 0x012F, 0x314C, 0x7000,
  0x8247, 0x83EF, 0x73EF, 0x62CB, 0x5000, 0x5800, 0x830B, 0x9430, 0x7AAA, 0x6800, 0x6020, 0x5800,
  0x6800, 0x7080, 0x68C0, 0x80E0, 0xD180, 0xD1A0, 0xA961, 0x9800, 0x9000, 0x9940, 0x9920, 0x9940,
  0x9880, 0xA1A3, 0xCC6D, 0xC2C8, 0xA000, 0xB2E3, 0xCB63, 0xD3A4, 0xD384, 0xD385, 0xC346, 0xAB07,
  0xA2E8, 0x92A8, 0x8289, 0x7249, 0x6A2A, 0x5A0A, 0x51EA, 0x49AB, 0x41AB, 0x318B, 0x296B, 0x294B,
  0x214B, 0x294C, 0x294C, 0x294C, 0x294C, 0x294C, 0x294C, 0x292C, 0x212C, 0x212C, 0x212D, 0x212D,
  0x190D, 0x190D, 0x190D, 0x190D, 0x190D, 0x190D, 0x190D, 0x190D, 0x190D, 0x190D, 0x190D, 0x210D,
  0x210D, 0x210D, 0x210C, 0x210C, 0x210C, 0x290C, 0x290C, 0x290B, 0x28EB, 0x290B, 0x290B, 0x290B,
  0x310B, 0x310A, 0x310A, 0x310A, 0x390A, 0x390A, 0x392A, 0x412A, 0x4129, 0x4129, 0x4929, 0x4929,
  0x4929, 0x4928, 0x5128, 0x5128, 0x5108, 0x5107, 0x5107, 0x5107, 0x5107, 0x5927, 0x5927, 0x6126,
  0x7146, 0xD2C2, 0xB1E4, 0x6906, 0x5946, 0x5947, 0x5947, 0x5946, 0x6146, 0x6146, 0x6146, 0x6946,
  0x6946, 0x7165, 0x7965, 0x7965, 0x8184, 0x91A4, 0x91A4, 0x91A4, 0x99A3, 0xA1C3, 0xA1E3, 0xAA03,
  0xB203, 0xB203, 0xB203, 0xCA42, 0xF3C0, 0xFC80, 0xF3A0, 0xDA60, 0xDAA0, 0xDA80, 0xDAA0, 0xE2A0,
  0xEAE0, 0xF2E0, 0xF300, 0xFB20, 0xFB60, 0xFBE0, 0xFBE0, 0xFC00, 0xFC20, 0xFC20, 0xFC40, 0xFC60,
  0xFC60, 0xFC80, 0xFCA0, 0xFCC0, 0xFD04, 0xFD40, 0xFE6A, 0xFFD9, 0xFF12, 0xFDA0, 0xFD86, 0xFD20,
  0xFCC0, 0xFCA0, 0xFCA0, 0xFC60, 0xFC40, 0xFDC3, 0xFD82, 0xFBE0, 0xFC40, 0xFC20, 0xFC20, 0xFC00,
  0xFC80, 0xFC60, 0xFC40, 0xFC40, 0xFC40, 0xFC40, 0xFC40, 0xFC40, 0xFCC0, 0xFCC0, 0xFC80, 0xFC60,
  0xFCA0, 0xFCC0, 0xFCE0, 0xFCC0,
  0x05BE, 0x0315, 0x000E, 0x0190, 0x0130, 0x00AF, 0x01F4, 0x0131, 0x000D, 0x00AE, 0x00EE, 0x014F,
  0x008E, 0x00EE, 0x006E, 0x00EF, 0x00EF, 0x00AE, 0x00AE, 0x0110, 0x0131, 0x0131, 0x0110, 0x0131,
  0x00F0, 0x0173, 0x023B, 0x021D, 0x021C, 0x023C, 0x023D, 0x023D, 0x023D, 0x025D, 0x025D, 0x027D,
  0x029E, 0x029E, 0x02BE, 0x02DE, 0x02DE, 0x02FE, 0x031E, 0x031E, 0x033E, 0x035F, 0x037F, 0x03BF,
  0x035F, 0x055F, 0x049F, 0x02DE, 0x031E, 0x031E, 0x02FE, 0x02DE, 0x02BD, 0x029D, 0x029D, 0x029D,
  0x027D, 0x027D, 0x027D, 0x025C, 0x025C, 0x025C, 0x025C, 0x025C, 0x025C, 0x025C, 0x023C, 0x023C,
  0x023C, 0x023C, 0x023C, 0x023C, 0x023C, 0x023B, 0x023B, 0x023B, 0x023B, 0x023B, 0x021B, 0x021B,
  0x021B, 0x021B, 0x01D9, 0x0196, 0x0197, 0x0196, 0x0196, 0x0175, 0x0155, 0x0154, 0x0154, 0x0154,
  0x0154, 0x0154, 0x0154, 0x0153, 0x0153, 0x0133, 0x0153, 0x0153, 0x0153, 0x0153, 0x0153, 0x0153,
  0x0153, 0x0153, 0x0133, 0x0153, 0x0153, 0x0113, 0x0133, 0x1173, 0x1993, 0x1993, 0x1993, 0x1994,
  0x1993, 0x1993, 0x1993, 0x1993, 0x1993, 0x1993, 0x1993, 0x1993, 0x1993, 0x0133, 0x0113, 0x0133,
  0x0133, 0x0133, 0x0133, 0x0133, 0x0133, 0x0133, 0x0953, 0x1174, 0x1193, 0x1973, 0x1993, 0x1994,
  0x1994, 0x19B5, 0x19B6, 0x0976, 0x0177, 0x0197, 0x0198, 0x0199, 0x01B9, 0x01BA, 0x121B, 0x1A3C,
  0x1A3D, 0x1A5D, 0x1A7D, 0x1A7E, 0x1A5D, 0x1A5C, 0x2219, 0x1112, 0x090D, 0x6414, 0x7D18, 0x6C96,
  0x6C75, 0x6C75, 0x6C74, 0x5B6F, 0x532E, 0x7432, 0x7C94, 0x84B4, 0x7C74, 0x84B5, 0x84B5, 0x84B4,
  0x84D4, 0x84B4, 0xBD94, 0xC50F, 0xBCEF, 0xBCCE, 0xBCCE, 0x93CB, 0x0000, 0x8B8A, 0xAC2C, 0x8B6A,
  0x938A, 0x9B69, 0x49EA, 0x006D, 0x196F, 0x0150, 0x0150, 0x0150, 0x012E, 0x00ED, 0x00EA, 0x3907,
  0x6060, 0x6A07, 0x7B6D, 0x6AAA, 0x6123, 0x6102, 0x6000, 0x6080, 0x6102, 0x6102, 0x6102, 0x60E1,
  0x6000, 0x68A0, 0x68E0, 0x78E0, 0xC180, 0xC180, 0x9920, 0x9983, 0x9162, 0x8963, 0x9184, 0x9163,
  0x9184, 0xA183, 0xA800, 0x9000, 0x51C5, 0x61E6, 0x8A66, 0x9AE7, 0xA2E7, 0xA2C7, 0x9AC7, 0x92A8,
  0x8268, 0x7A49, 0x6A29, 0x620A, 0x51EA, 0x49CB, 0x41AB, 0x41EC, 0x41EC, 0x41CC, 0x39CC, 0x39CC,
  0x31AC, 0x31AC, 0x31AD, 0x29AD, 0x29AD, 0x298D, 0x192D, 0x192D, 0x192D, 0x192D, 0x216D, 0x298E,
  0x298E, 0x298E, 0x298E, 0x298E, 0x298E, 0x298E, 0x298E, 0x298E, 0x298E, 0x214D, 0x190D, 0x190D,
  0x210D, 0x210D, 0x210D, 0x210C, 0x210C, 0x210C, 0x290C, 0x316C, 0x398C, 0x398C, 0x398C, 0x398C,
  0x398C, 0x398B, 0x398B, 0x418B, 0x418B, 0x418B, 0x414A, 0x390A, 0x412A, 0x412A, 0x4129, 0x4929,
  0x4909, 0x4108, 0x4949, 0x51A9, 0x59CA, 0x59CA, 0x59C9, 0x59C9, 0x59C9, 0x61C9, 0x69E9, 0x61E9,
  0x9A68, 0xAA87, 0x71E8, 0x61E9, 0x61C8, 0x5987, 0x5926, 0x6126, 0x6146, 0x6146, 0x6146, 0x6946,
  0x6966, 0x7145, 0x79A6, 0x81E7, 0x9206, 0x9A26, 0x9A26, 0x9A26, 0xA226, 0xA226, 0xAA25, 0xB223,
  0xBA23, 0xB223, 0xC222, 0xEB40, 0xFC00, 0xEB80, 0xD262, 0xD2C4, 0xDAC4, 0xDAE4, 0xE2E4, 0xE304,
  0xEB04, 0xEB24, 0xF324, 0xFB40, 0xFBC0, 0xFBE0, 0xFBE0, 0xFC00, 0xFC20, 0xFC20, 0xFC40, 0xFC60,
  0xFC60, 0xFC80, 0xFCA0, 0xFCE2, 0xFD00, 0xFD80, 0xFF34, 0xFF96, 0xFDA0, 0xFD41, 0xFD03, 0xFCA0,
  0xFCA0, 0xFCA0, 0xFC80, 0xFC40, 0xFC40, 0xFD62, 0xFD01, 0xFBE0, 0xFC40, 0xFC20, 0xFC20, 0xFBA0,
  0xFDE2, 0xFDA2, 0xFBA0, 0xFBE0, 0xFC20, 0xFC40, 0xFB60, 0xFCC0, 0xFEA1, 0xFD20, 0xFC40, 0xFCC0,
  0xFCC0, 0xFCE0, 0xFCE0, 0xFD01,
  0x01D1, 0x0110, 0x006F, 0x000C, 0x000E, 0x0110, 0x0110, 0x00EF, 0x010F, 0x002E, 0x01D1, 0x045C,
  0x0253, 0x000C, 0x012F, 0x00CE, 0x00EF, 0x0110, 0x00EF, 0x0110, 0x01F7, 0x0173, 0x00F0, 0x0111,
  0x00F0, 0x01D7, 0x023D, 0x01FC, 0x021C, 0x021C, 0x023D, 0x023D, 0x023D, 0x025D, 0x025D, 0x027D,
  0x029E, 0x029E, 0x02BE, 0x02BE, 0x02DE, 0x02DE, 0x02FE, 0x031E, 0x031E, 0x033E, 0x037F, 0x033F,
  0x041F, 0x051F, 0x039E, 0x02BE, 0x031E, 0x02FE, 0x2B3E, 0x3B3D, 0x331D, 0x331D, 0x331D, 0x32FD,
  0x32FD, 0x32FD, 0x32FD, 0x32FC, 0x32FC, 0x32DC, 0x32DC, 0x32DC, 0x32DC, 0x32DC, 0x32DC, 0x32DC,
  0x32DC, 0x2A9C, 0x023C, 0x023C, 0x023C, 0x023B, 0x023B, 0x023B, 0x023B, 0x023B, 0x021B, 0x021B,
  0x021B, 0x01FA, 0x01B7, 0x01B7, 0x09D7, 0x2A37, 0x3236, 0x3216, 0x3215, 0x3215, 0x3214, 0x31F4,
  0x31F4, 0x29F4, 0x29F4, 0x29F4, 0x1193, 0x0133, 0x0153, 0x0153, 0x0153, 0x0153, 0x0153, 0x0153,
  0x0153, 0x0153, 0x0153, 0x0133, 0x0953, 0x3214, 0x3214, 0x21B3, 0x0133, 0x0113, 0x0113, 0x0113,
  0x0113, 0x00F2, 0x00F2, 0x00F2, 0x00F2, 0x00F2, 0x00F2, 0x00F2, 0x0112, 0x29D3, 0x3213, 0x1993,
  0x0113, 0x0133, 0x0133, 0x0132, 0x0132, 0x0132, 0x1173, 0x1173, 0x0953, 0x0953, 0x0153, 0x0133,
  0x0133, 0x0154, 0x0154, 0x0155, 0x0176, 0x0176, 0x0177, 0x01B8, 0x0199, 0x19FA, 0x1A1A, 0x01DB,
  0x01DB, 0x01FC, 0x01FC, 0x01DB, 0x01BA, 0x0199, 0x0154, 0x000F, 0x000A, 0x0027, 0x534F, 0x6C75,
  0x6C75, 0x7474, 0x7454, 0x6C13, 0x63D2, 0x3A6B, 0x31E8, 0x5B4E, 0x63D1, 0x5B90, 0x63D1, 0x6BF2,
  0x6C12, 0x7C52, 0xB4F1, 0xA42C, 0x9BEC, 0xA40C, 0x93EC, 0x6AC9, 0x8329, 0x9BEC, 0x938B, 0x938A,
  0x9369, 0x5A07, 0x0008, 0x110B, 0x010D, 0x012F, 0x0150, 0x012F, 0x010D, 0x00CB, 0x10C8, 0x0085,
  0x0000, 0x3000, 0x5000, 0x5840, 0x5800, 0x5880, 0x5060, 0x5000, 0x5000, 0x5040, 0x58A0, 0x6080,
  0x60E1, 0x68E1, 0x58A0, 0x68C0, 0xB960, 0xB160, 0x8920, 0x8000, 0x8A25, 0x7AC8, 0x79A3, 0x8020,
  0x88A0, 0x98E0, 0x7920, 0x08E2, 0x0041, 0x4123, 0x61A5, 0x7A26, 0x7A68, 0x7A68, 0x7A69, 0x7249,
  0x6A29, 0x5A0A, 0x59EA, 0x51EA, 0x49CB, 0x41AB, 0x41CB, 0x314B, 0x210B, 0x210B, 0x190B, 0x190C,
  0x110C, 0x10EC, 0x08CC, 0x08CC, 0x08CC, 0x00AC, 0x192D, 0x192D, 0x192D, 0x192D, 0x190D, 0x008C,
  0x00AC, 0x00AD, 0x00AD, 0x00AD, 0x00AD, 0x008D, 0x008D, 0x006D, 0x006D, 0x190D, 0x192D, 0x190D,
  0x210D, 0x210D, 0x210D, 0x210D, 0x210C, 0x210C, 0x292C, 0x20EC, 0x080B, 0x188B, 0x188B, 0x208B,
  0x208A, 0x208A, 0x206A, 0x204A, 0x2849, 0x286A, 0x38EA, 0x392A, 0x392A, 0x412A, 0x4129, 0x40E9,
  0x498A, 0x5A0B, 0x51CA, 0x4047, 0x3005, 0x3805, 0x3805, 0x3805, 0x3805, 0x4804, 0x4804, 0x6803,
  0xA140, 0x7001, 0x3802, 0x4002, 0x4805, 0x5967, 0x6A29, 0x69A8, 0x6126, 0x6146, 0x6946, 0x6966,
  0x7145, 0x7986, 0x7944, 0x8122, 0x9162, 0x9182, 0x9981, 0x9980, 0xA180, 0xA180, 0xA9E2, 0xB224,
  0xBA22, 0xBA23, 0xE301, 0xFBE0, 0xEB80, 0xD261, 0xD260, 0xD240, 0xD260, 0xDA80, 0xE2A0, 0xE280,
  0xEA80, 0xF2C0, 0xFAE0, 0xFB80, 0xFBC0, 0xFBC0, 0xFBE0, 0xFC00, 0xFC20, 0xFC20, 0xFC40, 0xFC60,
  0xFC60, 0xFC80, 0xFCA0, 0xFCE2, 0xFD00, 0xFE4B, 0xFF94, 0xFE29, 0xFD00, 0xFD05, 0xFCC0, 0xFCA0,
  0xFC80, 0xFC60, 0xFC60, 0xFCE0, 0xFC80, 0xFBE0, 0xFC00, 0xFC20, 0xFC20, 0xFC00, 0xFBE0, 0xFBC0,
  0xFCC1, 0xFC80, 0xFBE0, 0xFC00, 0xFC60, 0xFBA0, 0xFD22, 0xFEE2, 0xFDE0, 0xFC60, 0xFC80, 0xFCA0,
  0xFCC0, 0xFCE0, 0xFCA0, 0xFE87,
  0x000C, 0x000E, 0x0130, 0x03F8, 0x0294, 0x000F, 0x00CE, 0x00AE, 0x00EF, 0x00CF, 0x0150, 0x0338,
  0x01F2, 0x000D, 0x010F, 0x00EF, 0x00EF, 0x00EF, 0x00EF, 0x0110, 0x0173, 0x0132, 0x0111, 0x00F0,
  0x0152, 0x023B, 0x01FD, 0x01FC, 0x021C, 0x021C, 0x023D, 0x023D, 0x023D, 0x025D, 0x025D, 0x027D,
  0x027D, 0x029E, 0x029E, 0x02BE, 0x02BE, 0x02DE, 0x02FE, 0x02FE, 0x031E, 0x031E, 0x035E, 0x02FF,
  0x049F, 0x043F, 0x02BE, 0x02FE, 0x02FE, 0x0ADD, 0x019D, 0x001C, 0x001C, 0x001C, 0x001B, 0x001B,
  0x001B, 0x001B, 0x001B, 0x001B, 0x001B, 0x001A, 0x001A, 0x001A, 0x001A, 0x001A, 0x001A, 0x001A,
  0x001A, 0x019B, 0x32BB, 0x227B, 0x023B, 0x023B, 0x023B, 0x023B, 0x023B, 0x023B, 0x021B, 0x021B,
  0x021A, 0x01D8, 0x01D8, 0x01D8, 0x01B7, 0x0014, 0x0013, 0x0013, 0x0012, 0x0012, 0x0012, 0x0011,
  0x0011, 0x0011, 0x0011, 0x0011, 0x0013, 0x1173, 0x0133, 0x0153, 0x0154, 0x0154, 0x0154, 0x0153,
  0x0153, 0x0153, 0x0133, 0x21B3, 0x29D3, 0x0011, 0x0011, 0x0011, 0x0011, 0x0011, 0x0011, 0x0011,
  0x0011, 0x0011, 0x0011, 0x0011, 0x0011, 0x0011, 0x0011, 0x0011, 0x0011, 0x0010, 0x0010, 0x0132,
  0x21B3, 0x0112, 0x0133, 0x0133, 0x0132, 0x0952, 0x0011, 0x0010, 0x0010, 0x0011, 0x0012, 0x0012,
  0x0012, 0x0012, 0x0012, 0x0114, 0x0175, 0x0156, 0x0197, 0x0178, 0x19F9, 0x0178, 0x0018, 0x0018,
  0x0058, 0x0099, 0x00B9, 0x0078, 0x0017, 0x0035, 0x0012, 0x0110, 0x29AE, 0x0008, 0x0000, 0x4AED,
  0x6C54, 0x3B51, 0x024E, 0x32CF, 0x534F, 0x0000, 0x0000, 0x0000, 0x428C, 0x4B0E, 0x4B0E, 0x534F,
  0x534F, 0x73F0, 0x9C4E, 0x836A, 0x834A, 0x6266, 0x0000, 0x3080, 0x93CC, 0x834A, 0x8B6A, 0x8B6A,
  0x51E6, 0x0004, 0x08A8, 0x08EA, 0x00EC, 0x010E, 0x012F, 0x012E, 0x00EC, 0x090B, 0x0007, 0x0000,
  0x0000, 0x0000, 0x0800, 0x3800, 0x4000, 0x4000, 0x3800, 0x3800, 0x3800, 0x3800, 0x49E7, 0x51E7,
  0x58C1, 0x6060, 0x50C0, 0x60A0, 0xA940, 0xA981, 0x7000, 0x9AA6, 0xA3CA, 0x8329, 0x7100, 0x7000,
  0x7800, 0x5800, 0x0000, 0x0000, 0x1000, 0x2800, 0x40C4, 0x59A6, 0x61C7, 0x6A29, 0x6229, 0x620A,
  0x59EA, 0x49CA, 0x41AA, 0x41AB, 0x398B, 0x39AC, 0x20EB, 0x000A, 0x000B, 0x000B, 0x000B, 0x000B,
  0x000C, 0x000C, 0x000B, 0x000B, 0x000B, 0x00AC, 0x192D, 0x110D, 0x192D, 0x110D, 0x000C, 0x000C,
  0x000B, 0x000C, 0x000C, 0x002D, 0x006D, 0x008D, 0x006D, 0x002D, 0x006D, 0x08CD, 0x190D, 0x190D,
  0x190D, 0x210D, 0x210D, 0x210C, 0x210C, 0x212C, 0x20EC, 0x000B, 0x188B, 0x100A, 0x100A, 0x100A,
  0x182A, 0x206A, 0x206A, 0x20AA, 0x2089, 0x28CA, 0x392A, 0x392A, 0x392A, 0x392A, 0x38E9, 0x51CB,
  0x4109, 0x0000, 0x0000, 0x40E8, 0x5A4B, 0x624B, 0x5A2B, 0x5A2B, 0x5A2B, 0x622A, 0x5A2A, 0x8A89,
  0x9AAA, 0x6A6B, 0x626B, 0x626B, 0x5188, 0x3800, 0x2800, 0x58A5, 0x69E8, 0x6146, 0x6946, 0x6966,
  0x7166, 0x7985, 0x7924, 0x8163, 0x8962, 0x91A3, 0x99C3, 0xA1E3, 0xA1E2, 0xAA03, 0xA9A0, 0xB1E2,
  0xB203, 0xCAA1, 0xF3A0, 0xEB80, 0xD281, 0xD261, 0xD260, 0xCA40, 0xCA40, 0xCA40, 0xD260, 0xDAA0,
  0xE2C0, 0xEB00, 0xF363, 0xFBA1, 0xFBA0, 0xFBC0, 0xFBE0, 0xFC00, 0xFC20, 0xFC20, 0xFC40, 0xFC60,
  0xFC60, 0xFC80, 0xFCC2, 0xFCC0, 0xFD83, 0xFF0F, 0xFEAC, 0xFD00, 0xFD04, 0xFCA0, 0xFC80, 0xFC80,
  0xFC60, 0xFC40, 0xFC60, 0xFC80, 0xFC40, 0xFC00, 0xFC20, 0xFC00, 0xFC00, 0xFBC0, 0xFBE0, 0xFC00,
  0xFBA0, 0xFBA0, 0xFC00, 0xFBE0, 0xFBC0, 0xFB60, 0xFDA2, 0xFE02, 0xFC40, 0xFC20, 0xFCA0, 0xFCA0,
  0xFC80, 0xFC80, 0xFCA0, 0xFDA4,
  0x014E, 0x006D, 0x0190, 0x059F, 0x043A, 0x000D, 0x014F, 0x00CF, 0x002C, 0x006D, 0x00CF, 0x000C,
  0x00AF, 0x0130, 0x00CF, 0x00AE, 0x00EF, 0x00EF, 0x00EF, 0x00EF, 0x00CF, 0x0110, 0x0111, 0x0110,
  0x01D6, 0x023D, 0x01DC, 0x021C, 0x021C, 0x021C, 0x021D, 0x023D, 0x023D, 0x025D, 0x025D, 0x025D,
  0x027D, 0x029D, 0x029E, 0x029E, 0x02BE, 0x02BE, 0x02DE, 0x02FE, 0x02FE, 0x033E, 0x02FE, 0x037F,
  0x047F, 0x035E, 0x027D, 0x0AFD, 0x02BD, 0x027C, 0x7C9D, 0x953D, 0x94FC, 0x951C, 0x951C, 0x951C,
  0x951C, 0x951C, 0x951C, 0x951C, 0x951C, 0x951C, 0x951C, 0x951C, 0x951C, 0x951C, 0x951C, 0x94FC,
  0x7C5B, 0x32BA, 0x001A, 0x01FB, 0x227B, 0x023B, 0x023B, 0x023B, 0x023B, 0x023B, 0x023B, 0x021B,
  0x01D8, 0x01D8, 0x01D7, 0x0197, 0x19F6, 0xAD7A, 0xB5DA, 0xB5DA, 0xB5DA, 0xB5DA, 0xB5DA, 0xB5DA,
  0xB5DA, 0xB5DA, 0xBDFA, 0xBDDA, 0x6355, 0x0012, 0x21B3, 0x0133, 0x0153, 0x0153, 0x0153, 0x0153,
  0x0153, 0x0133, 0x21D3, 0x0032, 0x0011, 0x6B95, 0xAD99, 0xCE5B, 0xD6BC, 0xD6BC, 0xD6BC, 0xD6BC,
  0xD6BC, 0xD6BC, 0xD6BC, 0xD6BC, 0xD6BC, 0xD6BC, 0xD6BC, 0xD6DC, 0xD6BC, 0xC61A, 0x8C76, 0x0011,
  0x0012, 0x21B3, 0x0112, 0x0952, 0x1972, 0x0010, 0xA558, 0xD6BC, 0xCE9B, 0xD69C, 0xD6BC, 0xD6BC,
  0xD6BC, 0xD6BC, 0xD69C, 0x6334, 0x0012, 0x0975, 0x0155, 0x19B7, 0x0197, 0x0177, 0xC63C, 0xD6DD,
  0xD6BD, 0xD6BD, 0xD6BD, 0xD6BD, 0xD6BD, 0xD6BC, 0xDEDC, 0xC65B, 0x2A0F, 0x002A, 0x1929, 0x0000,
  0x0002, 0x7C73, 0xB5F8, 0xD6BB, 0xDF1C, 0xDEFB, 0xDEFB, 0xDEDB, 0xDEDB, 0xDF1C, 0xDEFC, 0xDF1C,
  0xDF1C, 0xE71C, 0xE73C, 0xE71B, 0xE71B, 0xD6BA, 0xB596, 0x83CE, 0x61E3, 0x7B0A, 0x6AA8, 0x3984,
  0x0003, 0x0066, 0x08C8, 0x00CA, 0x00EC, 0x010E, 0x012E, 0x00ED, 0x216C, 0x0006, 0x52AD, 0xC639,
  0xDEDB, 0xD6BA, 0xD6DB, 0xDEBA, 0xDEBA, 0xDEBA, 0xDEBA, 0xDEBA, 0xDEFB, 0xD679, 0x738E, 0x2966,
  0x5249, 0x5060, 0x4860, 0x58A0, 0xA160, 0x9900, 0x7860, 0xC4AC, 0xC48A, 0xBD54, 0xDEBA, 0xE6DB,
  0xDEDA, 0xD6BA, 0xD6BB, 0xDEBA, 0xD6BA, 0xDEDB, 0xDEBB, 0xE71C, 0xC618, 0x520A, 0x4989, 0x51EA,
  0x49CA, 0x41AA, 0x39AB, 0x318B, 0x31CC, 0x000A, 0x6B70, 0xD6BB, 0xDEDB, 0xDEDB, 0xDEDB, 0xD6BB,
  0xD6BB, 0xDEDB, 0xDEDB, 0xDEDB, 0xDEDC, 0xC63A, 0x190C, 0x110C, 0x08EC, 0x008C, 0xBE19, 0xDEFC,
  0xD6BB, 0xDEDC, 0xDEDB, 0xD6DB, 0xDEDC, 0xDEDC, 0xDEDC, 0xDEFC, 0xDEDC, 0x8413, 0x0009, 0x31CE,
  0x18EC, 0x190C, 0x210C, 0x18EC, 0x296C, 0x000A, 0x420D, 0xC639, 0xE71D, 0xDEBB, 0xDEDC, 0xDEDB,
  0xDEDB, 0xDEDB, 0xDEFC, 0xDEDB, 0xE71C, 0xD69A, 0x736F, 0x0005, 0x41AB, 0x30C9, 0x49CB, 0x1006,
  0x3008, 0x9C93, 0xCE39, 0xE6FC, 0xEF3D, 0xEF5D, 0xEF3D, 0xEF3D, 0xEF3D, 0xEF3C, 0xE73C, 0xEF3C,
  0xEF3C, 0xEF3D, 0xEF5D, 0xEF5D, 0xE71C, 0xD67A, 0xB535, 0x6167, 0x5000, 0x69A7, 0x6966, 0x6966,
  0x71A7, 0x6800, 0xD617, 0xEF1B, 0xE6FB, 0xE6FB, 0xEEFB, 0xEEFB, 0xEEFB, 0xEF1C, 0xE679, 0xA9E0,
  0xC262, 0xE340, 0xE340, 0xCA81, 0xC243, 0xC980, 0xDCF1, 0xF73C, 0xEEDA, 0xEEFB, 0xEEFB, 0xF71B,
  0xF71B, 0xFF3B, 0xFED9, 0xF3A5, 0xFB60, 0xFBC3, 0xFBE0, 0xFC00, 0xFC20, 0xFC40, 0xFC40, 0xFC40,
  0xFC60, 0xFCA0, 0xFCA0, 0xFCE0, 0xFE69, 0xFECC, 0xFD00, 0xFCC1, 0xFCA1, 0xFC80, 0xFC60, 0xFC40,
  0xFC60, 0xFD80, 0xFD00, 0xFBA0, 0xFC20, 0xFC00, 0xFC20, 0xFBE0, 0xFBE0, 0xFE04, 0xFD63, 0xFB60,
  0xFC00, 0xFC00, 0xFBE0, 0xFBE0, 0xFC80, 0xFC40, 0xFC20, 0xFC00, 0xFC40, 0xFC60, 0xFC80, 0xFC60,
  0xFD00, 0xFD20, 0xFCC0, 0xFC20,
  0x00AE, 0x00AE, 0x00CE, 0x0335, 0x0253, 0x000E, 0x014F, 0x012F, 0x01D5, 0x01B4, 0x008D, 0x010F,
  0x00EF, 0x0110, 0x0130, 0x0151, 0x00EF, 0x00EF, 0x00EF, 0x00EF, 0x0110, 0x0110, 0x00EF, 0x0131,
  0x021A, 0x01FC, 0x01FC, 0x01FC, 0x021C, 0x021C, 0x021D, 0x023D, 0x023D, 0x023D, 0x025D, 0x025D,
  0x027D, 0x027D, 0x029D, 0x029E, 0x02BE, 0x02BE, 0x02DE, 0x02DE, 0x02FE, 0x031E, 0x02DE, 0x03FF,
  0x03FE, 0x029D, 0x029D, 0x22DC, 0x01FC, 0x2ADB, 0xDF1E, 0xFFFF, 0xF7DF, 0xFFDF, 0xFFDF, 0xFFDF,
  0xFFDF, 0xFFDF, 0xFFDF, 0xFFDF, 0xFFDF, 0xFFFF, 0xFFDF, 0xFFDF, 0xFFDF, 0xFFDF, 0xFFDF, 0xFFDF,
  0xF7BF, 0xE73E, 0xB5DD, 0x121A, 0x019A, 0x123B, 0x023B, 0x023B, 0x023B, 0x023B, 0x023B, 0x01F9,
  0x01D8, 0x01D8, 0x11D7, 0x0015, 0x8478, 0xFFFF, 0xFFFF, 0xFFFF, 0xFFFF, 0xFFFF, 0xFFFF, 0xFFFF,
  0xFFFF, 0xFFFF, 0xFFFF, 0xFFFF, 0x9CD7, 0x0010, 0x3213, 0x0133, 0x0153, 0x0153, 0x0153, 0x0153,
  0x0133, 0x21B3, 0x0012, 0x1173, 0xBDFA, 0xF79F, 0xFFFF, 0xFFFF, 0xFFFF, 0xFFFF, 0xFFFF, 0xFFFF,
  0xFFFF, 0xFFFF, 0xFFFF, 0xFFFF, 0xFFFF, 0xFFFF, 0xFFFF, 0xFFFF, 0xFFFF, 0xFFFF, 0xFFFF, 0xCE7B,
  0x4273, 0x0011, 0x2192, 0x1972, 0x00D1, 0x0010, 0xDEFC, 0xFFFF, 0xFFFF, 0xFFFF, 0xFFFF, 0xFFFF,
  0xFFFF, 0xFFFF, 0xFFFF, 0x6395, 0x0011, 0x1994, 0x0114, 0x3A55, 0x0013, 0xB5BB, 0xFFFF, 0xFFFF,
  0xFFFF, 0xFFFF, 0xFFFF, 0xFFFF, 0xFFFF, 0xFFFF, 0xFFFF, 0x9D58, 0x006D, 0x10EB, 0x00A9, 0x0000,
  0xB5B6, 0xF79E, 0xFFFF, 0xFFFF, 0xFFFF, 0xFFFF, 0xFFFF, 0xFFFF, 0xFFFF, 0xFFFF, 0xFFFF, 0xFFFF,
  0xFFFF, 0xFFFF, 0xFFFF, 0xFFFF, 0xFFFF, 0xFFFF, 0xFFFF, 0xF79D, 0xAD34, 0x1800, 0x2945, 0x0001,
  0x0065, 0x08A7, 0x00A9, 0x00EB, 0x010D, 0x012E, 0x010E, 0x092D, 0x194C, 0x0001, 0x9CF5, 0xFFFF,
  0xFFFF, 0xFFFF, 0xFFFF, 0xFFFF, 0xFFFF, 0xFFFF, 0xFFFF, 0xFFFF, 0xFFFF, 0xFFFF, 0x94B2, 0x08E5,
  0x52CC, 0x4165, 0x4000, 0x5860, 0x99A3, 0x8000, 0x92C6, 0xE5F1, 0xB3E6, 0xC5D7, 0xFFFF, 0xFFFF,
  0xFFFF, 0xFFFF, 0xFFFF, 0xFFFF, 0xFFFF, 0xFFFF, 0xFFFF, 0xFFFF, 0xF79E, 0x5AAC, 0x2887, 0x41CA,
  0x39AB, 0x39AB, 0x318B, 0x296B, 0x3A0C, 0x0006, 0xBDF8, 0xFFFF, 0xFFFF, 0xFFFF, 0xFFFF, 0xFFFF,
  0xFFFF, 0xFFFF, 0xFFFF, 0xFFFF, 0xFFFF, 0xE71C, 0x0009, 0x216C, 0x000A, 0x422D, 0xF79E, 0xFFFF,
  0xFFFF, 0xFFFF, 0xFFFF, 0xFFFF, 0xFFFF, 0xFFFF, 0xFFFF, 0xFFFF, 0xFFFF, 0xB597, 0x0006, 0x3A0E,
  0x10CC, 0x190C, 0x190C, 0x190C, 0x296C, 0x0006, 0x8C32, 0xFFFF, 0xFFFF, 0xFFFF, 0xFFFF, 0xFFFF,
  0xFFFF, 0xFFFF, 0xFFFF, 0xFFFF, 0xFFFF, 0xF7BE, 0x7BB0, 0x0000, 0x49CB, 0x41AA, 0x0004, 0x62CE,
  0xD69A, 0xFFDF, 0xFFFF, 0xFFFF, 0xFFFF, 0xFFFF, 0xFFFF, 0xFFFF, 0xFFFF, 0xFFFF, 0xFFFF, 0xFFFF,
  0xFFFF, 0xFFFF, 0xFFFF, 0xFFFF, 0xFFFF, 0xFFFF, 0xFFFF, 0xE6FB, 0x7AEC, 0x5000, 0x6966, 0x7186,
  0x6166, 0x9A02, 0xFF5C, 0xFFFF, 0xFFFF, 0xFFFF, 0xFFFF, 0xFFFF, 0xFFFF, 0xFFFF, 0xFFFF, 0xCC4F,
  0xDAA0, 0xDB23, 0xC241, 0xBA22, 0xBA23, 0xC1A0, 0xF5F4, 0xFFFF, 0xFFFF, 0xFFFF, 0xFFFF, 0xFFFF,
  0xFFFF, 0xFFFF, 0xFF7C, 0xE320, 0xF360, 0xFBA2, 0xFBE0, 0xFC00, 0xFC20, 0xFC40, 0xFC40, 0xFC40,
  0xFC60, 0xFC80, 0xFC80, 0xFD83, 0xFEC8, 0xFD43, 0xFC60, 0xFCA2, 0xFC60, 0xFC60, 0xFC40, 0xFC40,
  0xFC40, 0xFCC0, 0xFC60, 0xFBE0, 0xFC00, 0xFC00, 0xFBE0, 0xFB80, 0xFBC0, 0xFD23, 0xFCA2, 0xFB80,
  0xFBE0, 0xFC40, 0xFB40, 0xFD20, 0xFEC2, 0xFCC0, 0xFB80, 0xFC40, 0xFC20, 0xFC60, 0xFCA0, 0xFBE0,
  0xFEC3, 0xFE62, 0xFC20, 0xFBE0,
  0x00EF, 0x00EF, 0x00AE, 0x000C, 0x000D, 0x010F, 0x000B, 0x000A, 0x01F5, 0x01B4, 0x006D, 0x010F,
  0x00EF, 0x00CE, 0x01B3, 0x0259, 0x00CF, 0x00EF, 0x00EF, 0x00EF, 0x010F, 0x00F0, 0x00EF, 0x01B5,
  0x021C, 0x01DB, 0x01FC, 0x01FC, 0x01FC, 0x021C, 0x021D, 0x021D, 0x023C, 0x023D, 0x025D, 0x025D,
  0x025D, 0x027D, 0x027D, 0x029D, 0x029D, 0x02BE, 0x02BE, 0x02DE, 0x02FE, 0x02DE, 0x031E, 0x041F,
  0x033E, 0x023D, 0x029C, 0x32DC, 0x001A, 0x6BFB, 0xF7BF, 0xFFFF, 0xFFFF, 0xFFFF, 0xFFFF, 0xFFFF,
  0xFFFF, 0xFFFF, 0xFFFF, 0xFFFF, 0xFFFF, 0xFFFF, 0xFFFF, 0xFFFF, 0xFFFF, 0xFFFF, 0xFFFF, 0xFFFF,
  0xFFFF, 0xFFFF, 0xFFFF, 0xD6BE, 0x1A39, 0x01DA, 0x0A3A, 0x023B, 0x023B, 0x023B, 0x021A, 0x01D8,
  0x01D8, 0x01D7, 0x19F6, 0x0013, 0xCE9C, 0xFFFF, 0xFFFF, 0xFFFF, 0xFFFF, 0xFFFF, 0xFFFF, 0xFFFF,
  0xFFFF, 0xFFFF, 0xFFFF, 0xFFFF, 0xA536, 0x000E, 0x3212, 0x0112, 0x0133, 0x0153, 0x0153, 0x0133,
  0x19B3, 0x0011, 0x29D2, 0xCE9C, 0xFFFF, 0xFFFF, 0xFFFF, 0xFFFF, 0xFFFF, 0xFFFF, 0xFFFF, 0xFFFF,
  0xFFFF, 0xFFFF, 0xFFFF, 0xFFFF, 0xFFFF, 0xFFFF, 0xFFFF, 0xFFFF, 0xFFFF, 0xFFFF, 0xFFFF, 0xFFFF,
  0xC65B, 0x0070, 0x000F, 0x3A12, 0x000F, 0x4291, 0xE73D, 0xFFFF, 0xFFFF, 0xFFFF, 0xFFFF, 0xFFFF,
  0xFFDF, 0xFFFF, 0xE75E, 0x3AB3, 0x0011, 0x0953, 0x3A34, 0x0012, 0x8437, 0xF7BF, 0xFFFF, 0xFFFF,
  0xFFFF, 0xFFFF, 0xFFFF, 0xFFFF, 0xFFDF, 0xFFFF, 0xBE3A, 0x010E, 0x006B, 0x194C, 0x0006, 0xC618,
  0xFFFF, 0xFFFF, 0xFFFF, 0xFFFF, 0xFFFF, 0xFFFF, 0xFFFF, 0xFFFF, 0xFFFF, 0xFFFF, 0xFFFF, 0xFFFF,
  0xFFDF, 0xFFFF, 0xFFFF, 0xFFFF, 0xFFFF, 0xFFFF, 0xFFFF, 0xFFFF, 0xF79E, 0x7BCF, 0x0000, 0x31A7,
  0x0046, 0x00A8, 0x00CA, 0x010D, 0x010E, 0x012E, 0x010F, 0x21AF, 0x000B, 0x110B, 0xCE7A, 0xFFFF,
  0xFFDF, 0xFFFF, 0xFFFF, 0xFFFF, 0xFFFF, 0xFFFF, 0xFFFF, 0xFFFF, 0xFFFF, 0xFFDF, 0x9CD3, 0x1823,
  0x632D, 0x51C7, 0x4000, 0x60A0, 0x9962, 0x8800, 0x8226, 0xAC0B, 0x6800, 0xCE38, 0xFFFF, 0xFFFF,
  0xFFFF, 0xFFFF, 0xFFFF, 0xFFFF, 0xFFFF, 0xFFFF, 0xFFFF, 0xFFFF, 0xFFDF, 0x738F, 0x0006, 0x318A,
  0x318B, 0x298B, 0x298B, 0x298C, 0x192B, 0x39CC, 0xEF5D, 0xFFFF, 0xFFDF, 0xFFFF, 0xFFFF, 0xFFFF,
  0xFFFF, 0xFFFF, 0xFFFF, 0xFFFF, 0xFFFF, 0xCE7A, 0x0006, 0x29AC, 0x000A, 0x632E, 0xF7BE, 0xFFFF,
  0xFFFF, 0xFFFF, 0xFFFF, 0xFFFF, 0xFFFF, 0xFFFF, 0xFFFF, 0xFFFF, 0xFFFF, 0xCE59, 0x0005, 0x31AC,
  0x190C, 0x190C, 0x18EC, 0x296C, 0x000A, 0x0009, 0xC619, 0xFFFF, 0xFFDE, 0xFFFF, 0xFFFF, 0xFFFF,
  0xFFFF, 0xFFFF, 0xFFFF, 0xFFDF, 0xFFFF, 0xE71C, 0x5AAC, 0x0002, 0x524C, 0x0005, 0x5A6C, 0xDEDB,
  0xFFFF, 0xFFFF, 0xFFFF, 0xFFFF, 0xFFFF, 0xFFFF, 0xFFFF, 0xFFDF, 0xFFFF, 0xFFFF, 0xFFFF, 0xFFFF,
  0xFFFF, 0xFFFF, 0xFFFF, 0xFFFF, 0xFFFF, 0xFFFF, 0xFFFF, 0xFFFF, 0xDEDB, 0x61A7, 0x6021, 0x71C6,
  0x6104, 0xB329, 0xFF7D, 0xFFFF, 0xFFFF, 0xFFFF, 0xFFFF, 0xFFFF, 0xFFFF, 0xFFDF, 0xFFFF, 0xEE78,
  0xC9E0, 0xBA84, 0xB1E1, 0xB222, 0xA1E3, 0xC240, 0xFDF5, 0xFFFF, 0xFFDF, 0xFFFF, 0xFFFF, 0xFFFF,
  0xFFFF, 0xFFFF, 0xF6FB, 0xD280, 0xEB43, 0xFB81, 0xFBC0, 0xFC00, 0xFC20, 0xFC20, 0xFC20, 0xFC40,
  0xFC60, 0xFC60, 0xFCE0, 0xFE44, 0xFDC4, 0xFC20, 0xFC81, 0xFC40, 0xFC40, 0xFC40, 0xFC20, 0xFC20,
  0xFC20, 0xFBE0, 0xFBE0, 0xFC00, 0xFC00, 0xFBC0, 0xFC40, 0xFCE0, 0xFC00, 0xFB20, 0xFB80, 0xFBE0,
  0xFBA0, 0xFB60, 0xFB60, 0xFCA0, 0xFD20, 0xFC20, 0xFBE0, 0xFC20, 0xFC40, 0xFC00, 0xFBA0, 0xFC00,
  0xFD82, 0xFCC1, 0xFBC0, 0xFBC0,
  0x00EF, 0x00CF, 0x00EE, 0x010E, 0x010F, 0x000E, 0x02D5, 0x0337, 0x000D, 0x00EE, 0x00CE, 0x00CE,
  0x00EE, 0x00CE, 0x0130, 0x0194, 0x00EF, 0x00EF, 0x00EF, 0x00EF, 0x0110, 0x00EF, 0x0131, 0x021A,
  0x01FC, 0x01DB, 0x01FC, 0x01FC, 0x01FC, 0x01FC, 0x021C, 0x021C, 0x021C, 0x023D, 0x023D, 0x025D,
  0x025D, 0x027D, 0x027D, 0x029D, 0x029D, 0x02BD, 0x02BE, 0x02BE, 0x02FE, 0x029E, 0x037E, 0x039E,
  0x027D, 0x025C, 0x025C, 0x32BC, 0x0019, 0x94FB, 0xF7DF, 0xFFFF, 0xFFDF, 0xFFFF, 0xFFFF, 0xFFFF,
  0xFFFF, 0xFFFF, 0xFFFF, 0xFFFF, 0xFFFF, 0xFFFF, 0xFFFF, 0xFFFF, 0xFFFF, 0xFFFF, 0xFFFF, 0xFFFF,
  0xFFDF, 0xFFFF, 0xFFFF, 0xFFFF, 0xAD9B, 0x0018, 0x0A1A, 0x021A, 0x023B, 0x021A, 0x01D9, 0x01D8,
  0x01D8, 0x09D7, 0x00B5, 0x6376, 0xF7DF, 0xFFDF, 0xFFFF, 0xFFFF, 0xFFFF, 0xFFFF, 0xFFFF, 0xFFFF,
  0xFFFF, 0xFFFF, 0xFFFF, 0xFFFF, 0xAD56, 0x000A, 0x31F1, 0x0111, 0x0132, 0x0153, 0x0133, 0x1993,
  0x00B2, 0x0010, 0xB5B9, 0xFFFF, 0xFFFF, 0xFFFF, 0xFFFF, 0xFFFF, 0xFFFF, 0xFFFF, 0xFFFF, 0xFFFF,
  0xFFFF, 0xFFFF, 0xFFFF, 0xFFFF, 0xFFFF, 0xFFFF, 0xFFFF, 0xFFFF, 0xFFFF, 0xFFFF, 0xFFDF, 0xFFFF,
  0xF7BF, 0x7BF4, 0x000D, 0x4272, 0x000F, 0x73B4, 0xEF9E, 0xFFFF, 0xFFFF, 0xFFFF, 0xFFFF, 0xFFFF,
  0xFFDF, 0xFFFF, 0xCE9B, 0x012D, 0x000D, 0x3212, 0x0013, 0x3A54, 0xEF5E, 0xFFFF, 0xFFFF, 0xFFFF,
  0xFFFF, 0xFFFF, 0xFFFF, 0xFFDF, 0xFFFF, 0xDF1D, 0x12D1, 0x0028, 0x296B, 0x0008, 0x9CD5, 0xFFFF,
  0xFFFF, 0xFFFF, 0xFFFF, 0xFFFF, 0xFFFF, 0xFFFF, 0xFFFF, 0xFFFF, 0xFFFF, 0xFFFF, 0xFFFF, 0xFFFF,
  0xFFFF, 0xFFFF, 0xFFFF, 0xFFFF, 0xFFFF, 0xFFFF, 0xFFDF, 0xFFDF, 0xFFFF, 0xCE59, 0x0000, 0x2968,
  0x00C8, 0x00CA, 0x00EC, 0x010D, 0x010E, 0x012E, 0x010F, 0x29CF, 0x000A, 0x73D2, 0xF7BE, 0xFFFF,
  0xFFDF, 0xFFFF, 0xFFFF, 0xFFFF, 0xFFFF, 0xFFFF, 0xFFFF, 0xFFFF, 0xFFFF, 0xFFFF, 0xA4F3, 0x0000,
  0x51C7, 0x5103, 0x4840, 0x68C0, 0x9100, 0x80E0, 0x70E2, 0x5800, 0x1000, 0xD6BA, 0xFFFF, 0xFFFF,
  0xFFFF, 0xFFFF, 0xFFFF, 0xFFFF, 0xFFFF, 0xFFFF, 0xFFFF, 0xFFFF, 0xFFFF, 0x8C72, 0x0005, 0x294A,
  0x298B, 0x296B, 0x216B, 0x3A0C, 0x0005, 0x9CF5, 0xFFFF, 0xFFFF, 0xFFFF, 0xFFFF, 0xFFFF, 0xFFFF,
  0xFFFF, 0xFFFF, 0xFFFF, 0xFFFF, 0xFFFF, 0xBDF8, 0x0001, 0x31AC, 0x0008, 0x7BD0, 0xFFDF, 0xFFFF,
  0xFFFF, 0xFFFF, 0xFFFF, 0xFFFF, 0xFFFF, 0xFFFF, 0xFFFF, 0xFFFF, 0xFFFF, 0xDEFC, 0x0007, 0x18EA,
  0x214C, 0x18EC, 0x18EC, 0x318C, 0x0007, 0x6B2E, 0xEF7D, 0xFFFF, 0xFFDF, 0xFFFF, 0xFFFF, 0xFFFF,
  0xFFFF, 0xFFFF, 0xFFFF, 0xFFDF, 0xFFFF, 0xDEDB, 0x39C9, 0x0004, 0x49EB, 0x0001, 0xBDD8, 0xFFFF,
  0xFFFF, 0xFFDF, 0xFFFF, 0xFFFF, 0xFFFF, 0xFFFF, 0xFFFF, 0xFFFF, 0xFFFF, 0xFFFF, 0xFFFF, 0xFFFF,
  0xFFFF, 0xFFFF, 0xFFFF, 0xFFFF, 0xFFFF, 0xFFFF, 0xFFDF, 0xFFDF, 0xFFFF, 0xA4D3, 0x5800, 0x71A6,
  0x58C3, 0xAB6B, 0xFF9E, 0xFFFF, 0xFFFF, 0xFFFF, 0xFFFF, 0xFFFF, 0xFFFF, 0xFFFF, 0xFFFF, 0xF77D,
  0xA286, 0xA180, 0xAA02, 0xAA02, 0x99C3, 0xBA00, 0xF636, 0xFFFF, 0xFFDF, 0xFFFF, 0xFFFF, 0xFFFF,
  0xFFFF, 0xFFFF, 0xEEDA, 0xB9A0, 0xE344, 0xF380, 0xFBC0, 0xFBE0, 0xFC00, 0xFC00, 0xFC20, 0xFC40,
  0xFC60, 0xFC60, 0xFD81, 0xFE02, 0xFC40, 0xFC60, 0xFC40, 0xFC20, 0xFC20, 0xFC20, 0xFC00, 0xFC00,
  0xFC00, 0xFC00, 0xFBE0, 0xFBE0, 0xFBC0, 0xFB40, 0xFC20, 0xFCA0, 0xFBC0, 0xFB80, 0xFBC0, 0xFBA0,
  0xFC20, 0xFCE0, 0xFC40, 0xFB80, 0xFBA0, 0xFBE0, 0xFC00, 0xFC20, 0xFBE0, 0xFCC0, 0xFE63, 0xFD01,
  0xFB80, 0xFBA0, 0xFBC0, 0xFBA0,
  0x004E, 0x00EF, 0x00CE, 0x00EE, 0x00EE, 0x000D, 0x0337, 0x03FB, 0x000C, 0x00EE, 0x00CE, 0x00CE,
  0x00EF, 0x00EF, 0x00CE, 0x00AD, 0x00EF, 0x00EF, 0x00EF, 0x00EF, 0x00F0, 0x00EF, 0x01B5, 0x023D,
  0x01BB, 0x01FC, 0x01FC, 0x01FC, 0x01FC, 0x01FC, 0x01FC, 0x021C, 0x021C, 0x023C, 0x023D, 0x023D,
  0x025D, 0x025D, 0x027D, 0x027D, 0x029D, 0x029D, 0x02BE, 0x02BE, 0x02BE, 0x02DE, 0x039E, 0x02FD,
  0x023C, 0x027C, 0x023B, 0x2A9B, 0x0017, 0xB5DB, 0xFFFF, 0xFFFF, 0xFFFF, 0xFFFF, 0xFFFF, 0xFFFF,
  0xFFFF, 0xFFFF, 0xFFFF, 0xFFFF, 0xFFFF, 0xFFFF, 0xFFFF, 0xFFFF, 0xFFFF, 0xFFFF, 0xFFFF, 0xFFFF,
  0xFFFF, 0xFFFF, 0xFFDF, 0xFFFF, 0xE73E, 0x01D7, 0x01B8, 0x021A, 0x021A, 0x01D8, 0x01D8, 0x01D8,
  0x01B7, 0x19F6, 0x0012, 0xBDFA, 0xFFFF, 0xFFDF, 0xFFFF, 0xFFFF, 0xFFFF, 0xFFFF, 0xFFFF, 0xFFFF,
  0xFFFF, 0xFFFF, 0xFFFF, 0xFFFF, 0xAD76, 0x0007, 0x31F0, 0x00F1, 0x0132, 0x0133, 0x0133, 0x1993,
  0x0011, 0x6353, 0xF79E, 0xFFFF, 0xFFDF, 0xFFFF, 0xFFFF, 0xFFFF, 0xFFFF, 0xFFFF, 0xFFFF, 0xFFDF,
  0xFFDF, 0xFFDF, 0xFFDF, 0xFFDF, 0xFFFF, 0xFFFF, 0xFFFF, 0xFFFF, 0xFFFF, 0xFFFF, 0xFFFF, 0xFFDF,
  0xFFFF, 0xA537, 0x000C, 0x3A31, 0x000C, 0x9495, 0xFFDF, 0xFFFF, 0xFFFF, 0xFFFF, 0xFFFF, 0xFFFF,
  0xFFDF, 0xFFFF, 0xB5D9, 0x0006, 0x000B, 0x31F0, 0x0010, 0xCE9C, 0xFFFF, 0xFFFF, 0xFFFF, 0xFFFF,
  0xFFFF, 0xFFFF, 0xFFDF, 0xFFFF, 0xF79E, 0x5BF4, 0x0009, 0x18A5, 0x08EA, 0x000A, 0xE71D, 0xFFFF,
  0xFFFF, 0xFFFF, 0xFFFF, 0xFFFF, 0xFFFF, 0xFFFF, 0xFFFF, 0xFFDF, 0xFFDF, 0xFFDF, 0xFFDF, 0xFFDF,
  0xFFDF, 0xFFFF, 0xFFFF, 0xFFFF, 0xFFFF, 0xFFFF, 0xFFFF, 0xFFFF, 0xFFFF, 0xE73C, 0x2969, 0x0008,
  0x216B, 0x00CB, 0x00EC, 0x010D, 0x010E, 0x010E, 0x116F, 0x00EE, 0x000B, 0xB5B7, 0xFFFF, 0xFFDF,
  0xFFFF, 0xFFFF, 0xFFFF, 0xFFFF, 0xFFFF, 0xFFFF, 0xFFFF, 0xFFFF, 0xFFFF, 0xFFFF, 0xB596, 0x0000,
  0x4000, 0x50A1, 0x5080, 0x70C0, 0x80E0, 0x80A0, 0x7164, 0x2000, 0x2986, 0xE71C, 0xFFFF, 0xFFFF,
  0xFFFF, 0xFFFF, 0xFFFF, 0xFFFF, 0xFFFF, 0xFFFF, 0xFFFF, 0xFFDF, 0xFFFF, 0xAD55, 0x0004, 0x1909,
  0x296B, 0x214B, 0x214B, 0x29AB, 0x0007, 0xDEDB, 0xFFFF, 0xFFFF, 0xFFFF, 0xFFFF, 0xFFFF, 0xFFFF,
  0xFFFF, 0xFFFF, 0xFFFF, 0xFFFF, 0xFFFF, 0xB596, 0x0000, 0x31AB, 0x0004, 0x8C72, 0xFFFF, 0xFFDF,
  0xFFFF, 0xFFFF, 0xFFFF, 0xFFFF, 0xFFFF, 0xFFFF, 0xFFFF, 0xFFFF, 0xFFFF, 0xEF7D, 0x4A8C, 0x0007,
  0x31AC, 0x10CB, 0x212B, 0x190A, 0x0004, 0xAD14, 0xFFFF, 0xFFFF, 0xFFFF, 0xFFFF, 0xFFFF, 0xFFFF,
  0xFFFF, 0xFFFF, 0xFFFF, 0xFFDF, 0xFFFF, 0xD69A, 0x18A5, 0x28C7, 0x0004, 0x6B0D, 0xEF5D, 0xFFFF,
  0xFFDF, 0xFFFF, 0xFFFF, 0xFFFF, 0xFFFF, 0xFFFF, 0xFFFF, 0xFFDF, 0xFFDF, 0xFFDF, 0xFFDF, 0xFFDF,
  0xFFDF, 0xFFFF, 0xFFFF, 0xFFFF, 0xFFFF, 0xFFFF, 0xFFFF, 0xFFDF, 0xFFFF, 0xCE38, 0x5000, 0x6165,
  0x4800, 0xA38D, 0xFF9E, 0xFFFF, 0xFFFF, 0xFFFF, 0xFFFF, 0xFFFF, 0xFFFF, 0xFFFF, 0xFFDF, 0xFFFF,
  0xB4B1, 0x8800, 0xA224, 0xA1E2, 0x89A2, 0xB1C0, 0xF678, 0xFFFF, 0xFFDF, 0xFFFF, 0xFFFF, 0xFFFF,
  0xFFFF, 0xFFFF, 0xE699, 0xA000, 0xDB25, 0xF340, 0xFBA0, 0xFBE0, 0xFC00, 0xFC00, 0xFC20, 0xFC40,
  0xFC40, 0xFCE0, 0xFE00, 0xFCC0, 0xFC00, 0xFC40, 0xFC00, 0xFC00, 0xFC00, 0xFC00, 0xFC00, 0xFBE0,
  0xFBE0, 0xFBE0, 0xFBE0, 0xFBA0, 0xFC20, 0xFCA0, 0xFBC0, 0xFB60, 0xFBA0, 0xFBA0, 0xFBC0, 0xFA60,
  0xFCA0, 0xFE81, 0xFCA0, 0xFB40, 0xFC20, 0xFBE0, 0xFC00, 0xFC00, 0xFB40, 0xFD81, 0xFE82, 0xFC60,
  0xFB80, 0xFBE0, 0xFBA0, 0xFBA0,
  0x02F9, 0x000E, 0x010F, 0x00CE, 0x00CE, 0x00CE, 0x010F, 0x0170, 0x00CE, 0x00CE, 0x00EF, 0x010F,
  0x00CE, 0x00EF, 0x00EF, 0x00EF, 0x00EF, 0x00EF, 0x00EF, 0x0110, 0x00EF, 0x0130, 0x021A, 0x01FD,
  0x01DB, 0x01FC, 0x01FC, 0x01FC, 0x01FC, 0x01FC, 0x01FC, 0x021C, 0x021C, 0x021D, 0x023D, 0x023D,
  0x025D, 0x025D, 0x025D, 0x027D, 0x027D, 0x029D, 0x029D, 0x02BE, 0x029E, 0x033E, 0x035E, 0x027D,
  0x023C, 0x025C, 0x125B, 0x0A1A, 0x0016, 0xCE9C, 0xFFFF, 0xFFFF, 0xFFFF, 0xFFFF, 0xFFFF, 0xFFFF,
  0xFFFF, 0xFFFF, 0xFFFF, 0xFFFF, 0xFFFF, 0xFFFF, 0xFFFF, 0xFFFF, 0xFFFF, 0xFFFF, 0xFFFF, 0xFFFF,
  0xFFFF, 0xFFFF, 0xFFFF, 0xFFFF, 0xF7BE, 0x7375, 0x00D7, 0x09F8, 0x01D7, 0x01D7, 0x01B7, 0x01B7,
  0x09B6, 0x0114, 0x4273, 0xF79E, 0xFFFF, 0xFFFF, 0xFFFF, 0xFFFF, 0xFFFF, 0xFFFF, 0xFFFF, 0xFFFF,
  0xFFFF, 0xFFFF, 0xFFFF, 0xFFFF, 0xB5B7, 0x0004, 0x31CF, 0x00F0, 0x0132, 0x0132, 0x1172, 0x0112,
  0x0010, 0xA558, 0xFFFF, 0xFFDF, 0xFFFF, 0xFFFF, 0xFFFF, 0xFFFF, 0xFFFF, 0xFFFF, 0xFFFF, 0xFFFF,
  0xFFFF, 0xFFFF, 0xFFFF, 0xFFFF, 0xFFFF, 0xFFFF, 0xFFFF, 0xFFFF, 0xFFFF, 0xFFFF, 0xFFFF, 0xFFDF,
  0xFFFF, 0xA557, 0x000B, 0x31F0, 0x0009, 0xAD77, 0xFFFF, 0xFFFF, 0xFFFF, 0xFFFF, 0xFFFF, 0xFFFF,
  0xFFFF, 0xFFFF, 0x9D36, 0x0001, 0x39EC, 0x0008, 0xA537, 0xFFFF, 0xFFFF, 0xFFFF, 0xFFFF, 0xFFFF,
  0xFFFF, 0xFFFF, 0xFFFF, 0xFFFF, 0x8D17, 0x00CC, 0x1043, 0x1908, 0x0008, 0x6B70, 0xFFDF, 0xFFFF,
  0xFFFF, 0xFFFF, 0xFFFF, 0xFFFF, 0xFFFF, 0xFFFF, 0xFFFF, 0xFFFF, 0xFFFF, 0xFFFF, 0xFFFF, 0xFFFF,
  0xFFFF, 0xFFFF, 0xFFFF, 0xFFFF, 0xFFFF, 0xFFFF, 0xFFFF, 0xFFFF, 0xFFFF, 0xE73D, 0x31EA, 0x0008,
  0x218C, 0x00CC, 0x010D, 0x010E, 0x012E, 0x010E, 0x29CF, 0x000B, 0x426E, 0xE71C, 0xFFFF, 0xFFDF,
  0xFFFF, 0xFFFF, 0xFFFF, 0xFFFF, 0xFFFF, 0xFFFF, 0xFFFF, 0xFFFF, 0xFFFF, 0xFFFF, 0xBDF7, 0x0000,
  0x0800, 0x4103, 0x4860, 0x60A0, 0x60A0, 0x5020, 0x4186, 0x0000, 0x5B0C, 0xEF5D, 0xFFFF, 0xFFFF,
  0xFFFF, 0xFFFF, 0xFFFF, 0xFFFF, 0xFFFF, 0xFFFF, 0xFFFF, 0xFFDF, 0xFFFF, 0xC618, 0x0004, 0x08A9,
  0x216B, 0x192B, 0x31AB, 0x0007, 0x73B0, 0xFFDF, 0xFFFF, 0xFFFF, 0xFFFF, 0xFFFF, 0xFFFF, 0xFFFF,
  0xFFFF, 0xFFFF, 0xFFFF, 0xFFFF, 0xFFFF, 0xA514, 0x0000, 0x2989, 0x0000, 0xA514, 0xFFFF, 0xFFDF,
  0xFFFF, 0xFFFF, 0xFFFF, 0xFFFF, 0xFFFF, 0xFFFF, 0xFFFF, 0xFFFF, 0xFFFF, 0xF7BE, 0x8411, 0x0000,
  0x39EC, 0x10AB, 0x318B, 0x0007, 0x3128, 0xDE9A, 0xFFFF, 0xFFDF, 0xFFFF, 0xFFFF, 0xFFFF, 0xFFFF,
  0xFFFF, 0xFFFF, 0xFFFF, 0xFFFF, 0xFFFF, 0xC638, 0x0000, 0x3989, 0x0000, 0xA4D3, 0xFFDF, 0xFFFF,
  0xFFFF, 0xFFFF, 0xFFFF, 0xFFFF, 0xFFFF, 0xFFFF, 0xFFFF, 0xFFFF, 0xFFFF, 0xFFFF, 0xFFFF, 0xFFFF,
  0xFFFF, 0xFFFF, 0xFFFF, 0xFFFF, 0xFFFF, 0xFFFF, 0xFFFF, 0xFFDF, 0xFFFF, 0xD69A, 0x4000, 0x5125,
  0x3000, 0xAC0F, 0xFFBE, 0xFFFF, 0xFFFF, 0xFFFF, 0xFFFF, 0xFFFF, 0xFFFF, 0xFFFF, 0xFFFF, 0xFFFF,
  0xDE79, 0x8000, 0x9A04, 0x91A1, 0x7142, 0xA1A0, 0xEE99, 0xFFFF, 0xFFFF, 0xFFFF, 0xFFFF, 0xFFFF,
  0xFFFF, 0xFFFF, 0xD658, 0x9800, 0xD326, 0xEB40, 0xFBA0, 0xFBC0, 0xFBE0, 0xFC00, 0xFC20, 0xFC20,
  0xFC60, 0xFD80, 0xFD60, 0xFBA0, 0xFC20, 0xFBE0, 0xFBE0, 0xFBE0, 0xFBE0, 0xFBE0, 0xFBE0, 0xFBE0,
  0xFBC0, 0xFBC0, 0xFBE0, 0xFB60, 0xFC60, 0xFD01, 0xFBA0, 0xFB60, 0xFBA0, 0xFB80, 0xFBA0, 0xFC40,
  0xFC40, 0xFC40, 0xFC00, 0xFBC0, 0xFBE0, 0xFC00, 0xFBA0, 0xFC20, 0xFC40, 0xFC20, 0xFBE0, 0xFBA0,
  0xFBA0, 0xFBA0, 0xFBC0, 0xFB80,
  0x0236, 0x004E, 0x010F, 0x012F, 0x00EE, 0x00EE, 0x006D, 0x000C, 0x00CE, 0x00CE, 0x002C, 0x000B,
  0x00EF, 0x00EE, 0x00EF, 0x00EF, 0x00EF, 0x00EF, 0x00EF, 0x00EF, 0x00EF, 0x0194, 0x023D, 0x01BC,
  0x01DC, 0x01DC, 0x01FC, 0x01FC, 0x01FC, 0x01FC, 0x01FC, 0x01FC, 0x021C, 0x021C, 0x021D, 0x023D,
  0x023D, 0x025D, 0x025D, 0x027D, 0x027D, 0x029D, 0x029D, 0x029E, 0x029E, 0x035E, 0x02FD, 0x021C,
  0x025C, 0x023C, 0x2A9C, 0x0138, 0x3276, 0xE73E, 0xFFFF, 0xFFFF, 0xFFFF, 0xFFFF, 0xFFFF, 0xFFFF,
  0xFFFF, 0xFFFF, 0xFFFF, 0xFFFF, 0xFFFF, 0xFFFF, 0xFFFF, 0xFFFF, 0xFFFF, 0xFFFF, 0xFFFF, 0xFFFF,
  0xFFFF, 0xFFFF, 0xFFFF, 0xFFFF, 0xF79C, 0x8B90, 0x0075, 0x0995, 0x01B6, 0x01B7, 0x01B6, 0x01B6,
  0x19D5, 0x0011, 0xA558, 0xFFFF, 0xFFFF, 0xFFFF, 0xFFFF, 0xFFFF, 0xFFFF, 0xFFFF, 0xFFFF, 0xFFFF,
  0xFFFF, 0xFFFF, 0xFFFF, 0xFFFF, 0xBDD8, 0x0003, 0x31CE, 0x00F0, 0x0111, 0x0111, 0x1992, 0x0010,
  0x000F, 0xC63A, 0xFFFF, 0xFFDF, 0xFFFF, 0xFFFF, 0xFFFF, 0xFFFF, 0xFFFF, 0xFFFF, 0xFFDF, 0xDF1C,
  0xDEFC, 0xDF1C, 0xDEFC, 0xE73D, 0xFFFF, 0xFFFF, 0xFFFF, 0xFFFF, 0xFFFF, 0xFFFF, 0xFFFF, 0xFFFF,
  0xFFFF, 0x94D5, 0x0008, 0x31CE, 0x0009, 0xC619, 0xFFFF, 0xFFFF, 0xFFFF, 0xFFFF, 0xFFFF, 0xFFFF,
  0xFFFF, 0xFFFF, 0x7C33, 0x0007, 0x0006, 0x6B91, 0xF79E, 0xFFFF, 0xFFFF, 0xFFFF, 0xFFFF, 0xFFFF,
  0xFFFF, 0xFFDF, 0xFFFF, 0xB5F9, 0x01CE, 0x0885, 0x0046, 0x2149, 0x0004, 0x94B4, 0xFFFF, 0xFFFF,
  0xFFFF, 0xFFFF, 0xFFFF, 0xFFFF, 0xFFFF, 0xFFFF, 0xFFFF, 0xDEFB, 0xD6BA, 0xD6BB, 0xD6BB, 0xD69A,
  0xEF5D, 0xFFFF, 0xFFDF, 0xFFFF, 0xFFFF, 0xFFFF, 0xFFFF, 0xFFFF, 0xFFFF, 0xDEFB, 0x0006, 0x0069,
  0x194C, 0x00ED, 0x010D, 0x010E, 0x010E, 0x012E, 0x198E, 0x0009, 0x9494, 0xFFFF, 0xFFFF, 0xFFFF,
  0xFFFF, 0xFFFF, 0xFFFF, 0xFFFF, 0xFFFF, 0xFFFF, 0xFFFF, 0xFFFF, 0xFFDF, 0xFFFF, 0xCE79, 0x0001,
  0x0000, 0x2125, 0x0800, 0x1021, 0x0821, 0x0000, 0x29A7, 0x0000, 0x83F0, 0xF79E, 0xFFFF, 0xFFFF,
  0xFFFF, 0xFFFF, 0xFFFF, 0xFFFF, 0xFFFF, 0xFFFF, 0xFFFF, 0xFFDF, 0xFFFF, 0xD6BA, 0x0006, 0x0008,
  0x216A, 0x110A, 0x31EC, 0x0002, 0xC619, 0xFFFF, 0xFFFF, 0xFFFF, 0xFFFF, 0xFFFF, 0xFFFF, 0xFFFF,
  0xFFFF, 0xFFFF, 0xFFFF, 0xFFFF, 0xFFFF, 0x8C51, 0x0000, 0x2969, 0x0000, 0xB596, 0xFFFF, 0xFFDF,
  0xFFFF, 0xFFFF, 0xFFFF, 0xFFFF, 0xFFFF, 0xFFFF, 0xFFFF, 0xFFFF, 0xFFFF, 0xFFDF, 0xA535, 0x0000,
  0x3A0C, 0x10AA, 0x296A, 0x0000, 0x83D0, 0xFFBF, 0xFFFF, 0xFFDF, 0xFFFF, 0xFFFF, 0xFFFF, 0xFFFF,
  0xFFFF, 0xFFFF, 0xFFFF, 0xFFFF, 0xFFFF, 0xBDF7, 0x0000, 0x3188, 0x0000, 0xB534, 0xFFFF, 0xFFFF,
  0xFFFF, 0xFFFF, 0xFFFF, 0xFFFF, 0xFFDF, 0xFFFF, 0xFFBE, 0xDE79, 0xDE17, 0xE638, 0xEE37, 0xE637,
  0xF77D, 0xFFFF, 0xFFFF, 0xFFFF, 0xFFFF, 0xFFFF, 0xFFFF, 0xFFDF, 0xFFFF, 0xCE38, 0x3000, 0x4145,
  0x2800, 0xB491, 0xFFDF, 0xFFFF, 0xFFFF, 0xFFFF, 0xFFFF, 0xFFFF, 0xFFFF, 0xFFFF, 0xFFFF, 0xFFFF,
  0xF79E, 0x92C9, 0x8920, 0x81A2, 0x6101, 0x91A0, 0xEEB9, 0xFFFF, 0xFFFF, 0xFFFF, 0xFFFF, 0xFFFF,
  0xFFFF, 0xFFFF, 0xCDF7, 0x9800, 0xD326, 0xEB20, 0xFB80, 0xFBC0, 0xFBE0, 0xFBE0, 0xFC00, 0xFC20,
  0xFCE0, 0xFD80, 0xFBE0, 0xFBE0, 0xFBE0, 0xFBC0, 0xFBC0, 0xFBC0, 0xFBE0, 0xFBE0, 0xFBC0, 0xFBC0,
  0xFBC0, 0xFBC0, 0xFBA0, 0xFBA0, 0xFBA0, 0xFBA0, 0xFB80, 0xFB80, 0xFBC0, 0xFB40, 0xFC00, 0xFD80,
  0xFC60, 0xFB00, 0xFBE0, 0xFBC0, 0xFC00, 0xFB80, 0xFCA0, 0xFEE0, 0xFD40, 0xFB20, 0xFB80, 0xFBA0,
  0xFBA0, 0xFBC0, 0xFB80, 0xFB80,
  0x002C, 0x00EE, 0x000D, 0x000A, 0x00EE, 0x00CE, 0x00EE, 0x010F, 0x00CE, 0x008D, 0x01D3, 0x0255,
  0x002D, 0x010F, 0x00EF, 0x00EF, 0x00EF, 0x00EF, 0x0110, 0x00EF, 0x0110, 0x0219, 0x01FC, 0x01BB,
  0x01DC, 0x01DC, 0x01DC, 0x01DC, 0x01FC, 0x01FC, 0x01FC, 0x01FC, 0x021C, 0x021C, 0x021D, 0x023D,
  0x023D, 0x023D, 0x025D, 0x025D, 0x027D, 0x027D, 0x029D, 0x027D, 0x02DE, 0x031E, 0x025C, 0x021C,
  0x027C, 0x025C, 0x32BB, 0x0017, 0x6BD7, 0xEF9E, 0xFFFF, 0xFFFF, 0xFFFF, 0xFFFF, 0xFFFF, 0xFFDF,
  0xFFFF, 0xDE99, 0xBCB0, 0xC4F0, 0xCD11, 0xC531, 0xB4B0, 0xE6DA, 0xFFFF, 0xFFFF, 0xFFFF, 0xFFFF,
  0xFFFF, 0xFFFF, 0xFFDF, 0xFFFF, 0xDED9, 0x6AAA, 0x0090, 0x0952, 0x0195, 0x01B6, 0x01B6, 0x01B6,
  0x0195, 0x0133, 0xE73D, 0xFFFF, 0xFFFF, 0xFFFF, 0xFFFF, 0xFFFF, 0xFFFF, 0xFFFF, 0xFFFF, 0xFFFF,
  0xFFFF, 0xFFFF, 0xFFFF, 0xFFFF, 0xC618, 0x0003, 0x31CE, 0x00EF, 0x0110, 0x0111, 0x2191, 0x000E,
  0x298E, 0xD6BB, 0xFFFF, 0xFFDF, 0xFFFF, 0xFFFF, 0xFFFF, 0xFFFF, 0xFFFF, 0xF79E, 0x94D4, 0x1A2D,
  0x5330, 0x4310, 0x2A8E, 0x2A6E, 0xCE7A, 0xFFFF, 0xFFFF, 0xFFFF, 0xFFFF, 0xFFFF, 0xFFDF, 0xFFFF,
  0xF7BF, 0x73F2, 0x0005, 0x192C, 0x000B, 0xD6BB, 0xFFFF, 0xFFFF, 0xFFFF, 0xFFFF, 0xFFFF, 0xFFDF,
  0xFFFF, 0xEF9E, 0x6370, 0x0000, 0x296C, 0xE71D, 0xFFFF, 0xFFFF, 0xFFFF, 0xFFFF, 0xFFFF, 0xFFFF,
  0xFFDF, 0xFFFF, 0xD6DC, 0x0290, 0x0005, 0x1064, 0x0067, 0x216A, 0x0000, 0xAD76, 0xFFFF, 0xFFFF,
  0xFFFF, 0xFFFF, 0xFFFF, 0xFFFF, 0xFFFF, 0xFFFF, 0xC638, 0x326B, 0x5B4F, 0x4AEE, 0x42CE, 0x11CA,
  0x73F0, 0xF7BE, 0xFFFF, 0xFFFF, 0xFFFF, 0xFFFF, 0xFFFF, 0xFFFF, 0xFFFF, 0xCE79, 0x0000, 0x216B,
  0x090C, 0x010D, 0x010D, 0x010E, 0x00EE, 0x218E, 0x000C, 0x008B, 0xCE7A, 0xFFFF, 0xFFDF, 0xFFFF,
  0xFFFF, 0xFFFF, 0xFFFF, 0xFFFF, 0xFFFF, 0xFFFF, 0xFFFF, 0xFFFF, 0xFFDF, 0xFFFF, 0xD6BA, 0x31A7,
  0x0000, 0x2147, 0x0003, 0x0024, 0x0044, 0x0003, 0x39C8, 0x0000, 0x9CD3, 0xFFDF, 0xFFFF, 0xFFFF,
  0xFFFF, 0xFFFF, 0xFFFF, 0xFFFF, 0xFFFF, 0xFFFF, 0xFFFF, 0xFFDF, 0xFFFF, 0xEF5D, 0x31C9, 0x0007,
  0x194A, 0x216B, 0x0049, 0x422C, 0xEF7E, 0xFFFF, 0xFFFF, 0xFFFF, 0xFFFF, 0xFFFF, 0xFFFF, 0xFFFF,
  0xFFFF, 0xFFFF, 0xFFFF, 0xFFFF, 0xFFBF, 0x736E, 0x0000, 0x2128, 0x0000, 0xC638, 0xFFFF, 0xFFDF,
  0xFFFF, 0xFFFF, 0xFFFF, 0xFFFF, 0xFFFF, 0xFFFF, 0xFFFF, 0xFFFF, 0xFFFF, 0xFFFF, 0xC618, 0x0000,
  0x39CB, 0x292A, 0x0008, 0x0003, 0xBDB7, 0xFFFF, 0xFFDF, 0xFFFF, 0xFFFF, 0xFFFF, 0xFFFF, 0xFFFF,
  0xFFFF, 0xFFFF, 0xFFFF, 0xFFFF, 0xFFFF, 0xB596, 0x0000, 0x31A8, 0x0000, 0xBD96, 0xFFFF, 0xFFFF,
  0xFFFF, 0xFFFF, 0xFFFF, 0xFFFF, 0xFFFF, 0xFFFF, 0xC534, 0x9800, 0xA140, 0xA980, 0xBA20, 0x8000,
  0xA491, 0xFFDF, 0xFFFF, 0xFFFF, 0xFFFF, 0xFFFF, 0xFFFF, 0xFFDF, 0xFFFF, 0xBDB6, 0x1000, 0x3966,
  0x2000, 0xBD13, 0xFFFF, 0xFFFF, 0xFFFF, 0xFFFF, 0xFFFF, 0xFFFF, 0xFFFF, 0xFFFF, 0xFFFF, 0xFFFF,
  0xFFFF, 0xBD13, 0x7000, 0x79C4, 0x58E0, 0x91C0, 0xF6FB, 0xFFFF, 0xFFFF, 0xFFFF, 0xFFFF, 0xFFFF,
  0xFFFF, 0xFFFF, 0xCDB6, 0x9800, 0xD326, 0xEB20, 0xFB80, 0xFBC0, 0xFBC0, 0xFBE0, 0xFC00, 0xFC40,
  0xFD40, 0xFC60, 0xFB60, 0xFBE0, 0xFBA0, 0xFBA0, 0xFBA0, 0xFBC0, 0xFBC0, 0xFBC0, 0xFBA0, 0xFBA0,
  0xFBA0, 0xFBA0, 0xFBA0, 0xFB80, 0xFB80, 0xFB60, 0xFB80, 0xFB80, 0xFB00, 0xFB40, 0xFBA0, 0xFBC0,
  0xFBC0, 0xFBE0, 0xFBC0, 0xFBC0, 0xFB80, 0xFAE0, 0xFC60, 0xFD40, 0xFC00, 0xFB80, 0xFBC0, 0xFBA0,
  0xFBC0, 0xFB80, 0xFBA0, 0xFD20,
  0x00AC, 0x000B, 0x0212, 0x0318, 0x008E, 0x00EF, 0x00CE, 0x00EE, 0x00CE, 0x008E, 0x01F4, 0x0277,
  0x002D, 0x010F, 0x00EF, 0x00EF, 0x00EF, 0x00EF, 0x00EF, 0x00EF, 0x0194, 0x021C, 0x01BB, 0x01DB,
  0x01DB, 0x01DC, 0x01DC, 0x01DC, 0x01FC, 0x01FC, 0x01FC, 0x01FC, 0x01FC, 0x01FC, 0x021C, 0x021D,
  0x023D, 0x023D, 0x025D, 0x025D, 0x025D, 0x027D, 0x027D, 0x027D, 0x02FE, 0x02BD, 0x021C, 0x027D,
  0x027D, 0x023B, 0x329A, 0x0016, 0x9CF9, 0xF7DF, 0xFFFF, 0xFFFF, 0xFFFF, 0xFFFF, 0xFFFF, 0xFFDF,
  0xFFFF, 0xC594, 0x4800, 0x5800, 0x6900, 0x71E1, 0x3800, 0xA4D2, 0xFFDF, 0xFFFF, 0xFFFF, 0xFFFF,
  0xFFFF, 0xFFFF, 0xFFDF, 0xFFFF, 0xC616, 0x3947, 0x006D, 0x0951, 0x0173, 0x0195, 0x0195, 0x19D5,
  0x0013, 0x94B7, 0xFFFF, 0xFFFF, 0xFFFF, 0xFFFF, 0xFFFF, 0xFFFF, 0xFFFF, 0xFFFF, 0xFFFF, 0xFFFF,
  0xFFFF, 0xFFFF, 0xFFFF, 0xFFFF, 0xC639, 0x0002, 0x29AE, 0x00EF, 0x00F0, 0x00F0, 0x1970, 0x000D,
  0x52D0, 0xEF5D, 0xFFFF, 0xFFFF, 0xFFFF, 0xFFFF, 0xFFFF, 0xFFFF, 0xFFFF, 0xD6BB, 0x0008, 0x0002,
  0x0108, 0x00C8, 0x0006, 0x0000, 0xBE18, 0xFFFF, 0xFFFF, 0xFFFF, 0xFFFF, 0xFFFF, 0xFFDF, 0xFFFF,
  0xE75D, 0x52EE, 0x0005, 0x000A, 0x4A6E, 0xE73D, 0xFFFF, 0xFFFF, 0xFFFF, 0xFFFF, 0xFFFF, 0xFFDF,
  0xFFFF, 0xDF1D, 0x428D, 0x0000, 0xC639, 0xFFFF, 0xFFFF, 0xFFFF, 0xFFFF, 0xFFFF, 0xFFFF, 0xFFDF,
  0xFFFF, 0xEF7E, 0x53B3, 0x0007, 0x1042, 0x0087, 0x0068, 0x216A, 0x0000, 0xC639, 0xFFFF, 0xFFFF,
  0xFFFF, 0xFFFF, 0xFFFF, 0xFFFF, 0xFFFF, 0xFFDF, 0x73F0, 0x0000, 0x21A8, 0x00C6, 0x00A5, 0x0000,
  0x4AAB, 0xF79E, 0xFFFF, 0xFFFF, 0xFFFF, 0xFFFF, 0xFFFF, 0xFFFF, 0xFFFF, 0xBDF8, 0x0000, 0x31CC,
  0x00EC, 0x010D, 0x010D, 0x010D, 0x00ED, 0x218D, 0x0008, 0x73B1, 0xF79E, 0xFFFF, 0xFFFF, 0xFFFF,
  0xFFFF, 0xFFFF, 0xFFFF, 0xFFFF, 0xFFFF, 0xFFFF, 0xFFFF, 0xFFFF, 0xFFDF, 0xFFFF, 0xE71C, 0x4A6A,
  0x0000, 0x2968, 0x0025, 0x0886, 0x0886, 0x0046, 0x31C9, 0x0000, 0xAD76, 0xFFFF, 0xFFFF, 0xFFFF,
  0xFFFF, 0xFFFF, 0xFFFF, 0xFFFF, 0xFFFF, 0xFFFF, 0xFFFF, 0xFFFF, 0xFFFF, 0xF79E, 0x5AED, 0x0006,
  0x1109, 0x31EB, 0x0000, 0xA556, 0xFFFF, 0xFFFF, 0xFFFF, 0xFFFF, 0xFFFF, 0xFFFF, 0xFFFF, 0xFFFF,
  0xFFFF, 0xFFFF, 0xFFFF, 0xFFFF, 0xEF7E, 0x4A6A, 0x0004, 0x08C7, 0x0000, 0xD69A, 0xFFFF, 0xFFDF,
  0xFFFF, 0xFFFF, 0xFFFF, 0xFFFF, 0xFFFF, 0xFFFF, 0xFFFF, 0xFFFF, 0xFFFF, 0xFFFF, 0xD6BB, 0x0000,
  0x2129, 0x318A, 0x0003, 0x5A8B, 0xEF5D, 0xFFFF, 0xFFDF, 0xFFFF, 0xFFFF, 0xFFFF, 0xFFFF, 0xFFFF,
  0xFFFF, 0xFFFF, 0xFFFF, 0xFFFF, 0xFFFF, 0xA514, 0x0000, 0x31A8, 0x0000, 0xC5F7, 0xFFFF, 0xFFFF,
  0xFFFF, 0xFFFF, 0xFFFF, 0xFFFF, 0xFFFF, 0xF7BE, 0x838D, 0x2800, 0x5901, 0x5800, 0x6164, 0x1000,
  0x93AE, 0xFFBE, 0xFFFF, 0xFFFF, 0xFFFF, 0xFFFF, 0xFFFF, 0xFFDF, 0xFFFF, 0xAD75, 0x0000, 0x3966,
  0x2000, 0xCD75, 0xFFFF, 0xFFFF, 0xFFFF, 0xFFFF, 0xFFFF, 0xFFFF, 0xFFFF, 0xFFFF, 0xFFFF, 0xFFFF,
  0xFFFF, 0xE6DA, 0x6000, 0x7184, 0x50A0, 0x9A44, 0xF73C, 0xFFFF, 0xFFFF, 0xFFFF, 0xFFFF, 0xFFFF,
  0xFFFF, 0xFFFF, 0xBD13, 0x9800, 0xD326, 0xEB40, 0xFB80, 0xFBA0, 0xFBC0, 0xFBE0, 0xFC00, 0xFCE0,
  0xFCE0, 0xFB40, 0xFBC0, 0xFBA0, 0xFBA0, 0xFBA0, 0xFBA0, 0xFBA0, 0xFBA0, 0xFBA0, 0xFB80, 0xFB80,
  0xFB80, 0xFB80, 0xFB80, 0xFB80, 0xFB80, 0xFB80, 0xFB60, 0xFB60, 0xFD02, 0xFC81, 0xFB00, 0xFB80,
  0xFBA0, 0xFBC0, 0xFC00, 0xFB20, 0xFD00, 0xFDE0, 0xFBE0, 0xFB00, 0xFBA0, 0xFBA0, 0xFBA0, 0xFBA0,
  0xFB80, 0xFBC0, 0xFCC0, 0xFC60,
  0x00CD, 0x000B, 0x0212, 0x033A, 0x00AF, 0x00EF, 0x00EE, 0x00EE, 0x00EE, 0x00EE, 0x00EF, 0x00EF,
  0x00EF, 0x00EE, 0x00EF, 0x00EF, 0x00EF, 0x00EF, 0x00CF, 0x00EF, 0x01F8, 0x01FC, 0x01BB, 0x01DB,
  0x01DB, 0x01DC, 0x01DC, 0x01DC, 0x01DC, 0x01FC, 0x01FC, 0x01FC, 0x01FC, 0x01FC, 0x021C, 0x021D,
  0x023D, 0x023D, 0x025D, 0x025D, 0x025D, 0x027D, 0x025D, 0x029D, 0x02DE, 0x025C, 0x025D, 0x027D,
  0x025C, 0x023B, 0x2A79, 0x0015, 0xBDFB, 0xFFFF, 0xFFFF, 0xFFFF, 0xFFFF, 0xFFFF, 0xFFFF, 0xFFFF,
  0xFFFF, 0xBD11, 0x2000, 0x0004, 0x0004, 0x29A8, 0x0000, 0xAD76, 0xFFFF, 0xFFFF, 0xFFFF, 0xFFFF,
  0xFFFF, 0xFFFF, 0xFFFF, 0xFFFF, 0xAD53, 0x1047, 0x008D, 0x0130, 0x0152, 0x0174, 0x0174, 0x19B3,
  0x0011, 0xD6DC, 0xFFFF, 0xFFFF, 0xFFFF, 0xFFFF, 0xFFFF, 0xFFFF, 0xFFFF, 0xFFFF, 0xFFFF, 0xFFFF,
  0xFFFF, 0xFFFF, 0xFFFF, 0xFFFF, 0xCE5A, 0x0002, 0x298D, 0x00EE, 0x00F0, 0x0110, 0x1950, 0x000C,
  0x73D2, 0xFFDF, 0xFFFF, 0xFFFF, 0xFFFF, 0xFFFF, 0xFFFF, 0xFFFF, 0xFFFF, 0xBE39, 0x0002, 0x2922,
  0x18E4, 0x3166, 0x0000, 0x2125, 0xD6BA, 0xFFFF, 0xFFDF, 0xFFFF, 0xFFFF, 0xFFFF, 0xFFDF, 0xFFFF,
  0xD6DC, 0x19AB, 0x0007, 0x0005, 0x73B1, 0xF79E, 0xFFFF, 0xFFFF, 0xFFFF, 0xFFFF, 0xFFFF, 0xFFDF,
  0xFFFF, 0xC69B, 0x0000, 0x9493, 0xFFFF, 0xFFFF, 0xFFFF, 0xFFFF, 0xFFFF, 0xFFFF, 0xFFFF, 0xFFFF,
  0xFFDF, 0x84D6, 0x00AA, 0x1000, 0x0066, 0x0088, 0x00A9, 0x192B, 0x0006, 0xDEDB, 0xFFFF, 0xFFFF,
  0xFFFF, 0xFFFF, 0xFFFF, 0xFFFF, 0xFFFF, 0xEF9E, 0x52CB, 0x0000, 0x2104, 0x1082, 0x18A2, 0x0000,
  0x73AF, 0xFFDF, 0xFFDF, 0xFFDF, 0xFFDF, 0xFFDF, 0xFFDF, 0xFFFF, 0xFFFF, 0xAD76, 0x0000, 0x31EC,
  0x00AC, 0x010D, 0x010D, 0x00ED, 0x114D, 0x008C, 0x0008, 0xB597, 0xFFFF, 0xFFDF, 0xFFFF, 0xFFFF,
  0xFFFF, 0xFFFF, 0xFFFF, 0xFFFF, 0xFFFF, 0xFFFF, 0xFFFF, 0xFFFF, 0xFFDF, 0xFFFF, 0xEF7D, 0x6B4D,
  0x0000, 0x2989, 0x0067, 0x00A8, 0x00A8, 0x08C8, 0x2989, 0x0000, 0xC618, 0xFFFF, 0xFFFF, 0xFFFF,
  0xFFFF, 0xFFFF, 0xFFFF, 0xFFFF, 0xFFFF, 0xFFFF, 0xFFFF, 0xFFFF, 0xFFFF, 0xFFDF, 0x7BF0, 0x0003,
  0x1109, 0x216A, 0x0006, 0xDEFC, 0xFFFF, 0xFFFF, 0xFFFF, 0xFFFF, 0xFFFF, 0xFFFF, 0xFFFF, 0xFFFF,
  0xFFFF, 0xFFFF, 0xFFFF, 0xFFFF, 0xE73D, 0x2105, 0x0086, 0x0006, 0x0024, 0xDF1C, 0xFFFF, 0xFFDF,
  0xFFFF, 0xFFFF, 0xFFFF, 0xFFFF, 0xFFFF, 0xFFFF, 0xFFFF, 0xFFFF, 0xFFFF, 0xFFFF, 0xE73C, 0x31A9,
  0x0006, 0x2989, 0x0000, 0xA4D3, 0xFFFF, 0xFFFF, 0xFFFF, 0xFFFF, 0xFFFF, 0xFFFF, 0xFFFF, 0xFFFF,
  0xFFFF, 0xFFFF, 0xFFFF, 0xFFFF, 0xFFFF, 0x9CD3, 0x0000, 0x2967, 0x0800, 0xD658, 0xFFFF, 0xFFFF,
  0xFFFF, 0xFFFF, 0xFFFF, 0xFFDF, 0xFFFF, 0xEF7D, 0x632C, 0x0000, 0x1986, 0x0062, 0x11C7, 0x0000,
  0xACB2, 0xFFFF, 0xFFFF, 0xFFFF, 0xFFFF, 0xFFFF, 0xFFFF, 0xFFDF, 0xFFFF, 0x9CD3, 0x0000, 0x3186,
  0x2000, 0xCDF7, 0xFFFF, 0xFFFF, 0xFFFF, 0xFFFF, 0xFFFF, 0xFFFF, 0xFFFF, 0xFFFF, 0xFFFF, 0xFFFF,
  0xFFFF, 0xFFBE, 0x8B4C, 0x5800, 0x58E0, 0x9AA7, 0xF77D, 0xFFFF, 0xFFFF, 0xFFFF, 0xFFFF, 0xFFFF,
  0xFFFF, 0xFFDF, 0xB4B1, 0xA000, 0xD326, 0xEB20, 0xFB80, 0xFBA0, 0xFBC0, 0xFBC0, 0xFC60, 0xFD40,
  0xFBA0, 0xFB60, 0xFB80, 0xFB80, 0xFB80, 0xFB80, 0xFBA0, 0xFB80, 0xFB80, 0xFB80, 0xFB60, 0xFB60,
  0xFB60, 0xFB60, 0xFB60, 0xFB60, 0xFB60, 0xFB80, 0xFB40, 0xFB60, 0xFCA2, 0xFC21, 0xFB40, 0xFBE0,
  0xFBC0, 0xFBC0, 0xFB60, 0xFAA0, 0xFCC0, 0xFD40, 0xFBA0, 0xFB60, 0xFBA0, 0xFB80, 0xFBA0, 0xFB80,
  0xFBC0, 0xFC60, 0xFC00, 0xFB80,
  0x00CD, 0x00CE, 0x00AD, 0x00CE, 0x00CE, 0x00EE, 0x00EF, 0x00EF, 0x00EE, 0x00EF, 0x00CE, 0x00AE,
  0x00EF, 0x00CE, 0x00EE, 0x00EF, 0x00EF, 0x00EF, 0x00CE, 0x0153, 0x021C, 0x01BB, 0x01BB, 0x01BB,
  0x01BB, 0x01DC, 0x01DC, 0x01DC, 0x01DC, 0x01FC, 0x01FC, 0x01FC, 0x01FC, 0x01FC, 0x021C, 0x021D,
  0x023D, 0x023D, 0x023D, 0x025D, 0x025D, 0x025D, 0x025D, 0x02BD, 0x029D, 0x025D, 0x027D, 0x025C,
  0x023C, 0x1A5B, 0x01F8, 0x0015, 0xD69C, 0xFFFF, 0xFFFF, 0xFFFF, 0xFFFF, 0xFFFF, 0xFFFF, 0xFFFF,
  0xFFBE, 0xA46E, 0x0800, 0x0087, 0x0086, 0x2988, 0x0000, 0xCE7A, 0xFFFF, 0xFFFF, 0xFFFF, 0xFFFF,
  0xFFFF, 0xFFFF, 0xFFFF, 0xFFDE, 0x944F, 0x0007, 0x00CD, 0x0130, 0x0152, 0x0153, 0x1194, 0x0011,
  0x73D5, 0xFFDF, 0xFFFF, 0xFFFF, 0xFFFF, 0xFFFF, 0xFFFF, 0xFFFF, 0xEF5D, 0xFFDF, 0xFFFF, 0xFFFF,
  0xFFFF, 0xFFFF, 0xFFFF, 0xFFFF, 0xCE7A, 0x0003, 0x296C, 0x00EE, 0x00EF, 0x0930, 0x010F, 0x000B,
  0x94B5, 0xFFFF, 0xFFFF, 0xFFFF, 0xFFFF, 0xFFFF, 0xFFFF, 0xFFFF, 0xFFFF, 0xB5B8, 0x0000, 0x2945,
  0x0005, 0x2967, 0x0000, 0x4A8B, 0xDEFC, 0xFFFF, 0xF7BF, 0xFFDF, 0xFFDF, 0xFFDF, 0xFFDF, 0xFFFF,
  0xC65A, 0x0007, 0x2128, 0x0000, 0x94B4, 0xFFDF, 0xFFFF, 0xFFFF, 0xFFFF, 0xFFFF, 0xFFFF, 0xFFDF,
  0xFFFF, 0x9D56, 0x31EA, 0xEF5D, 0xFFFF, 0xFFFF, 0xFFFF, 0xFFFF, 0xFFFF, 0xFFFF, 0xFFDF, 0xFFFF,
  0xADB9, 0x01CD, 0x0002, 0x0866, 0x0088, 0x0089, 0x08CA, 0x008A, 0x192A, 0xEF5D, 0xFFFF, 0xFFFF,
  0xFFFF, 0xFFFF, 0xFFFF, 0xFFFF, 0xFFFF, 0xE75D, 0x1966, 0x0000, 0x0884, 0x0044, 0x0024, 0x0000,
  0x9CB2, 0xFFFF, 0xFFFF, 0xFFFF, 0xFFFF, 0xFFFF, 0xFFFF, 0xFFFF, 0xFFFF, 0x94B3, 0x0000, 0x31EC,
  0x00AC, 0x00ED, 0x010D, 0x00ED, 0x218D, 0x000A, 0x426D, 0xDF1C, 0xFFFF, 0xFFDF, 0xFFFF, 0xFFFF,
  0xFFFF, 0xFFFF, 0xEF5D, 0xEF5D, 0xFFFF, 0xFFFF, 0xFFFF, 0xFFFF, 0xFFFF, 0xFFFF, 0xF7BE, 0x7BF0,
  0x0000, 0x29AA, 0x00A9, 0x00C9, 0x00C9, 0x1929, 0x1908, 0x0000, 0xCE7A, 0xFFFF, 0xFFFF, 0xFFFF,
  0xFFFF, 0xFFFF, 0xFFFF, 0xFFFF, 0xFFFF, 0xFFFF, 0xFFFF, 0xFFFF, 0xFFDF, 0xFFFF, 0x9CF4, 0x0000,
  0x298A, 0x0003, 0x8431, 0xFFDF, 0xFFFF, 0xFFFF, 0xFFFF, 0xFFFF, 0xFFFF, 0xFFFF, 0xFFFF, 0xFFFF,
  0xFFFF, 0xFFFF, 0xFFFF, 0xFFFF, 0xDEFB, 0x0000, 0x2147, 0x0004, 0x31A7, 0xEF5D, 0xFFFF, 0xFFFF,
  0xFFFF, 0xFFFF, 0xFFFF, 0xFFFF, 0xFFFF, 0xFFFF, 0xFFFF, 0xFFFF, 0xFFFF, 0xFFFF, 0xEF7E, 0x6B4E,
  0x0002, 0x08A8, 0x2886, 0xDE9A, 0xFFFF, 0xFFDF, 0xFFFF, 0xFFFF, 0xFFFF, 0xFFFF, 0xFFFF, 0xFFFF,
  0xFFFF, 0xFFFF, 0xFFDF, 0xFFFF, 0xF7BE, 0x8431, 0x0000, 0x1906, 0x3000, 0xDE9A, 0xFFFF, 0xFFFF,
  0xFFFF, 0xFFFF, 0xFFFF, 0xFFDF, 0xFFFF, 0xE73C, 0x528A, 0x0000, 0x3145, 0x1800, 0x31A7, 0x0000,
  0xB534, 0xFFFF, 0xFFFF, 0xFFFF, 0xFFFF, 0xFFFF, 0xFFFF, 0xFFDF, 0xFFFF, 0x8C51, 0x0000, 0x3186,
  0x3800, 0xD638, 0xFFFF, 0xFFFF, 0xFFFF, 0xFFFF, 0xFFFF, 0xFFFF, 0xFFFF, 0xFFFF, 0xFFFF, 0xFFFF,
  0xFFFF, 0xFFFF, 0xBD95, 0x4800, 0x5922, 0x9B09, 0xFF9D, 0xFFFF, 0xFFFF, 0xFFFF, 0xFFFF, 0xFFFF,
  0xFFFF, 0xFFDE, 0xAC50, 0xA000, 0xD325, 0xEB20, 0xFB60, 0xFBA0, 0xFBA0, 0xFBE0, 0xFD20, 0xFC60,
  0xFB00, 0xFBA0, 0xFB60, 0xFB80, 0xFB80, 0xFB80, 0xFB80, 0xFB80, 0xFB80, 0xFB60, 0xFB60, 0xFB60,
  0xFB60, 0xFB60, 0xFB60, 0xFB60, 0xFB60, 0xFB60, 0xFB60, 0xFB60, 0xFB40, 0xFB60, 0xFBC0, 0xFBC0,
  0xFBE0, 0xFB40, 0xFCC0, 0xFD00, 0xFB80, 0xFB40, 0xFBA0, 0xFB80, 0xFB80, 0xFBA0, 0xFB60, 0xFBC0,
  0xFC20, 0xFBC0, 0xFB80, 0xFBC0,
  0x00CE, 0x00EE, 0x00AE, 0x006D, 0x00CE, 0x00EE, 0x008C, 0x008C, 0x00EE, 0x00EE, 0x00EF, 0x00EF,
  0x00EF, 0x00EF, 0x00EF, 0x00EF, 0x00EF, 0x00EF, 0x00EF, 0x01D8, 0x01DC, 0x01BB, 0x01DB, 0x01DB,
  0x01BB, 0x01BB, 0x01DC, 0x01DC, 0x01DC, 0x01DC, 0x01FC, 0x01FC, 0x01FC, 0x01FC, 0x021C, 0x021D,
  0x023D, 0x023D, 0x023D, 0x023D, 0x025D, 0x025D, 0x027D, 0x02DD, 0x027D, 0x025D, 0x027C, 0x025C,
  0x023C, 0x2A7B, 0x00D7, 0x3A95, 0xE71D, 0xFFFF, 0xFFFF, 0xFFFF, 0xFFFF, 0xFFFF, 0xFFDF, 0xFFFF,
  0xEF3B, 0x8BAB, 0x0003, 0x00C9, 0x190A, 0x08C8, 0x0006, 0xE71C, 0xFFFF, 0xFFFF, 0xFFFF, 0xFFFF,
  0xFFFF, 0xFFFF, 0xFFFF, 0xEF7C, 0x732B, 0x0007, 0x00EC, 0x010F, 0x0132, 0x0133, 0x21B3, 0x000F,
  0xC63B, 0xFFFF, 0xFFFF, 0xFFFF, 0xFFFF, 0xFFFF, 0xFFFF, 0xF7BE, 0xBDB6, 0xF7BE, 0xFFFF, 0xFFFF,
  0xFFFF, 0xFFFF, 0xFFFF, 0xFFFF, 0xD69B, 0x0004, 0x214C, 0x00EE, 0x00CF, 0x1150, 0x004E, 0x000B,
  0xAD97, 0xFFFF, 0xFFDF, 0xFFFF, 0xFFFF, 0xFFFF, 0xFFDF, 0xFFFF, 0xFFDF, 0x94F5, 0x0000, 0x31A7,
  0x0006, 0x3189, 0x0000, 0x73AF, 0xF79E, 0xFFFF, 0xFFFF, 0xFFFF, 0xFFFF, 0xFFFF, 0xFFFF, 0xFFFF,
  0xADB7, 0x0002, 0x3189, 0x0000, 0xAD76, 0xFFFF, 0xFFFF, 0xFFFF, 0xFFFF, 0xFFFF, 0xFFFF, 0xFFFF,
  0xFFFF, 0x7C53, 0xCE59, 0xFFFF, 0xFFFF, 0xFFFF, 0xFFFF, 0xFFFF, 0xFFFF, 0xFFDF, 0xFFFF, 0xC67B,
  0x026F, 0x0004, 0x0865, 0x0067, 0x0089, 0x008A, 0x190B, 0x0008, 0x5ACD, 0xF7BF, 0xFFFF, 0xFFFF,
  0xFFFF, 0xFFFF, 0xFFFF, 0xFFFF, 0xFFFF, 0xDEFC, 0x0000, 0x2105, 0x0065, 0x08A6, 0x0025, 0x0000,
  0x9D35, 0xEF7E, 0xDF1C, 0xE73C, 0xE73D, 0xE73D, 0xE73C, 0xE75D, 0xDEFC, 0x6B8F, 0x0000, 0x29AC,
  0x00AC, 0x00ED, 0x010D, 0x010D, 0x194C, 0x0007, 0x9494, 0xFFFF, 0xFFFF, 0xFFFF, 0xFFFF, 0xFFFF,
  0xFFFF, 0xFFFF, 0xCE58, 0xD69A, 0xFFFF, 0xFFDF, 0xFFFF, 0xFFFF, 0xFFFF, 0xFFFF, 0xFFFF, 0x9492,
  0x0000, 0x298B, 0x00CA, 0x00EB, 0x00CA, 0x216B, 0x0006, 0x10E6, 0xDEDB, 0xFFFF, 0xFFFF, 0xFFFF,
  0xFFFF, 0xFFFF, 0xFFFF, 0xFFFF, 0xFFFF, 0xFFFF, 0xFFFF, 0xFFFF, 0xFFDF, 0xFFFF, 0xB5B7, 0x0000,
  0x2989, 0x0000, 0xCE59, 0xFFFF, 0xFFFF, 0xFFFF, 0xFFFF, 0xFFFF, 0xFFFF, 0xFFFF, 0xFFFF, 0xFFFF,
  0xFFFF, 0xFFFF, 0xFFFF, 0xFFFF, 0xD6BA, 0x0000, 0x2968, 0x0002, 0x52AB, 0xEF7E, 0xFFFF, 0xFFFF,
  0xFFFF, 0xFFFF, 0xFFFF, 0xFFFF, 0xFFFF, 0xFFFF, 0xFFFF, 0xFFFF, 0xFFFF, 0xFFFF, 0xFFDF, 0x8C72,
  0x0000, 0x0005, 0x7B4E, 0xF79E, 0xFFFF, 0xFFDF, 0xFFFF, 0xFFFF, 0xFFFF, 0xFFFF, 0xFFFF, 0xFFFF,
  0xFFFF, 0xFFFF, 0xFFDF, 0xFFFF, 0xEF7D, 0x738E, 0x0000, 0x0064, 0x4965, 0xE6FB, 0xFFFF, 0xFFDF,
  0xFFFF, 0xFFFF, 0xFFFF, 0xFFDF, 0xFFFF, 0xE71C, 0x4208, 0x0000, 0x3966, 0x2863, 0x31A7, 0x0000,
  0xBD75, 0xFFFF, 0xFFFF, 0xFFDF, 0xFFFF, 0xFFFF, 0xFFFF, 0xFFFF, 0xFFDF, 0x83EF, 0x0000, 0x2966,
  0x4800, 0xE699, 0xFFFF, 0xFFFF, 0xFFFF, 0xFFFF, 0xFFFF, 0xFFFF, 0xFFFF, 0xFFFF, 0xFFFF, 0xFFFF,
  0xFFFF, 0xFFFF, 0xE71C, 0x4800, 0x5020, 0xA36C, 0xFFBE, 0xFFFF, 0xFFFF, 0xFFFF, 0xFFFF, 0xFFFF,
  0xFFFF, 0xF7BE, 0xA3AD, 0xA100, 0xD305, 0xEB20, 0xFB60, 0xFB80, 0xFBA0, 0xFC80, 0xFCE0, 0xFB00,
  0xFB60, 0xFB60, 0xFB60, 0xFB60, 0xFB80, 0xFB80, 0xFB60, 0xFB60, 0xFB40, 0xFB40, 0xFB40, 0xFB40,
  0xFB40, 0xFB40, 0xFB40, 0xFB60, 0xFB60, 0xFB60, 0xFB60, 0xFB60, 0xFB60, 0xFBA0, 0xFBC0, 0xFBC0,
  0xFBA0, 0xFB20, 0xFD00, 0xFCE0, 0xFB60, 0xFB80, 0xFBA0, 0xFB80, 0xFBA0, 0xFB80, 0xFC80, 0xFC20,
  0xFBA0, 0xFBA0, 0xFBC0, 0xFBE0,
  0x00EE, 0x00CE, 0x00EE, 0x00EE, 0x00CE, 0x00AD, 0x01D4, 0x01D4, 0x006C, 0x00EF, 0x00EE, 0x00EE,
  0x00EF, 0x00EF, 0x00EF, 0x00EF, 0x00EF, 0x00CF, 0x0153, 0x021B, 0x019B, 0x01DB, 0x01DB, 0x01DB,
  0x01DB, 0x01BB, 0x01DC, 0x01DC, 0x01DC, 0x01DC, 0x01FC, 0x01FC, 0x01FC, 0x021C, 0x021D, 0x021D,
  0x023D, 0x023D, 0x023D, 0x023D, 0x025D, 0x025D, 0x031E, 0x02FE, 0x023D, 0x025C, 0x025C, 0x023C,
  0x021B, 0x329A, 0x0016, 0x73D7, 0xEF7E, 0xFFFF, 0xFFDF, 0xFFFF, 0xFFFF, 0xFFFF, 0xFFDF, 0xFFFF,
  0xDE98, 0x6A87, 0x0005, 0x00CB, 0x216E, 0x000C, 0x5AEF, 0xEF7E, 0xFFFF, 0xFFFF, 0xFFFF, 0xFFFF,
  0xFFFF, 0xFFFF, 0xFFFF, 0xDEDA, 0x5206, 0x0008, 0x08EC, 0x0110, 0x0132, 0x1172, 0x0011, 0x52D3,
  0xF79F, 0xFFFF, 0xFFFF, 0xFFFF, 0xFFFF, 0xFFFF, 0xFFFF, 0xDEFB, 0x8C51, 0xFFFF, 0xFFDF, 0xFFFF,
  0xFFFF, 0xFFFF, 0xFFFF, 0xFFFF, 0xD6DB, 0x0005, 0x212C, 0x090E, 0x00CE, 0x194F, 0x000D, 0x000C,
  0xCE5A, 0xFFFF, 0xFFDF, 0xFFFF, 0xFFFF, 0xFFFF, 0xFFFF, 0xFFFF, 0xEF9E, 0x6BF2, 0x0000, 0x3188,
  0x0028, 0x296A, 0x0000, 0x94B3, 0xF7BE, 0xF7DF, 0xF7BF, 0xF7BF, 0xF7BF, 0xF79E, 0xF7BE, 0xF7BF,
  0x94D4, 0x0000, 0x298A, 0x0001, 0xC619, 0xFFFF, 0xFFFF, 0xFFFF, 0xFFFF, 0xFFFF, 0xFFFF, 0xFFFF,
  0xEF5D, 0xBE19, 0xFFDF, 0xFFFF, 0xFFFF, 0xFFFF, 0xFFFF, 0xFFFF, 0xFFDF, 0xFFFF, 0xE73D, 0x3B52,
  0x0006, 0x1044, 0x0067, 0x0089, 0x00AA, 0x00AB, 0x214C, 0x0006, 0x7BF1, 0xFFDF, 0xFFFF, 0xFFFF,
  0xFFFF, 0xFFFF, 0xFFFF, 0xFFFF, 0xFFFF, 0xCE59, 0x0000, 0x2968, 0x0047, 0x0087, 0x0026, 0x0005,
  0x3B32, 0x4393, 0x4330, 0x4310, 0x4B30, 0x4B30, 0x4B30, 0x4B30, 0x4310, 0x2188, 0x0006, 0x08EA,
  0x00CC, 0x00EC, 0x00CC, 0x216D, 0x000A, 0x004A, 0xCE5A, 0xFFFF, 0xFFDF, 0xFFFF, 0xFFFF, 0xFFFF,
  0xFFFF, 0xF79E, 0x9CF3, 0xD679, 0xFFFF, 0xFFDF, 0xFFFF, 0xFFFF, 0xFFFF, 0xFFFF, 0xFFFF, 0x9CF4,
  0x0000, 0x194B, 0x08EB, 0x00EB, 0x00AB, 0x29AB, 0x0003, 0x52AC, 0xE73D, 0xFFFF, 0xFFFF, 0xFFFF,
  0xFFFF, 0xFFFF, 0xFFFF, 0xFFFF, 0xFFFF, 0xFFFF, 0xFFFF, 0xFFFF, 0xFFDF, 0xFFFF, 0xCE79, 0x0004,
  0x0000, 0x52CD, 0xF79E, 0xFFFF, 0xFFFF, 0xFFFF, 0xFFFF, 0xFFFF, 0xFFFF, 0xFFFF, 0xFFFF, 0xFFFF,
  0xFFFF, 0xFFFF, 0xFFFF, 0xFFFF, 0xC618, 0x0000, 0x2988, 0x0000, 0x738E, 0xFFBF, 0xFFFF, 0xFFFF,
  0xFFFF, 0xFFFF, 0xFFFF, 0xFFFF, 0xFFFF, 0xFFFF, 0xFFFF, 0xFFFF, 0xFFFF, 0xFFFF, 0xFFFF, 0xB596,
  0x0000, 0x1005, 0xB575, 0xFFFF, 0xFFDF, 0xFFFF, 0xFFFF, 0xFFFF, 0xFFFF, 0xFFFF, 0xFFFF, 0xFFFF,
  0xFFFF, 0xFFFF, 0xFFDF, 0xFFFF, 0xEF5D, 0x632C, 0x0000, 0x0000, 0x5A49, 0xEF1C, 0xFFFF, 0xFFDF,
  0xFFFF, 0xFFFF, 0xFFFF, 0xFFDF, 0xFFFF, 0xD69A, 0x2904, 0x0000, 0x3966, 0x3083, 0x29A7, 0x1000,
  0xCDD7, 0xFFFF, 0xFFFF, 0xFFFF, 0xFFFF, 0xFFFF, 0xFFFF, 0xFFFF, 0xF7BE, 0x6B4D, 0x0000, 0x2945,
  0x5800, 0xE6FB, 0xFFFF, 0xFFFF, 0xFFFF, 0xFFFF, 0xFFFF, 0xFFFF, 0xFFFF, 0xFFFF, 0xFFFF, 0xFFFF,
  0xFFFF, 0xFFFF, 0xFFDF, 0x83CE, 0x1800, 0xA3EE, 0xFFDF, 0xFFFF, 0xFFFF, 0xFFFF, 0xFFFF, 0xFFFF,
  0xFFFF, 0xF77D, 0x932A, 0xA980, 0xD2E4, 0xEB00, 0xFB60, 0xFB60, 0xFBE0, 0xFCE0, 0xFBA0, 0xFB00,
  0xFB60, 0xFB40, 0xFB40, 0xFB60, 0xFB60, 0xFB60, 0xFB40, 0xFB20, 0xFB20, 0xFB40, 0xFB20, 0xFB20,
  0xFB40, 0xFB40, 0xFB40, 0xFB40, 0xFB40, 0xFB60, 0xFB60, 0xFB60, 0xFBA0, 0xFBC0, 0xFBC0, 0xFBA0,
  0xFBA0, 0xFBA0, 0xFB80, 0xFB60, 0xFB80, 0xFBA0, 0xFB80, 0xFBA0, 0xFB80, 0xFC20, 0xFC60, 0xFBA0,
  0xFB80, 0xFBC0, 0xFBE0, 0xFBE0,
  0x00CE, 0x00CE, 0x00CE, 0x00CE, 0x00CE, 0x00CD, 0x0193, 0x0193, 0x00AD, 0x00EF, 0x00EE, 0x00EE,
  0x00EF, 0x00EF, 0x00EF, 0x00EF, 0x00EF, 0x00EF, 0x01F7, 0x01FC, 0x019B, 0x01BB, 0x01BB, 0x01BB,
  0x01BB, 0x01BB, 0x01DC, 0x01DC, 0x01DC, 0x01FC, 0x01FC, 0x01FC, 0x021C, 0x021C, 0x021D, 0x021D,
  0x021D, 0x023D, 0x023D, 0x027D, 0x021D, 0x031E, 0x03BE, 0x029D, 0x021C, 0x025C, 0x023C, 0x023C,
  0x021B, 0x329A, 0x0015, 0x9CF9, 0xFFDF, 0xFFFF, 0xFFFF, 0xFFFF, 0xFFFF, 0xFFFF, 0xFFFF, 0xFFFF,
  0xC5F6, 0x5206, 0x1949, 0x29AE, 0x4A92, 0x000E, 0x7BF4, 0xF7BF, 0xFFFF, 0xFFFF, 0xFFFF, 0xFFFF,
  0xFFFF, 0xFFDF, 0xFFFF, 0xC617, 0x2883, 0x0009, 0x08ED, 0x0110, 0x0132, 0x21B3, 0x000F, 0xB599,
  0xFFFF, 0xFFFF, 0xFFFF, 0xFFFF, 0xFFFF, 0xFFFF, 0xFFFF, 0xB596, 0x7BCF, 0xFFFF, 0xFFDF, 0xFFFF,
  0xFFFF, 0xFFFF, 0xFFFF, 0xFFFF, 0xDEFC, 0x0007, 0x18EB, 0x110D, 0x00CE, 0x216F, 0x000C, 0x39EE,
  0xDEFC, 0xFFFF, 0xFFDF, 0xFFFF, 0xFFFF, 0xFFFF, 0xFFFF, 0xFFFF, 0xE73D, 0x42CF, 0x0000, 0x2989,
  0x006A, 0x00EB, 0x0009, 0x42F1, 0x6C56, 0x6C35, 0x6C34, 0x6C35, 0x6C14, 0x63D3, 0x5BB2, 0x6435,
  0x4310, 0x1085, 0x0006, 0x0008, 0xDEDB, 0xFFFF, 0xFFFF, 0xFFFF, 0xFFFF, 0xFFFF, 0xFFFF, 0xFFFF,
  0xF7BE, 0xF7DF, 0xFFFF, 0xFFFF, 0xFFFF, 0xFFFF, 0xFFFF, 0xFFDF, 0xFFFF, 0xF79E, 0x6C34, 0x0009,
  0x1022, 0x0066, 0x0088, 0x00AA, 0x00CB, 0x00AC, 0x218C, 0x0003, 0x9CF5, 0xFFFF, 0xFFFF, 0xFFFF,
  0xFFFF, 0xFFFF, 0xFFFF, 0xFFFF, 0xFFFF, 0xAD97, 0x0000, 0x2969, 0x08C9, 0x110A, 0x10E9, 0x10E8,
  0x018B, 0x014A, 0x0129, 0x0107, 0x00E7, 0x0107, 0x0128, 0x0108, 0x00C8, 0x0025, 0x0087, 0x00AA,
  0x00CB, 0x00EC, 0x00CC, 0x218D, 0x0008, 0x6B90, 0xF79E, 0xFFFF, 0xFFFF, 0xFFFF, 0xFFFF, 0xFFDF,
  0xFFFF, 0xDEFB, 0x5ACA, 0xD69A, 0xFFFF, 0xFFDF, 0xFFFF, 0xFFFF, 0xFFFF, 0xFFFF, 0xFFFF, 0xAD76,
  0x0000, 0x00EA, 0x112B, 0x00EB, 0x00AB, 0x31CC, 0x0000, 0x73AF, 0xF79E, 0xFFFF, 0xFFFF, 0xFFFF,
  0xFFFF, 0xFFFF, 0xFFFF, 0xFFFF, 0xFFFF, 0xFFFF, 0xFFFF, 0xFFFF, 0xFFDF, 0xFFFF, 0xDEFC, 0x39E9,
  0x0000, 0xAD76, 0xFFFF, 0xFFFF, 0xFFFF, 0xFFFF, 0xFFFF, 0xFFFF, 0xFFFF, 0xFFFF, 0xFFFF, 0xFFFF,
  0xFFFF, 0xFFFF, 0xFFFF, 0xFFFF, 0xAD75, 0x0000, 0x2988, 0x0000, 0x8451, 0xFFFF, 0xFFDF, 0xFFFF,
  0xFFFF, 0xFFFF, 0xFFFF, 0xFFFF, 0xFFFF, 0xFFFF, 0xFFFF, 0xFFFF, 0xFFFF, 0xFFFF, 0xFFFF, 0xC659,
  0x0000, 0x5A8B, 0xE6FB, 0xFFFF, 0xFFDF, 0xFFFF, 0xFFFF, 0xFFFF, 0xFFFF, 0xFFFF, 0xFFFF, 0xFFFF,
  0xFFFF, 0xFFFF, 0xFFFF, 0xFFFF, 0xDEFB, 0x4A49, 0x0000, 0x0000, 0x6AEB, 0xEF5D, 0xFFFF, 0xFFDF,
  0xFFFF, 0xFFFF, 0xFFFF, 0xFFDF, 0xFFFF, 0xCE59, 0x0800, 0x0000, 0x3946, 0x30C4, 0x2966, 0x3000,
  0xD658, 0xFFFF, 0xFFFF, 0xFFFF, 0xFFFF, 0xFFFF, 0xFFFF, 0xFFFF, 0xEF7D, 0x5AAB, 0x1800, 0x2104,
  0x60E0, 0xEF1B, 0xFFFF, 0xFFFF, 0xFFFF, 0xFFFF, 0xFFFF, 0xFFFF, 0xFFFF, 0xFFFF, 0xFFFF, 0xFFFF,
  0xFFFF, 0xFFFF, 0xFFFF, 0xBDD7, 0x0000, 0xAC50, 0xFFFF, 0xFFFF, 0xFFFF, 0xFFFF, 0xFFFF, 0xFFFF,
  0xFFFF, 0xF77D, 0x9288, 0xA9C0, 0xD2E3, 0xEB00, 0xFB40, 0xFB60, 0xFC60, 0xFC20, 0xFAE0, 0xFB60,
  0xFB40, 0xFB40, 0xFB40, 0xFB60, 0xFB60, 0xFB40, 0xFB20, 0xFB20, 0xFB20, 0xFB20, 0xFB20, 0xFB20,
  0xFB20, 0xFB20, 0xFB40, 0xFB40, 0xFB40, 0xFB60, 0xFB60, 0xFB80, 0xFBA0, 0xFBE0, 0xFB40, 0xFC60,
  0xFD81, 0xFC20, 0xFB00, 0xFBA0, 0xFB80, 0xFB80, 0xFB80, 0xFB80, 0xFC00, 0xFC00, 0xFB80, 0xFB80,
  0xFBC0, 0xFBE0, 0xFC00, 0xFC20,
  0x00EE, 0x00EE, 0x00EE, 0x00EE, 0x00CE, 0x00EE, 0x00CE, 0x00CE, 0x00EE, 0x00EE, 0x00EE, 0x00EE,
  0x00EE, 0x00EF, 0x00EF, 0x00EF, 0x00CE, 0x0152, 0x021B, 0x019B, 0x01BB, 0x01BB, 0x01BB, 0x01BB,
  0x01BB, 0x01BB, 0x01DB, 0x01DC, 0x01DC, 0x01FC, 0x01FC, 0x01FC, 0x021C, 0x021C, 0x021C, 0x021D,
  0x021D, 0x023D, 0x025D, 0x023D, 0x02BE, 0x03FF, 0x035E, 0x01DD, 0x025C, 0x023C, 0x023C, 0x021C,
  0x021B, 0x2A59, 0x0014, 0xBDDA, 0xFFFF, 0xFFFF, 0xFFFF, 0xFFFF, 0xFFFF, 0xFFFF, 0xFFFF, 0xFFFF,
  0xA4B0, 0x0000, 0x0000, 0x000B, 0x000F, 0x0010, 0xCE5B, 0xFFFF, 0xFFFF, 0xFFFF, 0xFFFF, 0xFFFF,
  0xFFFF, 0xFFDF, 0xFFFF, 0xAD32, 0x0000, 0x0069, 0x00ED, 0x0110, 0x0952, 0x0112, 0x21D1, 0xEF7E,
  0xFFFF, 0xFFFF, 0xFFFF, 0xFFFF, 0xFFFF, 0xFFFF, 0xF7BE, 0x632C, 0x8410, 0xFFFF, 0xFFDF, 0xFFFF,
  0xFFFF, 0xFFFF, 0xFFFF, 0xFFFF, 0xE71C, 0x0008, 0x08AA, 0x112D, 0x00AE, 0x194E, 0x000B, 0x6310,
  0xF79E, 0xFFFF, 0xFFDF, 0xFFFF, 0xFFFF, 0xFFFF, 0xFFFF, 0xFFFF, 0xD6DC, 0x010B, 0x0003, 0x194A,
  0x008B, 0x00CC, 0x084A, 0x00EC, 0x01CF, 0x01AD, 0x016C, 0x018C, 0x014B, 0x012B, 0x00CA, 0x01AD,
  0x01AB, 0x2988, 0x0002, 0x4A4C, 0xEF5D, 0xFFFF, 0xFFDF, 0xFFFF, 0xFFFF, 0xFFFF, 0xFFFF, 0xFFFF,
  0xFFFF, 0xFFFF, 0xFFFF, 0xFFFF, 0xFFFF, 0xFFFF, 0xFFFF, 0xFFFF, 0xFFFF, 0x9517, 0x00EC, 0x0803,
  0x0866, 0x0087, 0x0089, 0x00AB, 0x00CC, 0x00AC, 0x298C, 0x0001, 0xBDD8, 0xFFFF, 0xFFFF, 0xFFFF,
  0xFFFF, 0xFFFF, 0xFFFF, 0xFFFF, 0xFFFF, 0x8CB3, 0x0000, 0x2169, 0x00A9, 0x00AA, 0x00C9, 0x00A8,
  0x0825, 0x1062, 0x1062, 0x1062, 0x0840, 0x0821, 0x0821, 0x0822, 0x0824, 0x0087, 0x0088, 0x00CA,
  0x00EB, 0x00CC, 0x112C, 0x008C, 0x0008, 0xAD97, 0xFFFF, 0xFFFF, 0xFFFF, 0xFFFF, 0xFFFF, 0xFFDF,
  0xFFFF, 0xBDF7, 0x0000, 0xD6BA, 0xFFFF, 0xFFDF, 0xFFFF, 0xFFFF, 0xFFFF, 0xFFDF, 0xFFFF, 0xBDF8,
  0x0004, 0x0009, 0x194B, 0x00CB, 0x00AA, 0x31EC, 0x0000, 0x8C72, 0xFFDF, 0xFFFF, 0xFFDF, 0xFFFF,
  0xFFFF, 0xFFFF, 0xFFFF, 0xFFFF, 0xFFFF, 0xFFFF, 0xFFFF, 0xFFFF, 0xFFFF, 0xFFFF, 0xEF7D, 0x528B,
  0x0001, 0xE73D, 0xFFFF, 0xFFFF, 0xFFFF, 0xFFFF, 0xFFFF, 0xFFFF, 0xFFFF, 0xFFFF, 0xFFFF, 0xFFFF,
  0xFFFF, 0xFFFF, 0xFFFF, 0xFFFF, 0x9492, 0x0000, 0x2968, 0x0000, 0xA514, 0xFFFF, 0xFFDF, 0xFFFF,
  0xFFFF, 0xFFFF, 0xFFFF, 0xFFFF, 0xFFFF, 0xFFFF, 0xFFFF, 0xFFFF, 0xFFFF, 0xFFFF, 0xFFFF, 0xD6BA,
  0x0000, 0x9451, 0xFFFF, 0xFFFF, 0xFFFF, 0xFFFF, 0xFFFF, 0xFFFF, 0xFFFF, 0xFFFF, 0xFFFF, 0xFFFF,
  0xFFFF, 0xFFFF, 0xFFFF, 0xFFFF, 0xDEDB, 0x3146, 0x0004, 0x0000, 0x7B6D, 0xF77D, 0xFFFF, 0xFFDF,
  0xFFFF, 0xFFFF, 0xFFFF, 0xFFDF, 0xFFFF, 0xC618, 0x0000, 0x1800, 0x3946, 0x38E5, 0x2126, 0x4800,
  0xDE99, 0xFFFF, 0xFFFF, 0xFFFF, 0xFFFF, 0xFFFF, 0xFFFF, 0xFFFF, 0xEF5D, 0x5228, 0x2000, 0x1883,
  0x71E5, 0xF73C, 0xFFFF, 0xFFFF, 0xFFFF, 0xFFFF, 0xFFFF, 0xFFFF, 0xFFFF, 0xFFFF, 0xFFFF, 0xFFFF,
  0xFFFF, 0xFFFF, 0xFFFF, 0xE71C, 0x2800, 0xAC70, 0xFFFF, 0xFFFF, 0xFFFF, 0xFFFF, 0xFFFF, 0xFFFF,
  0xFFFF, 0xEF5C, 0x89C1, 0xAA20, 0xD2C2, 0xEB00, 0xFB20, 0xFBC0, 0xFC60, 0xFB00, 0xFB20, 0xFB40,
  0xFB20, 0xFB40, 0xFB40, 0xFB40, 0xFB40, 0xFB20, 0xFB00, 0xFB00, 0xFB00, 0xFB00, 0xFB00, 0xFB20,
  0xFB20, 0xFB20, 0xFB40, 0xFB40, 0xFB60, 0xFB60, 0xFB80, 0xFBA0, 0xFBA0, 0xFBA0, 0xFB80, 0xFBE0,
  0xFC00, 0xFB80, 0xFB80, 0xFB80, 0xFB80, 0xFB80, 0xFB80, 0xFBE0, 0xFBE0, 0xFB80, 0xFB80, 0xFBA0,
  0xFBC0, 0xFC00, 0xFC20, 0xFC40,
  0x00EF, 0x00CE, 0x00EE, 0x00EE, 0x00EE, 0x00EE, 0x00CE, 0x00CE, 0x00EE, 0x00EE, 0x00EE, 0x00EE,
  0x00EF, 0x00EF, 0x00EF, 0x00EF, 0x00EF, 0x01D7, 0x01FC, 0x019B, 0x01BB, 0x01BB, 0x01BB, 0x01BB,
  0x01BB, 0x01BB, 0x01DB, 0x01DC, 0x01DC, 0x01DC, 0x01FC, 0x01FC, 0x01FC, 0x01FC, 0x021C, 0x021C,
  0x021C, 0x023D, 0x025D, 0x023E, 0x03DF, 0x03FE, 0x021D, 0x023C, 0x025C, 0x023C, 0x023C, 0x021B,
  0x1A3B, 0x01B8, 0x0034, 0xCE9C, 0xFFFF, 0xFFFF, 0xFFFF, 0xFFFF, 0xFFFF, 0xFFFF, 0xFFFF, 0xFFDF,
  0xE6FA, 0xCE59, 0xC63A, 0xC63A, 0xC61A, 0xE71D, 0xFFFF, 0xFFFF, 0xFFFF, 0xFFFF, 0xFFFF, 0xFFFF,
  0xFFDF, 0xFFFF, 0xEF3B, 0x942D, 0x0005, 0x008A, 0x00EE, 0x0110, 0x21B2, 0x000F, 0x9CF6, 0xFFFF,
  0xFFFF, 0xFFFF, 0xFFFF, 0xFFFF, 0xFFFF, 0xFFFF, 0xDEDB, 0x0000, 0x8C72, 0xFFFF, 0xFFDF, 0xFFFF,
  0xFFFF, 0xFFFF, 0xFFFF, 0xFFFF, 0xE73D, 0x0109, 0x000A, 0x112D, 0x00CE, 0x112E, 0x000A, 0x7C12,
  0xFFFF, 0xFFFF, 0xFFFF, 0xFFFF, 0xFFFF, 0xFFFF, 0xFFFF, 0xFFFF, 0xC65A, 0x0005, 0x20E7, 0x08EB,
  0x00AC, 0x00CC, 0x00AB, 0x008A, 0x0867, 0x0864, 0x0843, 0x0822, 0x0822, 0x0842, 0x1063, 0x1023,
  0x0005, 0x31AA, 0x0000, 0x738F, 0xF79E, 0xFFFF, 0xFFDF, 0xFFFF, 0xFFFF, 0xFFFF, 0xFFFF, 0xFFFF,
  0xFFFF, 0xFFFF, 0xFFFF, 0xFFFF, 0xFFFF, 0xFFFF, 0xFFDF, 0xFFFF, 0xB5F9, 0x018D, 0x0002, 0x1085,
  0x0067, 0x0089, 0x00AA, 0x00AC, 0x00CC, 0x00AC, 0x216C, 0x0003, 0xD69A, 0xFFFF, 0xFFFF, 0xFFFF,
  0xFFFF, 0xFFFF, 0xFFFF, 0xFFFF, 0xF7DF, 0x6B8F, 0x0000, 0x194B, 0x000B, 0x002B, 0x0009, 0x0008,
  0x0006, 0x0004, 0x0004, 0x0003, 0x0004, 0x0004, 0x0004, 0x0045, 0x08A7, 0x00A9, 0x00AA, 0x00CB,
  0x00EC, 0x00CC, 0x218D, 0x0008, 0x422C, 0xE71C, 0xFFFF, 0xFFDF, 0xFFFF, 0xFFFF, 0xFFFF, 0xFFFF,
  0xFFDF, 0x8C51, 0x0000, 0xD69A, 0xFFFF, 0xFFDF, 0xFFFF, 0xFFFF, 0xFFFF, 0xFFDF, 0xFFFF, 0xCE79,
  0x0007, 0x0008, 0x216B, 0x00CB, 0x00AA, 0x31EB, 0x0000, 0xA535, 0xFFFF, 0xFFFF, 0xFFFF, 0xFFFF,
  0xFFFF, 0xFFFF, 0xFFFF, 0xF79E, 0xF7BE, 0xFFFF, 0xFFFF, 0xFFFF, 0xFFFF, 0xFFFF, 0xFFDF, 0x52AA,
  0x7BF0, 0xFFFF, 0xFFFF, 0xFFFF, 0xFFFF, 0xFFDF, 0xFFFF, 0xF79E, 0xFFDF, 0xFFFF, 0xFFFF, 0xFFFF,
  0xFFFF, 0xFFFF, 0xFFFF, 0xFFDF, 0x7BF0, 0x0000, 0x2148, 0x0000, 0xAD96, 0xFFFF, 0xFFDF, 0xFFFF,
  0xFFFF, 0xFFFF, 0xFFFF, 0xFFFF, 0xF79E, 0xF7BE, 0xFFFF, 0xFFFF, 0xFFFF, 0xFFDF, 0xFFFF, 0xE71C,
  0x20A4, 0xBDB7, 0xFFFF, 0xFFDF, 0xFFFF, 0xFFFF, 0xFFFF, 0xFFDF, 0xF79E, 0xFFFF, 0xFFFF, 0xFFFF,
  0xFFFF, 0xFFFF, 0xFFDF, 0xFFFF, 0xD6BA, 0x0001, 0x18C5, 0x0000, 0x8C10, 0xF79E, 0xFFFF, 0xFFDF,
  0xFFFF, 0xFFFF, 0xFFFF, 0xFFFF, 0xFFFF, 0xB575, 0x0000, 0x2844, 0x3926, 0x4125, 0x18C4, 0x5800,
  0xE6DA, 0xFFFF, 0xFFFF, 0xFFFF, 0xFFFF, 0xFFFF, 0xFFDF, 0xFFFF, 0xE73C, 0x3985, 0x2800, 0x1000,
  0x8ACA, 0xF77D, 0xFFFF, 0xFFFF, 0xFFFF, 0xFFFF, 0xFFFF, 0xFFFF, 0xFFFF, 0xFFFF, 0xFFFF, 0xFFFF,
  0xFFFF, 0xFFFF, 0xFFFF, 0xFFFF, 0x838D, 0xAC91, 0xFFFF, 0xFFFF, 0xFFFF, 0xFFFF, 0xFFFF, 0xFFFF,
  0xFFFF, 0xE71B, 0x8040, 0xB263, 0xD2C1, 0xEAE0, 0xFB40, 0xFC40, 0xFB80, 0xFAE0, 0xFB20, 0xFB20,
  0xFB20, 0xFB40, 0xFB40, 0xFB20, 0xFB20, 0xFB00, 0xFB00, 0xFB00, 0xFB00, 0xFB00, 0xFB00, 0xFB00,
  0xFB20, 0xFB20, 0xFB20, 0xFB40, 0xFB60, 0xFB60, 0xFBA0, 0xFBA0, 0xFBA0, 0xFBA0, 0xFBA0, 0xFB80,
  0xFB60, 0xFB80, 0xFB80, 0xFB80, 0xFB80, 0xFB80, 0xFBC0, 0xFBC0, 0xFB80, 0xFBA0, 0xFBC0, 0xFBC0,
  0xFC00, 0xFC20, 0xFC60, 0xFCA0,
  0x00EE, 0x00EE, 0x00CE, 0x00CE, 0x00EE, 0x00EE, 0x00EE, 0x00EE, 0x00EE, 0x00EE, 0x00CE, 0x00EE,
  0x00EF, 0x00EF, 0x00EF, 0x00CE, 0x0151, 0x021B, 0x019B, 0x01BB, 0x01BB, 0x01BB, 0x01BB, 0x01BB,
  0x01BB, 0x01BB, 0x01DB, 0x01DC, 0x01DC, 0x01DC, 0x01FC, 0x01FC, 0x01FC, 0x01FC, 0x01FC, 0x021C,
  0x021D, 0x025D, 0x01FD, 0x035E, 0x045F, 0x02DD, 0x01DC, 0x025C, 0x023C, 0x023C, 0x021C, 0x01FB,
  0x2A7A, 0x0017, 0x4296, 0xE71D, 0xFFFF, 0xFFFF, 0xFFFF, 0xFFFF, 0xFFFF, 0xFFFF, 0xFFFF, 0xFFFF,
  0xFFFF, 0xFFFF, 0xFFFF, 0xFFFF, 0xFFFF, 0xFFFF, 0xFFFF, 0xFFFF, 0xFFFF, 0xFFFF, 0xFFFF, 0xFFFF,
  0xFFFF, 0xE71B, 0xACCF, 0x838B, 0x0008, 0x00CB, 0x010F, 0x0111, 0x1991, 0x000F, 0xDEFC, 0xFFFF,
  0xFFFF, 0xFFFF, 0xFFFF, 0xFFFF, 0xFFFF, 0xFFFF, 0xA535, 0x0000, 0x8C72, 0xFFFF, 0xFFDF, 0xFFFF,
  0xFFFF, 0xFFFF, 0xFFFF, 0xFFFF, 0xE75D, 0x19AB, 0x0009, 0x194D, 0x08ED, 0x00AD, 0x000A, 0x9CF5,
  0xFFFF, 0xFFFF, 0xFFFF, 0xFFFF, 0xFFFF, 0xFFFF, 0xFFFF, 0xFFFF, 0xAD77, 0x0000, 0x3189, 0x00AB,
  0x00CC, 0x00CD, 0x00CC, 0x00AA, 0x0068, 0x0046, 0x0046, 0x0025, 0x0025, 0x0025, 0x0025, 0x0046,
  0x0007, 0x31CB, 0x0000, 0x9493, 0xF7BF, 0xFFFF, 0xFFFF, 0xFFFF, 0xFFFF, 0xFFFF, 0xFFFF, 0xFFFF,
  0xFFFF, 0xFFFF, 0xFFFF, 0xFFFF, 0xFFFF, 0xFFFF, 0xFFDF, 0xFFFF, 0xA577, 0x0000, 0x0002, 0x10C7,
  0x0089, 0x00AA, 0x00AC, 0x00CC, 0x00CC, 0x00CC, 0x110B, 0x0007, 0xE73D, 0xFFFF, 0xFFFF, 0xFFFF,
  0xFFFF, 0xFFFF, 0xFFFF, 0xFFFF, 0xF79E, 0x426B, 0x0005, 0x0008, 0xBDF8, 0xEF5E, 0xE71C, 0xE71C,
  0xE71C, 0xE71C, 0xE73C, 0xE73D, 0xE73D, 0xE73D, 0xEF5D, 0xE73D, 0x94D4, 0x0000, 0x31CC, 0x00AB,
  0x00EC, 0x08EC, 0x112C, 0x0007, 0x9493, 0xFFFF, 0xFFFF, 0xFFDF, 0xFFFF, 0xFFFF, 0xFFDF, 0xFFFF,
  0xE73C, 0x4208, 0x0000, 0xCE59, 0xFFFF, 0xFFDF, 0xFFFF, 0xFFFF, 0xFFFF, 0xFFDF, 0xFFFF, 0xDEDB,
  0x31A9, 0x0006, 0x298B, 0x00AA, 0x00CA, 0x31AB, 0x0000, 0xB5B7, 0xFFFF, 0xFFFF, 0xFFFF, 0xFFFF,
  0xFFFF, 0xFFDF, 0xFFFF, 0xD6BA, 0xE71B, 0xFFFF, 0xFFFF, 0xFFFF, 0xFFFF, 0xFFDF, 0xFFFF, 0x738E,
  0xC618, 0xFFFF, 0xFFFF, 0xFFFF, 0xFFFF, 0xFFFF, 0xFFFF, 0xCE79, 0xFFBE, 0xFFFF, 0xFFFF, 0xFFFF,
  0xFFFF, 0xFFFF, 0xFFFF, 0xF7BE, 0x630C, 0x0000, 0x1907, 0x0000, 0xC618, 0xFFFF, 0xFFDF, 0xFFFF,
  0xFFFF, 0xFFFF, 0xFFFF, 0xFFFF, 0xDEDB, 0xE73C, 0xFFFF, 0xFFDF, 0xFFFF, 0xFFDF, 0xFFFF, 0xEF5D,
  0x8410, 0xE71C, 0xFFFF, 0xFFDF, 0xFFFF, 0xFFDF, 0xFFFF, 0xEF7D, 0xDEBA, 0xFFFF, 0xFFFF, 0xFFFF,
  0xFFFF, 0xFFFF, 0xFFFF, 0xFFFF, 0xCE59, 0x0000, 0x3167, 0x0000, 0x9C92, 0xFFBE, 0xFFFF, 0xFFFF,
  0xFFFF, 0xFFFF, 0xFFFF, 0xFFFF, 0xFFFF, 0xA534, 0x0000, 0x30C5, 0x3905, 0x4166, 0x1001, 0x69A4,
  0xEF1C, 0xFFFF, 0xFFFF, 0xFFFF, 0xFFFF, 0xFFFF, 0xFFDF, 0xFFFF, 0xDEDB, 0x2800, 0x3082, 0x1000,
  0x936C, 0xF79E, 0xFFFF, 0xFFFF, 0xFFFF, 0xFFFF, 0xFFFF, 0xFFFF, 0xFFFF, 0xFFFF, 0xFFFF, 0xFFFF,
  0xFFFF, 0xFFFF, 0xFFFF, 0xFFFF, 0xBDB6, 0xACB2, 0xFFFF, 0xFFFF, 0xFFFF, 0xFFFF, 0xFFFF, 0xFFFF,
  0xFFFF, 0xE6FB, 0x8000, 0xB284, 0xD2A0, 0xEAC0, 0xFBC0, 0xFC00, 0xFAA0, 0xFB20, 0xFB00, 0xFB00,
  0xFB20, 0xFB20, 0xFB20, 0xFB20, 0xFB00, 0xFAE0, 0xFAE0, 0xFAE0, 0xFAE0, 0xFB00, 0xFB00, 0xFB00,
  0xFB20, 0xFB20, 0xFB20, 0xFB40, 0xFB60, 0xFB80, 0xFBA0, 0xFBA0, 0xFBA0, 0xFBA0, 0xFB80, 0xFB80,
  0xFB80, 0xFB80, 0xFB80, 0xFB80, 0xFB80, 0xFBA0, 0xFBA0, 0xFB80, 0xFBA0, 0xFBC0, 0xFBE0, 0xFC00,
  0xFC20, 0xFC60, 0xFCA0, 0xFCC0,
  0x00CE, 0x00CE, 0x00EE, 0x00CE, 0x00CE, 0x00EE, 0x00EE, 0x00EE, 0x00EE, 0x00EF, 0x00EF, 0x00EE,
  0x00EF, 0x00EF, 0x00EF, 0x00EE, 0x01D6, 0x01FC, 0x019A, 0x01BB, 0x01BB, 0x01BB, 0x01BB, 0x01BB,
  0x01BB, 0x01BB, 0x01DB, 0x01DB, 0x01DC, 0x01DC, 0x01DC, 0x01FC, 0x01FC, 0x01FC, 0x01FC, 0x021D,
  0x025D, 0x021D, 0x02DE, 0x045F, 0x039E, 0x01BC, 0x023C, 0x023C, 0x023C, 0x023C, 0x023C, 0x01FB,
  0x329A, 0x0016, 0x73D7, 0xF79E, 0xFFFF, 0xFFDF, 0xFFFF, 0xFFFF, 0xFFFF, 0xFFFF, 0xFFFF, 0xFFFF,
  0xFFFF, 0xFFFF, 0xFFFF, 0xFFFF, 0xFFFF, 0xFFFF, 0xFFFF, 0xFFFF, 0xFFFF, 0xFFFF, 0xF7BE, 0xEF3C,
  0xCDF6, 0x9BEB, 0x9BC9, 0x41C7, 0x0008, 0x00CC, 0x00EF, 0x1991, 0x000F, 0x8415, 0xFFDF, 0xFFFF,
  0xFFFF, 0xFFFF, 0xFFFF, 0xFFFF, 0xFFFF, 0xEF7D, 0x5AEB, 0x0000, 0x8C72, 0xFFFF, 0xFFDF, 0xFFFF,
  0xFFFF, 0xFFFF, 0xFFFF, 0xFFFF, 0xEF7E, 0x3A4C, 0x0008, 0x194D, 0x112D, 0x000C, 0x000A, 0xBDF8,
  0xFFFF, 0xFFDF, 0xFFFF, 0xFFFF, 0xFFFF, 0xFFFF, 0xFFFF, 0xF7BF, 0x8494, 0x0000, 0x31AA, 0x00AC,
  0x00CD, 0x00CE, 0x00CD, 0x00AB, 0x00AA, 0x0089, 0x0088, 0x0088, 0x0088, 0x0088, 0x0088, 0x0089,
  0x0089, 0x31AC, 0x0000, 0xAD76, 0xFFFF, 0xFFFF, 0xFFFF, 0xFFFF, 0xFFFF, 0xFFFF, 0xFFFF, 0xFFFF,
  0xFFFF, 0xFFFF, 0xFFFF, 0xFFFF, 0xFFFF, 0xFFFF, 0xFFDF, 0xFFFF, 0xDEDB, 0x0044, 0x0005, 0x10E9,
  0x008A, 0x00AB, 0x00AC, 0x00CD, 0x00CC, 0x110C, 0x0009, 0x422B, 0xEF7E, 0xFFFF, 0xFFFF, 0xFFFF,
  0xFFFF, 0xFFFF, 0xFFFF, 0xFFFF, 0xE73D, 0x0005, 0x0005, 0x0007, 0xDEFC, 0xFFFF, 0xFFFF, 0xFFFF,
  0xFFFF, 0xFFFF, 0xFFFF, 0xFFFF, 0xFFFF, 0xFFFF, 0xFFFF, 0xFFFF, 0x94B4, 0x0000, 0x31ED, 0x00AB,
  0x00CC, 0x194C, 0x0009, 0x0009, 0xCE5A, 0xFFFF, 0xFFDF, 0xFFFF, 0xFFFF, 0xFFFF, 0xFFFF, 0xFFFF,
  0xBDF7, 0x0000, 0x0000, 0xBDF8, 0xFFFF, 0xFFDF, 0xFFFF, 0xFFFF, 0xFFFF, 0xFFDF, 0xFFFF, 0xE73C,
  0x4A6B, 0x0003, 0x29AB, 0x008A, 0x090A, 0x2149, 0x0000, 0xC639, 0xFFFF, 0xFFFF, 0xFFFF, 0xFFFF,
  0xFFFF, 0xFFDF, 0xFFFF, 0xC618, 0xCE79, 0xFFFF, 0xFFFF, 0xFFFF, 0xFFFF, 0xFFDF, 0xFFFF, 0xB596,
  0xEF5D, 0xFFFF, 0xFFFF, 0xFFFF, 0xFFFF, 0xFFFF, 0xEF7D, 0xBDD7, 0xFFFF, 0xFFFF, 0xFFFF, 0xFFFF,
  0xFFFF, 0xFFFF, 0xFFFF, 0xF79E, 0x39E8, 0x0005, 0x08A6, 0x0000, 0xD69A, 0xFFFF, 0xFFDF, 0xFFFF,
  0xFFFF, 0xFFFF, 0xFFFF, 0xFFFF, 0xCE59, 0xD69A, 0xFFFF, 0xFFDF, 0xFFFF, 0xFFFF, 0xFFFF, 0xF7BE,
  0xCE59, 0xFFDF, 0xFFFF, 0xFFFF, 0xFFFF, 0xFFFF, 0xFFFF, 0xD6BA, 0xCE38, 0xFFFF, 0xFFDF, 0xFFFF,
  0xFFFF, 0xFFFF, 0xFFFF, 0xFFFF, 0xBDF7, 0x0000, 0x31A8, 0x0000, 0xA4F3, 0xFFDF, 0xFFFF, 0xFFFF,
  0xFFFF, 0xFFFF, 0xFFFF, 0xFFFF, 0xFFFF, 0x9CD3, 0x0000, 0x3926, 0x38E5, 0x4187, 0x0000, 0x7A68,
  0xEF5D, 0xFFFF, 0xFFFF, 0xFFFF, 0xFFFF, 0xFFFF, 0xFFDF, 0xFFFF, 0xCE79, 0x1000, 0x30E4, 0x1000,
  0xA3EF, 0xFFBE, 0xFFFF, 0xFFFF, 0xFFFF, 0xFFFF, 0xFFFF, 0xFFFF, 0xEF1C, 0xE6DA, 0xFFFF, 0xFFFF,
  0xFFFF, 0xFFFF, 0xFFFF, 0xFFFF, 0xE71C, 0xBD54, 0xFFFF, 0xFFFF, 0xFFFF, 0xFFFF, 0xFFFF, 0xFFFF,
  0xFFFF, 0xDE99, 0x7800, 0xBAA5, 0xD280, 0xEB00, 0xFC00, 0xFB00, 0xFAC0, 0xFB00, 0xFB00, 0xFB00,
  0xFB00, 0xFB20, 0xFB20, 0xFB00, 0xFAE0, 0xFAE0, 0xFAE0, 0xFAE0, 0xFAE0, 0xFAE0, 0xFB00, 0xFB00,
  0xFB00, 0xFB20, 0xFB20, 0xFB40, 0xFB80, 0xFBA0, 0xFB80, 0xFB80, 0xFBA0, 0xFB80, 0xFB80, 0xFB80,
  0xFB80, 0xFB80, 0xFB80, 0xFB80, 0xFBA0, 0xFBA0, 0xFB80, 0xFBA0, 0xFBC0, 0xFBE0, 0xFC00, 0xFC20,
  0xFC60, 0xFCA0, 0xFCA0, 0xFD81,
  0x00CE, 0x00CE, 0x00EF, 0x00EE, 0x00CE, 0x00CE, 0x00EE, 0x00CE, 0x00CE, 0x00EF, 0x00EF, 0x00EF,
  0x00EF, 0x00EF, 0x00CE, 0x0131, 0x021B, 0x01BB, 0x01BB, 0x01BB, 0x01BB, 0x01BB, 0x01BB, 0x01BB,
  0x01BB, 0x01DB, 0x01DB, 0x01DB, 0x01DC, 0x01DC, 0x01DC, 0x01FC, 0x01FC, 0x01FC, 0x021C, 0x023D,
  0x021D, 0x027E, 0x03FF, 0x03DF, 0x021D, 0x021C, 0x023C, 0x023C, 0x023C, 0x023C, 0x021B, 0x01FA,
  0x329A, 0x0015, 0x94F9, 0xFFFF, 0xFFFF, 0xFFDF, 0xFFFF, 0xFFFF, 0xFFFF, 0xFFFF, 0xFFFF, 0xFFFF,
  0xFFFF, 0xFFFF, 0xFFFF, 0xFFFF, 0xFFFF, 0xFFFF, 0xFFFF, 0xFFFF, 0xFFFF, 0xFFFF, 0xEF7D, 0xAD13,
  0x5000, 0x7A84, 0x49C6, 0x0005, 0x0088, 0x00CC, 0x00EF, 0x21B0, 0x000E, 0xCE7B, 0xFFFF, 0xFFFF,
  0xFFFF, 0xFFFF, 0xFFFF, 0xFFFF, 0xFFFF, 0xC638, 0x0000, 0x0000, 0x8431, 0xFFFF, 0xFFFF, 0xFFFF,
  0xFFFF, 0xFFFF, 0xFFFF, 0xFFFF, 0xF79E, 0x4AAD, 0x0007, 0x216D, 0x194D, 0x000B, 0x08CB, 0xD6BB,
  0xFFFF, 0xFFDF, 0xFFFF, 0xFFFF, 0xFFFF, 0xFFDF, 0xFFFF, 0xEF7E, 0x5B91, 0x0000, 0x31AB, 0x00AD,
  0x00EE, 0x00EF, 0x00CE, 0x00CD, 0x00AC, 0x00AB, 0x00AA, 0x00AA, 0x00AA, 0x00AA, 0x00AB, 0x008B,
  0x10EB, 0x192B, 0x0005, 0xC639, 0xFFFF, 0xFFFF, 0xFFFF, 0xFFFF, 0xFFFF, 0xFFFF, 0xFFFF, 0xFFFF,
  0xFFFF, 0xFFFF, 0xFFFF, 0xFFFF, 0xFFFF, 0xFFFF, 0xFFFF, 0xFFFF, 0xFFDF, 0x6B6E, 0x0005, 0x08CA,
  0x00AB, 0x00AC, 0x00CD, 0x00CD, 0x00AC, 0x194C, 0x0007, 0x7390, 0xF7BF, 0xFFFF, 0xFFFF, 0xFFFF,
  0xFFFF, 0xFFFF, 0xFFFF, 0xFFFF, 0xD6BB, 0x0000, 0x0865, 0x39E9, 0xEF7D, 0xFFFF, 0xFFDF, 0xFFFF,
  0xFFFF, 0xFFFF, 0xFFFF, 0xFFFF, 0xFFFF, 0xFFFF, 0xFFFF, 0xF79E, 0x73B0, 0x0004, 0x29CD, 0x00AB,
  0x00CC, 0x216C, 0x0007, 0x632F, 0xEF7E, 0xFFFF, 0xFFFF, 0xFFFF, 0xFFFF, 0xFFFF, 0xFFFF, 0xF7BE,
  0x8C51, 0x0000, 0x0000, 0xB596, 0xFFFF, 0xFFFF, 0xFFFF, 0xFFFF, 0xFFFF, 0xFFDF, 0xFFFF, 0xEF7D,
  0x632E, 0x0000, 0x29AB, 0x008A, 0x194A, 0x0008, 0x0004, 0xD6BA, 0xFFFF, 0xFFFF, 0xFFFF, 0xFFFF,
  0xFFFF, 0xFFDF, 0xFFFF, 0xB5B6, 0xBDF7, 0xFFFF, 0xFFFF, 0xFFFF, 0xFFFF, 0xFFFF, 0xFFFF, 0xF77D,
  0xFFDF, 0xFFFF, 0xFFFF, 0xFFFF, 0xFFDF, 0xFFFF, 0xC617, 0xBDD6, 0xFFFF, 0xFFFF, 0xFFFF, 0xFFFF,
  0xFFFF, 0xFFFF, 0xFFFF, 0xE75C, 0x0003, 0x10C6, 0x0005, 0x18E6, 0xDEFB, 0xFFFF, 0xFFFF, 0xFFFF,
  0xFFFF, 0xFFFF, 0xFFFF, 0xFFFF, 0xB5B6, 0xC5F7, 0xFFFF, 0xFFDF, 0xFFFF, 0xFFFF, 0xFFFF, 0xFFFF,
  0xFFDF, 0xFFFF, 0xFFFF, 0xFFFF, 0xFFFF, 0xFFFF, 0xFFDF, 0xB595, 0xD679, 0xFFFF, 0xFFDF, 0xFFFF,
  0xFFFF, 0xFFFF, 0xFFFF, 0xFFFF, 0xAD75, 0x0000, 0x39C8, 0x0000, 0xB555, 0xFFFF, 0xFFFF, 0xFFFF,
  0xFFFF, 0xFFFF, 0xFFFF, 0xFFFF, 0xFFDF, 0x8C51, 0x0000, 0x4166, 0x38C4, 0x41A7, 0x0000, 0x8B2B,
  0xF77D, 0xFFFF, 0xFFFF, 0xFFFF, 0xFFFF, 0xFFFF, 0xFFDF, 0xFFFF, 0xBDF7, 0x0000, 0x3945, 0x1000,
  0xAC91, 0xFFDF, 0xFFFF, 0xFFFF, 0xFFFF, 0xFFFF, 0xFFFF, 0xFFFF, 0xDEDB, 0xBD33, 0xFFFF, 0xFFDF,
  0xFFFF, 0xFFFF, 0xFFFF, 0xFFFF, 0xFFDF, 0xE6DB, 0xFFFF, 0xFFFF, 0xFFFF, 0xFFFF, 0xFFFF, 0xFFFF,
  0xFFFF, 0xCE38, 0x8000, 0xBAA6, 0xD280, 0xF360, 0xFB60, 0xFAA0, 0xFB00, 0xFAE0, 0xFB00, 0xFB00,
  0xFB00, 0xFB00, 0xFB00, 0xFAE0, 0xFAE0, 0xFAC0, 0xFAC0, 0xFAE0, 0xFAE0, 0xFAE0, 0xFAE0, 0xFB00,
  0xFB00, 0xFB20, 0xFB20, 0xFB60, 0xFB80, 0xFB80, 0xFB80, 0xFB80, 0xFB80, 0xFB80, 0xFB80, 0xFB60,
  0xFB60, 0xFB80, 0xFB80, 0xFB80, 0xFBA0, 0xFBA0, 0xFBA0, 0xFBC0, 0xFBE0, 0xFC00, 0xFC40, 0xFC60,
  0xFCA0, 0xFCA0, 0xFDA1, 0xFF43,
  0x00CE, 0x00CE, 0x00CE, 0x00CE, 0x00CE, 0x00CE, 0x00EE, 0x00CE, 0x00CE, 0x00CE, 0x00EF, 0x00EF,
  0x00EF, 0x00EF, 0x00CE, 0x01B6, 0x01FC, 0x019A, 0x01BB, 0x01BB, 0x01BB, 0x01BB, 0x01BB, 0x01BB,
  0x01BB, 0x01BB, 0x01BB, 0x01DB, 0x01DB, 0x01DC, 0x01DC, 0x01FC, 0x01FC, 0x01FC, 0x021C, 0x023D,
  0x023D, 0x039F, 0x03FF, 0x027D, 0x01FD, 0x023C, 0x023D, 0x023C, 0x021C, 0x021C, 0x021B, 0x01FA,
  0x2A39, 0x0014, 0xB5BA, 0xFFFF, 0xFFFF, 0xFFFF, 0xFFFF, 0xFFFF, 0xFFFF, 0xFFFF, 0xFFFF, 0xFFFF,
  0xFFDF, 0xFFDF, 0xFFDF, 0xFFDF, 0xFFFF, 0xFFFF, 0xFFFF, 0xFFFF, 0xFFFF, 0xFFFF, 0xFFFF, 0xFFFF,
  0xD679, 0x2105, 0x0004, 0x08A8, 0x00AB, 0x00EE, 0x1970, 0x0010, 0x5B32, 0xF7BF, 0xFFFF, 0xFFFF,
  0xFFFF, 0xFFFF, 0xFFFF, 0xFFFF, 0xFFDF, 0x8451, 0x0000, 0x0000, 0x7C10, 0xFFDF, 0xFFFF, 0xFFFF,
  0xFFFF, 0xFFFF, 0xFFFF, 0xFFFF, 0xF79E, 0x530E, 0x0006, 0x216D, 0x192D, 0x000A, 0x424D, 0xE73D,
  0xFFFF, 0xFFDF, 0xFFFF, 0xFFFF, 0xFFFF, 0xFFFF, 0xFFFF, 0xDF1D, 0x1A0D, 0x0003, 0x216C, 0x00AD,
  0x00EF, 0x00EF, 0x00EF, 0x00EE, 0x00CD, 0x00CD, 0x00CC, 0x00AC, 0x00CC, 0x00CC, 0x00CC, 0x008C,
  0x216D, 0x000A, 0x0009, 0xDEDB, 0xFFFF, 0xFFFF, 0xFFFF, 0xFFFF, 0xFFFF, 0xFFFF, 0xFFFF, 0xFFFF,
  0xFFFF, 0xFFFF, 0xFFFF, 0xFFFF, 0xFFFF, 0xFFFF, 0xFFFF, 0xFFDF, 0xFFFF, 0xAD55, 0x0000, 0x0049,
  0x08EC, 0x00AD, 0x00CD, 0x00CD, 0x00AC, 0x216C, 0x0005, 0x94B3, 0xFFFF, 0xFFFF, 0xFFFF, 0xFFFF,
  0xFFFF, 0xFFFF, 0xFFFF, 0xFFFF, 0xBDF8, 0x0000, 0x0005, 0x6B4E, 0xFFDF, 0xFFFF, 0xFFFF, 0xFFFF,
  0xFFFF, 0xFFFF, 0xFFFF, 0xFFFF, 0xFFFF, 0xFFFF, 0xFFFF, 0xEF5D, 0x4A8B, 0x0005, 0x218C, 0x00AB,
  0x110C, 0x00AB, 0x0006, 0xA536, 0xFFFF, 0xFFDF, 0xFFFF, 0xFFFF, 0xFFFF, 0xFFFF, 0xFFFF, 0xDEFB,
  0x39C7, 0x0000, 0x0000, 0xA555, 0xFFFF, 0xFFFF, 0xFFFF, 0xFFFF, 0xFFFF, 0xFFDF, 0xFFFF, 0xF79E,
  0x73AF, 0x0000, 0x29AB, 0x0069, 0x298A, 0x0005, 0x31C9, 0xE71C, 0xFFFF, 0xFFFF, 0xFFFF, 0xFFFF,
  0xFFFF, 0xFFDF, 0xFFFF, 0xA514, 0xA513, 0xFFDF, 0xFFFF, 0xFFFF, 0xFFFF, 0xFFFF, 0xFFFF, 0xFFFF,
  0xFFFF, 0xFFFF, 0xFFFF, 0xFFFF, 0xFFDF, 0xFFFF, 0x7BAE, 0xD679, 0xFFFF, 0xFFFF, 0xFFFF, 0xFFFF,
  0xFFFF, 0xFFFF, 0xFFFF, 0xDEDB, 0x0000, 0x2147, 0x0004, 0x3A09, 0xEF5D, 0xFFFF, 0xFFFF, 0xFFFF,
  0xFFFF, 0xFFFF, 0xFFFF, 0xFFFF, 0xA514, 0xAD13, 0xFFFF, 0xFFDF, 0xFFFF, 0xFFFF, 0xFFFF, 0xFFFF,
  0xFFFF, 0xFFFF, 0xFFFF, 0xFFFF, 0xFFDF, 0xFFFF, 0xE73C, 0x83EF, 0xE6FB, 0xFFFF, 0xFFDF, 0xFFFF,
  0xFFFF, 0xFFFF, 0xFFFF, 0xFFDF, 0x9CF3, 0x0000, 0x39C8, 0x0000, 0xBDD6, 0xFFFF, 0xFFFF, 0xFFFF,
  0xFFFF, 0xFFFF, 0xFFDF, 0xFFFF, 0xFFDF, 0x83F0, 0x0000, 0x4987, 0x40C4, 0x49C7, 0x0000, 0x9BEE,
  0xF79E, 0xFFFF, 0xFFFF, 0xFFFF, 0xFFFF, 0xFFFF, 0xFFDF, 0xFFFF, 0xB596, 0x0000, 0x3966, 0x1800,
  0xBCF3, 0xFFFF, 0xFFFF, 0xFFFF, 0xFFFF, 0xFFFF, 0xFFFF, 0xFFFF, 0xDEDB, 0x8288, 0xFFBE, 0xFFFF,
  0xFFFF, 0xFFFF, 0xFFFF, 0xFFFF, 0xFFFF, 0xFFFF, 0xFFFF, 0xFFFF, 0xFFFF, 0xFFFF, 0xFFFF, 0xFFFF,
  0xFFFF, 0xCDD7, 0x8000, 0xC2A6, 0xD2C0, 0xF340, 0xFA80, 0xFAC0, 0xFAE0, 0xFAE0, 0xFAE0, 0xFAE0,
  0xFB00, 0xFAE0, 0xFAC0, 0xFAC0, 0xFAC0, 0xFAC0, 0xFAC0, 0xFAC0, 0xFAC0, 0xFAE0, 0xFAE0, 0xFB00,
  0xFB00, 0xFB20, 0xFB40, 0xFB80, 0xFB60, 0xFB60, 0xFB60, 0xFB60, 0xFB60, 0xFB60, 0xFB60, 0xFB60,
  0xFB60, 0xFB60, 0xFB80, 0xFB80, 0xFBA0, 0xFBA0, 0xFBC0, 0xFBE0, 0xFC00, 0xFC20, 0xFC60, 0xFCA0,
  0xFC80, 0xFDC2, 0xFF63, 0xFF83,
  0x00CE, 0x00CE, 0x00CE, 0x00CE, 0x00CE, 0x00CE, 0x00CE, 0x00CE, 0x00EE, 0x00EF, 0x00EF, 0x00EF,
  0x00EF, 0x00EF, 0x0131, 0x01FA, 0x01BB, 0x01BB, 0x01BB, 0x01BB, 0x01BB, 0x01BB, 0x01BB, 0x01BB,
  0x01BB, 0x01BB, 0x01BB, 0x01DB, 0x01DB, 0x01DC, 0x01DC, 0x01FC, 0x01FC, 0x021C, 0x023D, 0x021D,
  0x031F, 0x03DF, 0x02DD, 0x01BD, 0x023D, 0x023D, 0x023C, 0x021C, 0x021C, 0x021C, 0x01FB, 0x1A1A,
  0x01B8, 0x0015, 0xCE7C, 0xFFFF, 0xFFFF, 0xFFFF, 0xFFFF, 0xFFFF, 0xFFFF, 0xFFFF, 0xFFFF, 0xFFFF,
  0xFFFF, 0xFFFF, 0xFFFF, 0xFFFF, 0xFFFF, 0xFFFF, 0xFFFF, 0xFFFF, 0xFFFF, 0xFFFF, 0xFFFF, 0xFFFF,
  0xFFFF, 0xB5B7, 0x0000, 0x00AA, 0x090D, 0x00EF, 0x29D1, 0x000E, 0xB5D9, 0xFFFF, 0xFFFF, 0xFFFF,
  0xFFFF, 0xFFFF, 0xFFFF, 0xFFFF, 0xDEFB, 0x31E8, 0x18E6, 0x0000, 0x7C10, 0xFFDF, 0xFFFF, 0xFFFF,
  0xFFFF, 0xFFFF, 0xFFFF, 0xFFFF, 0xF7BE, 0x5B4F, 0x0005, 0x298C, 0x110C, 0x0009, 0x6B50, 0xF79E,
  0xFFFF, 0xFFDF, 0xFFFF, 0xFFFF, 0xFFFF, 0xFFFF, 0xFFFF, 0xCE9B, 0x0008, 0x1007, 0x112C, 0x00CE,
  0x00EF, 0x00EF, 0x00EF, 0x00CF, 0x00CE, 0x00CE, 0x00CE, 0x00CE, 0x00CD, 0x00AD, 0x00CD, 0x00AD,
  0x29AE, 0x0009, 0x4A6D, 0xE73C, 0xFFFF, 0xFFDF, 0xFFFF, 0xFFFF, 0xFFFF, 0xFFFF, 0xFFFF, 0xFFFF,
  0xFFFF, 0xFFFF, 0xFFFF, 0xFFFF, 0xFFFF, 0xFFFF, 0xFFFF, 0xFFDF, 0xFFFF, 0xDEDB, 0x10A8, 0x0009,
  0x110C, 0x00AD, 0x00CD, 0x00CD, 0x00AC, 0x298C, 0x0000, 0xB597, 0xFFFF, 0xFFFF, 0xFFFF, 0xFFFF,
  0xFFFF, 0xFFFF, 0xFFFF, 0xFFFF, 0x9D35, 0x0000, 0x0004, 0x8431, 0xFFDF, 0xFFDF, 0xFFDF, 0xFFFF,
  0xFFFF, 0xFFFF, 0xFFFF, 0xFFFF, 0xFFFF, 0xFFFF, 0xFFFF, 0xE73C, 0x0006, 0x0007, 0x192A, 0x008A,
  0x216C, 0x0008, 0x31CB, 0xDEDB, 0xFFFF, 0xFFDF, 0xFFFF, 0xFFFF, 0xFFDF, 0xFFFF, 0xFFFF, 0xBDD7,
  0x0000, 0x31A8, 0x0000, 0x9CF4, 0xFFDF, 0xFFFF, 0xFFFF, 0xFFFF, 0xFFFF, 0xFFFF, 0xFFFF, 0xF7BF,
  0x8C52, 0x0000, 0x218A, 0x0069, 0x31AB, 0x0000, 0x5B0D, 0xEF7D, 0xFFFF, 0xFFDF, 0xFFFF, 0xFFFF,
  0xFFFF, 0xFFDF, 0xFFFF, 0x9492, 0x83EF, 0xF7BE, 0xFFFF, 0xFFFF, 0xFFFF, 0xFFFF, 0xFFFF, 0xFFFF,
  0xFFFF, 0xFFFF, 0xFFFF, 0xFFFF, 0xFFFF, 0xE73C, 0x0000, 0xE71C, 0xFFFF, 0xFFFF, 0xFFFF, 0xFFFF,
  0xFFFF, 0xFFFF, 0xFFFF, 0xCE59, 0x0000, 0x2968, 0x0000, 0x630C, 0xF79E, 0xFFFF, 0xFFFF, 0xFFFF,
  0xFFFF, 0xFFFF, 0xFFFF, 0xFFFF, 0x9492, 0x8C30, 0xFFFF, 0xFFDF, 0xFFFF, 0xFFFF, 0xFFFF, 0xFFFF,
  0xFFFF, 0xFFFF, 0xFFFF, 0xFFFF, 0xFFFF, 0xFFFF, 0xC618, 0x62A9, 0xF79E, 0xFFFF, 0xFFDF, 0xFFFF,
  0xFFFF, 0xFFFF, 0xFFFF, 0xF7BE, 0x9492, 0x0000, 0x31A8, 0x0000, 0xC617, 0xFFFF, 0xFFFF, 0xFFFF,
  0xFFFF, 0xFFFF, 0xFFDF, 0xFFFF, 0xF79E, 0x738E, 0x0000, 0x4987, 0x40A4, 0x41C8, 0x0000, 0xA450,
  0xFFBE, 0xFFFF, 0xFFFF, 0xFFFF, 0xFFFF, 0xFFFF, 0xFFDF, 0xFFFF, 0xAD34, 0x0000, 0x3986, 0x2000,
  0xC575, 0xFFFF, 0xFFFF, 0xFFFF, 0xFFFF, 0xFFFF, 0xFFFF, 0xFFFF, 0xD6BA, 0x2000, 0xE699, 0xFFFF,
  0xFFFF, 0xFFFF, 0xFFFF, 0xFFFF, 0xFFFF, 0xFFFF, 0xFFFF, 0xFFFF, 0xFFFF, 0xFFFF, 0xFFFF, 0xFFFF,
  0xFFFF, 0xC575, 0x8800, 0xC2E6, 0xE320, 0xF2C0, 0xFA80, 0xFAC0, 0xFAC0, 0xFAC0, 0xFAC0, 0xFAE0,
  0xFAE0, 0xFAC0, 0xFAC0, 0xFAC0, 0xFAC0, 0xFAC0, 0xFAC0, 0xFAC0, 0xFAC0, 0xFAC0, 0xFAE0, 0xFB00,
  0xFB20, 0xFB40, 0xFB60, 0xFB80, 0xFB60, 0xFB60, 0xFB40, 0xFB60, 0xFB60, 0xFB60, 0xFB60, 0xFB60,
  0xFB60, 0xFB80, 0xFB80, 0xFB80, 0xFBA0, 0xFBC0, 0xFBC0, 0xFC00, 0xFC20, 0xFC60, 0xFCA0, 0xFC80,
  0xFE02, 0xFF63, 0xFF82, 0xFF62,
  0x00CE, 0x00CE, 0x00CE, 0x00CE, 0x00CE, 0x00CE, 0x00CE, 0x00EE, 0x00EF, 0x00EF, 0x00EF, 0x00EF,
  0x00EF, 0x00CF, 0x01B5, 0x01FC, 0x019B, 0x01BB, 0x01BB, 0x01BB, 0x01BB, 0x01BB, 0x01BB, 0x01BB,
  0x01BB, 0x01DB, 0x01DB, 0x01DB, 0x01DB, 0x01DB, 0x01DC, 0x01FC, 0x01FC, 0x021C, 0x021D, 0x029E,
  0x039F, 0x031D, 0x01BC, 0x023D, 0x021C, 0x023D, 0x021C, 0x021C, 0x021C, 0x021C, 0x01FB, 0x2A5A,
  0x0017, 0x3A76, 0xE73D, 0xFFFF, 0xFFDF, 0xFFFF, 0xFFFF, 0xFFFF, 0xFFFF, 0xFFFF, 0xF79E, 0xEF1B,
  0xEF1B, 0xEF1B, 0xEF1B, 0xE6FB, 0xF79E, 0xFFFF, 0xFFFF, 0xFFFF, 0xFFFF, 0xFFFF, 0xFFFF, 0xFFFF,
  0xFFFF, 0xEF7D, 0x4A6C, 0x0009, 0x090E, 0x112F, 0x00B0, 0x31F0, 0xEF7E, 0xFFFF, 0xFFFF, 0xFFFF,
  0xFFFF, 0xFFFF, 0xFFFF, 0xFFFF, 0xA535, 0x0000, 0x18E6, 0x0000, 0x8411, 0xFFDF, 0xFFFF, 0xFFFF,
  0xFFFF, 0xFFFF, 0xFFFF, 0xFFFF, 0xF7BF, 0x6390, 0x0002, 0x29AC, 0x00AB, 0x0008, 0x8C73, 0xFFFF,
  0xFFFF, 0xFFFF, 0xFFFF, 0xFFFF, 0xFFFF, 0xFFFF, 0xFFFF, 0xB5F9, 0x0003, 0x2949, 0x00EC, 0x00EE,
  0x00EF, 0x1130, 0x29B0, 0x29B0, 0x29B0, 0x29AF, 0x29AF, 0x29B0, 0x298F, 0x298F, 0x192E, 0x006D,
  0x31CF, 0x0007, 0x73B0, 0xEF7E, 0xFFFF, 0xFFDF, 0xFFFF, 0xFFFF, 0xFFFF, 0xFFFF, 0xFFFF, 0xFFFF,
  0xFFFF, 0xFFFF, 0xFFFF, 0xFFFF, 0xFFFF, 0xFFFF, 0xFFFF, 0xFFFF, 0xFFFF, 0xFFFF, 0x73D0, 0x0006,
  0x08CB, 0x00CC, 0x00AD, 0x00CC, 0x008C, 0x298B, 0x0000, 0xCE59, 0xFFFF, 0xFFFF, 0xFFFF, 0xFFFF,
  0xFFFF, 0xFFFF, 0xFFFF, 0xFFFF, 0x8452, 0x0000, 0x0000, 0xAD55, 0xFFFF, 0xFFFF, 0xFFFF, 0xFFFF,
  0xFFFF, 0xFFFF, 0xFFFF, 0xFFFF, 0xFFFF, 0xFFFF, 0xFFFF, 0xD6BB, 0x0000, 0x2149, 0x08EA, 0x00CA,
  0x110A, 0x0004, 0x8452, 0xFFFF, 0xFFFF, 0xFFFF, 0xFFFF, 0xFFFF, 0xFFDF, 0xFFFF, 0xF79E, 0x840F,
  0x0000, 0x422A, 0x0000, 0x8C92, 0xF7DF, 0xFFFF, 0xFFFF, 0xFFFF, 0xFFFF, 0xFFFF, 0xFFFF, 0xFFDF,
  0x9CD3, 0x0000, 0x194A, 0x0089, 0x31CB, 0x0000, 0x7C10, 0xF7BE, 0xFFFF, 0xFFFF, 0xFFFF, 0xFFFF,
  0xFFFF, 0xFFDF, 0xFFFF, 0x7BEF, 0x5ACA, 0xF79E, 0xFFFF, 0xFFFF, 0xFFFF, 0xFFFF, 0xFFFF, 0xFFFF,
  0xFFFF, 0xFFFF, 0xFFFF, 0xFFDF, 0xFFFF, 0xB596, 0x1000, 0xF79E, 0xFFFF, 0xFFFF, 0xFFFF, 0xFFFF,
  0xFFFF, 0xFFFF, 0xFFFF, 0xB5D6, 0x0000, 0x2988, 0x0000, 0x7BCF, 0xFFDF, 0xFFFF, 0xFFFF, 0xFFFF,
  0xFFFF, 0xFFFF, 0xFFFF, 0xFFDF, 0x738E, 0x734C, 0xFFFF, 0xFFFF, 0xFFFF, 0xFFFF, 0xFFFF, 0xFFFF,
  0xFFFF, 0xFFFF, 0xFFFF, 0xFFFF, 0xFFFF, 0xFFDF, 0x8C50, 0x6ACA, 0xFFFF, 0xFFFF, 0xFFDF, 0xFFFF,
  0xFFFF, 0xFFFF, 0xFFFF, 0xEF7D, 0x7BCF, 0x0000, 0x2966, 0x1000, 0xD679, 0xFFFF, 0xFFFF, 0xFFFF,
  0xFFFF, 0xFFFF, 0xFFDF, 0xFFFF, 0xEF5D, 0x62EB, 0x0000, 0x49A7, 0x40A4, 0x41C8, 0x0000, 0xB4D2,
  0xFFDE, 0xFFFF, 0xFFFF, 0xFFFF, 0xFFFF, 0xFFFF, 0xFFDF, 0xFFFF, 0x9CB2, 0x0000, 0x41A6, 0x3000,
  0xCDF7, 0xFFFF, 0xFFFF, 0xFFFF, 0xFFFF, 0xFFFF, 0xFFFF, 0xFFFF, 0xCE79, 0x0000, 0xC4F2, 0xFFFF,
  0xFFFF, 0xFFFF, 0xFFFF, 0xFFFF, 0xFFFF, 0xFFFF, 0xFFFF, 0xFFFF, 0xFFFF, 0xFFFF, 0xFFFF, 0xFFFF,
  0xFFDF, 0xB4F3, 0x8800, 0xCB26, 0xE2E0, 0xF260, 0xFAA0, 0xFAC0, 0xFAC0, 0xFAC0, 0xFAC0, 0xFAE0,
  0xFAC0, 0xFAA0, 0xFAA0, 0xFAA0, 0xFAA0, 0xFAA0, 0xFAA0, 0xFAC0, 0xFAC0, 0xFAC0, 0xFAE0, 0xFB00,
  0xFB20, 0xFB60, 0xFB80, 0xFB60, 0xFB40, 0xFB40, 0xFB40, 0xFB40, 0xFB40, 0xFB60, 0xFB60, 0xFB60,
  0xFB60, 0xFB80, 0xFB80, 0xFBA0, 0xFBC0, 0xFBE0, 0xFBE0, 0xFC00, 0xFC60, 0xFCA0, 0xFC80, 0xFE03,
  0xFF84, 0xFF82, 0xFF62, 0xFF83,
  0x00CE, 0x00CE, 0x00CE, 0x00CE, 0x00CE, 0x00CE, 0x00EF, 0x00EF, 0x00EF, 0x00EF, 0x00EF, 0x00EF,
  0x00EF, 0x0110, 0x01FA, 0x01BB, 0x01BB, 0x01BB, 0x01BB, 0x01BB, 0x01BB, 0x01BB, 0x01BB, 0x01BB,
  0x01BB, 0x01DB, 0x01DB, 0x01DB, 0x01DB, 0x01DB, 0x01DC, 0x01FC, 0x021C, 0x021D, 0x025D, 0x033F,
  0x033D, 0x01DB, 0x021D, 0x023C, 0x021C, 0x021C, 0x021C, 0x021C, 0x021C, 0x021B, 0x01DB, 0x327A,
  0x0016, 0x73D7, 0xF79E, 0xFFFF, 0xFFDF, 0xFFFF, 0xFFFF, 0xFFFF, 0xFFDF, 0xFFFF, 0xD678, 0x6960,
  0x7980, 0x8A82, 0x8AC5, 0x7A20, 0x8BAC, 0xEF7D, 0xFFFF, 0xFFFF, 0xFFFF, 0xFFFF, 0xFFFF, 0xFFFF,
  0xFFFF, 0xFFFF, 0x8C10, 0x0009, 0x00ED, 0x29D0, 0x000D, 0xA517, 0xFFFF, 0xFFFF, 0xFFFF, 0xFFFF,
  0xFFFF, 0xFFFF, 0xFFFF, 0xF79E, 0x6B6D, 0x2966, 0x3188, 0x0006, 0x8452, 0xFFDF, 0xFFFF, 0xFFFF,
  0xFFFF, 0xFFFF, 0xFFFF, 0xFFFF, 0xF7BF, 0x73D1, 0x0000, 0x31CC, 0x000B, 0x0008, 0xAD56, 0xFFFF,
  0xFFDF, 0xFFFF, 0xFFFF, 0xFFFF, 0xFFFF, 0xFFFF, 0xFFFF, 0x9D36, 0x0000, 0x31AA, 0x00AC, 0x00CE,
  0x112F, 0x000E, 0x000D, 0x000C, 0x000D, 0x000D, 0x000D, 0x000D, 0x000D, 0x000B, 0x000C, 0x00CD,
  0x31EE, 0x0005, 0x94B4, 0xF7BF, 0xFFFF, 0xFFDF, 0xFFFF, 0xFFFF, 0xFFFF, 0xFFFF, 0xFFFF, 0xFFFF,
  0xDEDB, 0xEF5D, 0xFFFF, 0xFFFF, 0xFFFF, 0xFFFF, 0xFFFF, 0xFFFF, 0xFFDF, 0xFFFF, 0xB596, 0x0005,
  0x004B, 0x10EC, 0x00AC, 0x00AC, 0x00AB, 0x192A, 0x0005, 0xDEFC, 0xFFFF, 0xFFFF, 0xFFFF, 0xFFFF,
  0xFFFF, 0xFFFF, 0xFFFF, 0xF7DF, 0x5B4E, 0x0000, 0x0000, 0x8C93, 0xCE5A, 0xC638, 0xD6BA, 0xFFFF,
  0xFFFF, 0xFFFF, 0xFFFF, 0xFFFF, 0xFFFF, 0xFFFF, 0xFFFF, 0xC638, 0x0000, 0x31AA, 0x0089, 0x192B,
  0x0008, 0x0006, 0xC619, 0xFFFF, 0xFFDF, 0xFFFF, 0xFFFF, 0xFFFF, 0xFFFF, 0xFFFF, 0xDEDB, 0x18A1,
  0x0000, 0x4209, 0x0000, 0x8C51, 0xF7BE, 0xFFFF, 0xFFDF, 0xFFFF, 0xFFFF, 0xFFFF, 0xFFFF, 0xFFFF,
  0xAD55, 0x0000, 0x10E9, 0x00C9, 0x31CA, 0x0000, 0x94B3, 0xFFDF, 0xFFFF, 0xFFFF, 0xFFFF, 0xFFFF,
  0xFFFF, 0xFFFF, 0xFFDF, 0x738E, 0x2040, 0xEF7D, 0xFFFF, 0xFFFF, 0xFFFF, 0xFFFF, 0xFFFF, 0xFFFF,
  0xFFFF, 0xFFFF, 0xFFFF, 0xFFFF, 0xFFDF, 0x5AAA, 0x62CA, 0xF7BE, 0xFFFF, 0xFFFF, 0xFFFF, 0xFFFF,
  0xFFFF, 0xFFFF, 0xFFFF, 0xA514, 0x0000, 0x2968, 0x0000, 0x8C71, 0xFFFF, 0xFFDF, 0xFFFF, 0xFFFF,
  0xFFFF, 0xFFFF, 0xFFFF, 0xF7BE, 0x5AEB, 0x5247, 0xFFBE, 0xFFFF, 0xFFFF, 0xFFFF, 0xFFFF, 0xFFFF,
  0xFFFF, 0xFFFF, 0xFFFF, 0xFFFF, 0xFFFF, 0xE73C, 0x0000, 0x9450, 0xFFFF, 0xFFFF, 0xFFFF, 0xFFFF,
  0xFFFF, 0xFFDF, 0xFFFF, 0xEF7D, 0x6B6D, 0x0000, 0x18E5, 0x3040, 0xDEBA, 0xFFFF, 0xFFDF, 0xFFFF,
  0xFFFF, 0xFFFF, 0xFFDF, 0xFFFF, 0xE73C, 0x526A, 0x0000, 0x49A7, 0x40A4, 0x41C8, 0x0000, 0xBD54,
  0xFFDF, 0xFFFF, 0xFFFF, 0xFFFF, 0xFFFF, 0xFFFF, 0xFFFF, 0xFFFF, 0x8C30, 0x0000, 0x39A6, 0x4000,
  0xD638, 0xFFFF, 0xFFFF, 0xFFFF, 0xFFFF, 0xFFFF, 0xFFDF, 0xFFFF, 0xC638, 0x0000, 0x9A88, 0xFF9D,
  0xFFFF, 0xFFFF, 0xFFFF, 0xFFFF, 0xFFFF, 0xFFFF, 0xFFFF, 0xFFFF, 0xFFFF, 0xFFFF, 0xFFFF, 0xFFFF,
  0xFFDF, 0xAC91, 0x9000, 0xD305, 0xE240, 0xF280, 0xFAA0, 0xFAC0, 0xFAC0, 0xFAC0, 0xFAC0, 0xFAC0,
  0xFAA0, 0xFAA0, 0xFAA0, 0xFAA0, 0xFAA0, 0xFAA0, 0xFAA0, 0xFAA0, 0xFAC0, 0xFAC0, 0xFB00, 0xFB00,
  0xFB40, 0xFB60, 0xFB40, 0xFB40, 0xFB40, 0xFB40, 0xFB40, 0xFB40, 0xFB40, 0xFB60, 0xFB60, 0xFB60,
  0xFB80, 0xFB80, 0xFBA0, 0xFBA0, 0xFBC0, 0xFC00, 0xFC00, 0xFC40, 0xFC80, 0xFC80, 0xFE43, 0xFF84,
  0xFF83, 0xFF63, 0xFF83, 0xFF83,
  0x00CE, 0x00EE, 0x00EE, 0x00CE, 0x00CE, 0x00EF, 0x00EF, 0x00EF, 0x00EF, 0x00EF, 0x00EF, 0x00EF,
  0x00CE, 0x0195, 0x01FC, 0x019A, 0x01BB, 0x01BB, 0x01BB, 0x01BB, 0x01BB, 0x01BB, 0x01BB, 0x01BB,
  0x01DB, 0x01DB, 0x01DB, 0x01DC, 0x01DC, 0x01DC, 0x01FC, 0x021C, 0x021C, 0x021D, 0x02DE, 0x033E,
  0x021B, 0x01DC, 0x023D, 0x021C, 0x021C, 0x021C, 0x021C, 0x021C, 0x021C, 0x01FB, 0x01DA, 0x3259,
  0x0014, 0x94F8, 0xF7DF, 0xFFFF, 0xFFDF, 0xFFFF, 0xFFFF, 0xFFFF, 0xFFDF, 0xFFFF, 0xCDF6, 0x40C0,
  0x1800, 0x4122, 0x4143, 0x3943, 0x0000, 0xDEFB, 0xFFFF, 0xFFFF, 0xFFFF, 0xFFFF, 0xFFFF, 0xFFFF,
  0xFFFF, 0xF79D, 0x83CE, 0x0009, 0x08ED, 0x194F, 0x000E, 0xE71D, 0xFFFF, 0xFFFF, 0xFFFF, 0xFFFF,
  0xFFFF, 0xFFFF, 0xFFFF, 0xBDF7, 0x0000, 0x0000, 0x0000, 0x0000, 0x6B8F, 0xFFDF, 0xFFFF, 0xFFFF,
  0xFFFF, 0xFFFF, 0xFFFF, 0xFFFF, 0xF7DF, 0x7C32, 0x0000, 0x39EC, 0x0009, 0x0008, 0xC619, 0xFFFF,
  0xFFDF, 0xFFFF, 0xFFFF, 0xFFFF, 0xFFDF, 0xFFFF, 0xF7BF, 0x7C53, 0x0000, 0x31AB, 0x008C, 0x216F,
  0x000D, 0x6B92, 0xCE5B, 0xCE7B, 0xCE7B, 0xD69B, 0xD69B, 0xCE7B, 0xCE7B, 0xD6BC, 0x9CD6, 0x000C,
  0x31AD, 0x0002, 0xAD77, 0xFFFF, 0xFFFF, 0xFFFF, 0xFFFF, 0xFFFF, 0xFFFF, 0xFFFF, 0xFFFF, 0xEF7E,
  0x3A4B, 0xCE79, 0xFFFF, 0xFFFF, 0xFFFF, 0xFFFF, 0xFFFF, 0xFFFF, 0xFFDF, 0xFFFF, 0xDEFC, 0x0089,
  0x0009, 0x10EC, 0x00AC, 0x00AC, 0x10EB, 0x0009, 0x31AA, 0xEF5D, 0xFFFF, 0xFFFF, 0xFFFF, 0xFFFF,
  0xFFFF, 0xFFFF, 0xFFFF, 0xEF7D, 0x1988, 0x0003, 0x10C6, 0x020F, 0x00AA, 0x0000, 0x8451, 0xFFFF,
  0xFFDF, 0xFFFF, 0xFFFF, 0xFFFF, 0xFFFF, 0xFFFF, 0xFFDF, 0xAD55, 0x0000, 0x31CA, 0x0049, 0x214A,
  0x0004, 0x5AEE, 0xEF7E, 0xFFFF, 0xFFDF, 0xFFFF, 0xFFFF, 0xFFFF, 0xFFFF, 0xFFFF, 0xAD55, 0x0000,
  0x0003, 0x0004, 0x0000, 0x73AF, 0xF79E, 0xFFFF, 0xFFFF, 0xFFFF, 0xFFFF, 0xFFFF, 0xFFDF, 0xFFFF,
  0xBDD7, 0x0000, 0x0008, 0x1109, 0x31AA, 0x0000, 0xAD55, 0xFFDF, 0xFFFF, 0xFFFF, 0xFFFF, 0xFFFF,
  0xFFFF, 0xFFFF, 0xEF7D, 0x5AEB, 0x0000, 0xDEFB, 0xFFFF, 0xFFFF, 0xFFFF, 0xFFFF, 0xFFFF, 0xFFFF,
  0xFFFF, 0xFFFF, 0xFFDF, 0xFFFF, 0xDEDB, 0x0000, 0x8C50, 0xFFDF, 0xFFFF, 0xFFFF, 0xFFFF, 0xFFFF,
  0xFFFF, 0xFFFF, 0xFFFF, 0x8C51, 0x0000, 0x2967, 0x0000, 0xA534, 0xFFFF, 0xFFDF, 0xFFFF, 0xFFFF,
  0xFFFF, 0xFFFF, 0xFFFF, 0xEF5D, 0x39C7, 0x4163, 0xEF3C, 0xFFFF, 0xFFDF, 0xFFFF, 0xFFFF, 0xFFFF,
  0xFFFF, 0xFFFF, 0xFFFF, 0xFFFF, 0xFFFF, 0xBE18, 0x0000, 0xAD34, 0xFFFF, 0xFFFF, 0xFFFF, 0xFFFF,
  0xFFFF, 0xFFDF, 0xFFFF, 0xEF3C, 0x5AAB, 0x0000, 0x0023, 0x4965, 0xDEDA, 0xFFFF, 0xFFDF, 0xFFFF,
  0xFFFF, 0xFFFF, 0xFFDF, 0xFFFF, 0xDEDB, 0x41E7, 0x0000, 0x4987, 0x40C3, 0x39C7, 0x1000, 0xC5B6,
  0xFFFF, 0xFFFF, 0xFFFF, 0xFFFF, 0xFFFF, 0xFFFF, 0xFFFF, 0xFFDF, 0x83CF, 0x1000, 0x3986, 0x4800,
  0xDE99, 0xFFFF, 0xFFFF, 0xFFFF, 0xFFFF, 0xFFFF, 0xFFDF, 0xFFFF, 0xB5B6, 0x0000, 0x8000, 0xE638,
  0xFFFF, 0xFFFF, 0xFFFF, 0xFFFF, 0xFFFF, 0xFFFF, 0xFFFF, 0xFFFF, 0xFFFF, 0xFFFF, 0xFFFF, 0xFFFF,
  0xFFDE, 0xA42F, 0xA100, 0xD2A5, 0xE240, 0xF280, 0xFAA0, 0xFAA0, 0xFAA0, 0xFAC0, 0xFAC0, 0xFA80,
  0xFAA0, 0xFAA0, 0xFAA0, 0xFAA0, 0xFAA0, 0xFAA0, 0xFAA0, 0xFAA0, 0xFAC0, 0xFAE0, 0xFB00, 0xFB20,
  0xFB40, 0xFB40, 0xFB20, 0xFB20, 0xFB40, 0xFB40, 0xFB40, 0xFB40, 0xFB40, 0xFB60, 0xFB60, 0xFB80,
  0xFB80, 0xFBA0, 0xFBC0, 0xFBC0, 0xFBE0, 0xFC20, 0xFC60, 0xFC60, 0xFC80, 0xFE64, 0xFF84, 0xFF62,
  0xFF62, 0xFF83, 0xFF83, 0xFF83,
  0x00EE, 0x00CE, 0x00CE, 0x00EE, 0x00EF, 0x00EF, 0x00EF, 0x00EF, 0x00EF, 0x00EF, 0x00EF, 0x00EF,
  0x010F, 0x01FA, 0x01BB, 0x019A, 0x01BB, 0x01BB, 0x01BB, 0x01BB, 0x01BB, 0x01BB, 0x01BB, 0x01BB,
  0x01DB, 0x01DB, 0x01DB, 0x01DC, 0x01DC, 0x01FC, 0x01FC, 0x01FC, 0x01FD, 0x029E, 0x031F, 0x025B,
  0x017A, 0x023D, 0x021D, 0x021C, 0x021C, 0x021C, 0x021C, 0x01FC, 0x01FC, 0x01FB, 0x09DA, 0x2219,
  0x0015, 0xB5DB, 0xFFFF, 0xFFFF, 0xFFDF, 0xFFDF, 0xFFFF, 0xFFDF, 0xFFFF, 0xFFFF, 0xBD53, 0x2800,
  0x0004, 0x0024, 0x1926, 0x0000, 0x422A, 0xEF5D, 0xFFFF, 0xFFFF, 0xFFFF, 0xFFFF, 0xFFFF, 0xFFDF,
  0xFFFF, 0xE71B, 0x5AAA, 0x0008, 0x298D, 0x000B, 0x8434, 0xFFFF, 0xFFFF, 0xFFFF, 0xFFFF, 0xFFFF,
  0xFFFF, 0xFFFF, 0xFFFF, 0xD6BA, 0xBDF7, 0xBDF8, 0xBDF8, 0xBDD8, 0xCE7A, 0xFFFF, 0xFFFF, 0xFFFF,
  0xFFFF, 0xFFFF, 0xFFFF, 0xFFFF, 0xFFDF, 0x8C93, 0x0000, 0x3A0C, 0x0008, 0x192A, 0xD6DB, 0xFFFF,
  0xFFDF, 0xFFFF, 0xFFFF, 0xFFFF, 0xFFFF, 0xFFFF, 0xEF7E, 0x530F, 0x0000, 0x298B, 0x00AC, 0x216F,
  0x000B, 0x9D16, 0xFFFF, 0xFFFF, 0xFFFF, 0xFFFF, 0xFFFF, 0xFFFF, 0xFFFF, 0xFFFF, 0xA556, 0x0008,
  0x29AC, 0x0000, 0xC619, 0xFFFF, 0xFFFF, 0xFFFF, 0xFFFF, 0xFFFF, 0xFFFF, 0xFFFF, 0xFFFF, 0x9D35,
  0x0000, 0xAD55, 0xFFFF, 0xFFFF, 0xFFFF, 0xFFFF, 0xFFFF, 0xFFFF, 0xFFFF, 0xFFFF, 0xFFDF, 0x6B6F,
  0x0007, 0x08CB, 0x00CB, 0x008B, 0x192B, 0x0006, 0x632E, 0xF7BE, 0xFFFF, 0xFFFF, 0xFFFF, 0xFFFF,
  0xFFFF, 0xFFFF, 0xFFFF, 0xD6DB, 0x0000, 0x18E6, 0x0066, 0x1128, 0x10E5, 0x0000, 0xA535, 0xFFFF,
  0xFFDF, 0xFFFF, 0xFFFF, 0xFFFF, 0xFFFF, 0xFFFF, 0xFFDF, 0x8C72, 0x0000, 0x31AA, 0x00C9, 0x0069,
  0x0005, 0xA515, 0xFFFF, 0xFFDF, 0xFFFF, 0xFFFF, 0xFFFF, 0xFFFF, 0xFFFF, 0xFFFF, 0xE73C, 0xDEDB,
  0xDEFC, 0xDEFC, 0xDEDB, 0xE71C, 0xFFDF, 0xFFFF, 0xFFFF, 0xFFFF, 0xFFFF, 0xFFFF, 0xFFDF, 0xFFFF,
  0xC639, 0x0003, 0x0006, 0x2149, 0x2169, 0x0000, 0xBDF7, 0xFFFF, 0xFFFF, 0xFFFF, 0xFFFF, 0xFFFF,
  0xFFDF, 0xFFFF, 0xE73C, 0x4A69, 0x0000, 0xCE79, 0xFFFF, 0xFFFF, 0xFFFF, 0xFFFF, 0xFFFF, 0xFFFF,
  0xFFFF, 0xFFFF, 0xFFFF, 0xFFFF, 0x9CD3, 0x0000, 0xA513, 0xFFFF, 0xFFFF, 0xFFFF, 0xFFFF, 0xFFFF,
  0xFFFF, 0xFFFF, 0xFFFF, 0x738E, 0x0000, 0x2127, 0x0000, 0xB5B6, 0xFFFF, 0xFFDF, 0xFFFF, 0xFFFF,
  0xFFFF, 0xFFFF, 0xFFFF, 0xE71C, 0x0000, 0x2000, 0xD699, 0xFFFF, 0xFFDF, 0xFFFF, 0xFFFF, 0xFFFF,
  0xFFFF, 0xFFFF, 0xFFFF, 0xFFFF, 0xF7BE, 0x7BEF, 0x0000, 0xC5D6, 0xFFFF, 0xFFFF, 0xFFFF, 0xFFFF,
  0xFFFF, 0xFFDF, 0xFFFF, 0xE71C, 0x39A7, 0x0000, 0x0000, 0x6269, 0xE71B, 0xFFFF, 0xFFDF, 0xFFFF,
  0xFFFF, 0xFFFF, 0xFFDF, 0xFFFF, 0xCE59, 0x2883, 0x1800, 0x4966, 0x40E4, 0x3987, 0x3000, 0xD638,
  0xFFFF, 0xFFFF, 0xFFFF, 0xFFFF, 0xFFFF, 0xFFFF, 0xFFFF, 0xF7BE, 0x6B2C, 0x1800, 0x3965, 0x5800,
  0xE6DA, 0xFFFF, 0xFFFF, 0xFFFF, 0xFFFF, 0xFFFF, 0xFFDF, 0xFFFF, 0xAD34, 0x0000, 0x7800, 0xC470,
  0xFFFF, 0xFFFF, 0xFFFF, 0xFFFF, 0xFFFF, 0xFFFF, 0xFFFF, 0xFFFF, 0xFFFF, 0xFFFF, 0xFFFF, 0xFFFF,
  0xFFBE, 0xA3AC, 0xA0E0, 0xD264, 0xE240, 0xF280, 0xFAA0, 0xFAA0, 0xFAA0, 0xFAA0, 0xFA80, 0xFA80,
  0xFAA0, 0xFAA0, 0xFA80, 0xFAA0, 0xFAA0, 0xFAA0, 0xFAA0, 0xFAA0, 0xFAC0, 0xFB00, 0xFB00, 0xFB20,
  0xFB20, 0xFB20, 0xFB20, 0xFB20, 0xFB20, 0xFB20, 0xFB40, 0xFB40, 0xFB60, 0xFB60, 0xFB80, 0xFB80,
  0xFBA0, 0xFBC0, 0xFBC0, 0xFBE0, 0xFC20, 0xFC60, 0xFC60, 0xFC80, 0xFEA4, 0xFF83, 0xFF62, 0xFF62,
  0xFF82, 0xFF83, 0xFF83, 0xFF83,
  0x00CE, 0x00CE, 0x00CE, 0x00EF, 0x00EF, 0x00EF, 0x00EF, 0x00EF, 0x00EF, 0x00EF, 0x00EF, 0x00CE,
  0x0174, 0x01FC, 0x019A, 0x01BB, 0x01BB, 0x01BB, 0x01BB, 0x01BB, 0x01BB, 0x01BB, 0x01BB, 0x01BB,
  0x01DB, 0x01DB, 0x01BB, 0x01DC, 0x01DC, 0x01FC, 0x01FC, 0x01FD, 0x023D, 0x02DF, 0x029C, 0x0179,
  0x021C, 0x023D, 0x021C, 0x021C, 0x021C, 0x021C, 0x01FC, 0x01FC, 0x01FB, 0x01DB, 0x19FA, 0x0178,
  0x0015, 0xCE9C, 0xFFFF, 0xFFDF, 0xFFDF, 0xFFDF, 0xFFDF, 0xFFDF, 0xFFFF, 0xFFBE, 0x9C6F, 0x0000,
  0x0086, 0x0026, 0x31A9, 0x0000, 0x7BF0, 0xF7BF, 0xFFFF, 0xFFFF, 0xFFFF, 0xFFFF, 0xFFFF, 0xFFDF,
  0xFFFF, 0xCE58, 0x3166, 0x0008, 0x29AD, 0x000A, 0xCE7B, 0xFFFF, 0xFFFF, 0xFFFF, 0xFFFF, 0xFFFF,
  0xFFFF, 0xFFFF, 0xFFFF, 0xFFFF, 0xFFFF, 0xFFFF, 0xFFFF, 0xFFFF, 0xFFFF, 0xFFFF, 0xFFFF, 0xFFFF,
  0xFFFF, 0xFFFF, 0xFFFF, 0xFFFF, 0xFFDF, 0x94D4, 0x0000, 0x39EC, 0x0007, 0x4A8C, 0xE73D, 0xFFFF,
  0xFFDF, 0xFFFF, 0xFFFF, 0xFFFF, 0xFFFF, 0xFFFF, 0xDEFC, 0x016B, 0x0003, 0x214B, 0x110C, 0x00AD,
  0x000A, 0xB5B8, 0xFFFF, 0xFFDF, 0xFFFF, 0xFFFF, 0xFFFF, 0xFFDF, 0xFFFF, 0xF7BF, 0x7C32, 0x0005,
  0x212A, 0x0006, 0xD69A, 0xFFFF, 0xFFFF, 0xFFFF, 0xFFFF, 0xFFFF, 0xFFFF, 0xFFFF, 0xF7BF, 0x73D0,
  0x0000, 0x5B2D, 0xEF7E, 0xFFFF, 0xFFFF, 0xFFFF, 0xFFFF, 0xFFFF, 0xFFFF, 0xFFDF, 0xFFFF, 0xB597,
  0x0004, 0x004A, 0x10EB, 0x008A, 0x296B, 0x0000, 0x8C73, 0xFFFF, 0xFFFF, 0xFFFF, 0xFFFF, 0xFFFF,
  0xFFFF, 0xFFFF, 0xFFFF, 0xC639, 0x0000, 0x2147, 0x0026, 0x0864, 0x0002, 0x0000, 0xBDF7, 0xFFFF,
  0xFFDF, 0xFFFF, 0xFFFF, 0xFFFF, 0xFFFF, 0xFFFF, 0xF7BE, 0x6B4E, 0x0000, 0x2989, 0x1929, 0x0006,
  0x2149, 0xDEDB, 0xFFFF, 0xFFDF, 0xFFFF, 0xFFFF, 0xFFFF, 0xFFFF, 0xFFFF, 0xFFFF, 0xFFFF, 0xFFFF,
  0xFFFF, 0xFFFF, 0xFFFF, 0xFFFF, 0xFFFF, 0xFFFF, 0xFFFF, 0xFFFF, 0xFFFF, 0xFFFF, 0xFFDF, 0xFFFF,
  0xD6BA, 0x18E7, 0x0003, 0x29AA, 0x00A7, 0x0000, 0xCE7A, 0xFFFF, 0xFFFF, 0xFFFF, 0xFFFF, 0xFFFF,
  0xFFDF, 0xFFFF, 0xDEDA, 0x39C7, 0x0000, 0xBDD7, 0xFFFF, 0xFFFF, 0xFFFF, 0xFFFF, 0xFFFF, 0xFFFF,
  0xFFFF, 0xFFFF, 0xFFFF, 0xEF5D, 0x4228, 0x0000, 0xBDB6, 0xFFFF, 0xFFFF, 0xFFFF, 0xFFFF, 0xFFFF,
  0xFFFF, 0xFFFF, 0xF7BE, 0x4A6A, 0x0002, 0x18E6, 0x0000, 0xC638, 0xFFFF, 0xFFFF, 0xFFFF, 0xFFFF,
  0xFFFF, 0xFFFF, 0xFFFF, 0xDEFB, 0x0000, 0x0000, 0xC5D7, 0xFFFF, 0xFFDF, 0xFFFF, 0xFFFF, 0xFFFF,
  0xFFFF, 0xFFFF, 0xFFFF, 0xFFFF, 0xDEFB, 0x0000, 0x0000, 0xCE38, 0xFFFF, 0xFFDF, 0xFFFF, 0xFFFF,
  0xFFFF, 0xFFDF, 0xFFFF, 0xDEDB, 0x18A4, 0x0844, 0x0000, 0x732C, 0xEF5C, 0xFFFF, 0xFFDF, 0xFFFF,
  0xFFFF, 0xFFFF, 0xFFDF, 0xFFFF, 0xC638, 0x1000, 0x2800, 0x4966, 0x4904, 0x3166, 0x4000, 0xDE79,
  0xFFFF, 0xFFFF, 0xFFFF, 0xFFFF, 0xFFFF, 0xFFFF, 0xFFFF, 0xF79E, 0x5A8A, 0x2000, 0x3124, 0x6880,
  0xEEFB, 0xFFFF, 0xFFFF, 0xFFFF, 0xFFFF, 0xFFFF, 0xFFDF, 0xFFFF, 0xA4F3, 0x0000, 0x7182, 0xAA00,
  0xF75C, 0xFFFF, 0xFFFF, 0xFFFF, 0xFFFF, 0xFFFF, 0xFFFF, 0xFFFF, 0xFFFF, 0xFFFF, 0xFFFF, 0xFFFF,
  0xF7BE, 0x92E9, 0xA8E0, 0xD244, 0xE240, 0xF280, 0xFAA0, 0xFAA0, 0xFAA0, 0xFAA0, 0xFA80, 0xFA80,
  0xFA80, 0xFA80, 0xFA80, 0xFAA0, 0xFAA0, 0xFAA0, 0xFAA0, 0xFAA0, 0xFAE0, 0xFB00, 0xFB20, 0xFB20,
  0xFB00, 0xFB20, 0xFB20, 0xFB20, 0xFB20, 0xFB20, 0xFB40, 0xFB40, 0xFB60, 0xFB60, 0xFB80, 0xFBA0,
  0xFBC0, 0xFBE0, 0xFC00, 0xFC20, 0xFC80, 0xFC60, 0xFCC1, 0xFEC4, 0xFFA3, 0xFF62, 0xFF62, 0xFF82,
  0xFF83, 0xFF83, 0xFFA3, 0xFFA3,
  0x00EE, 0x00CE, 0x00EE, 0x00EF, 0x00EF, 0x00EF, 0x00EF, 0x00EF, 0x00EF, 0x00EF, 0x00EF, 0x00EF,
  0x01D9, 0x01BC, 0x01BA, 0x01BB, 0x01BB, 0x01BB, 0x01BB, 0x01BB, 0x01BB, 0x01BB, 0x01BB, 0x01BB,
  0x01DB, 0x01DB, 0x01DC, 0x01DC, 0x01DC, 0x01FC, 0x01FC, 0x021D, 0x029E, 0x02BD, 0x01B9, 0x01DA,
  0x023D, 0x021D, 0x021C, 0x021C, 0x021C, 0x01FC, 0x01FC, 0x01FC, 0x01DB, 0x01BA, 0x2A3A, 0x0016,
  0x4295, 0xE71D, 0xFFFF, 0xF7BF, 0xFFDF, 0xFFDF, 0xFFDF, 0xF7BE, 0xFFFF, 0xEF3C, 0x7B8C, 0x0000,
  0x10E8, 0x0049, 0x31CC, 0x0000, 0xA515, 0xFFDF, 0xFFFF, 0xFFDF, 0xFFFF, 0xFFFF, 0xFFFF, 0xFFDF,
  0xFFFF, 0xAD74, 0x0002, 0x10E9, 0x0009, 0x6330, 0xF7BF, 0xFFFF, 0xFFFF, 0xFFFF, 0xFFFF, 0xFFFF,
  0xFFFF, 0xFFFF, 0xFFFF, 0xFFFF, 0xFFFF, 0xFFFF, 0xFFFF, 0xFFFF, 0xFFFF, 0xFFFF, 0xFFFF, 0xFFFF,
  0xFFFF, 0xFFFF, 0xFFFF, 0xFFFF, 0xFFDF, 0x94F5, 0x0000, 0x39EB, 0x0006, 0x73B0, 0xF7BF, 0xFFFF,
  0xFFFF, 0xFFFF, 0xFFFF, 0xFFFF, 0xFFFF, 0xFFFF, 0xC65A, 0x0005, 0x18C7, 0x08EB, 0x214C, 0x000B,
  0x000A, 0xCE7A, 0xFFFF, 0xFFDF, 0xFFFF, 0xFFFF, 0xFFFF, 0xFFDF, 0xFFFF, 0xEF7D, 0x5B2E, 0x0004,
  0x0008, 0x422C, 0xE71C, 0xFFFF, 0xFFDF, 0xFFFF, 0xFFFF, 0xFFFF, 0xFFDF, 0xFFFF, 0xE75D, 0x52CC,
  0x0000, 0x0000, 0xCE9A, 0xFFFF, 0xFFFF, 0xFFFF, 0xFFFF, 0xFFFF, 0xFFFF, 0xFFDF, 0xFFFF, 0xDEFC,
  0x0888, 0x0008, 0x10EB, 0x006A, 0x298C, 0x0000, 0xAD76, 0xFFFF, 0xFFFF, 0xFFFF, 0xFFFF, 0xFFFF,
  0xFFFF, 0xFFFF, 0xFFFF, 0xA576, 0x0000, 0x2147, 0x0025, 0x08A6, 0x0004, 0x0000, 0xD6BA, 0xFFFF,
  0xFFDF, 0xFFFF, 0xFFFF, 0xFFFF, 0xFFFF, 0xFFFF, 0xEF5D, 0x31E8, 0x0002, 0x2149, 0x10E9, 0x0002,
  0x7BF0, 0xFFDF, 0xFFFF, 0xFFFF, 0xFFFF, 0xFFFF, 0xFFFF, 0xFFFF, 0xFFFF, 0xFFFF, 0xFFFF, 0xFFFF,
  0xFFFF, 0xFFFF, 0xFFFF, 0xFFFF, 0xFFFF, 0xFFFF, 0xFFFF, 0xFFFF, 0xFFFF, 0xFFFF, 0xFFDF, 0xFFFF,
  0xDEFC, 0x3A09, 0x0000, 0x31CA, 0x0004, 0x0005, 0xDEDB, 0xFFFF, 0xFFFF, 0xFFFF, 0xFFFF, 0xFFFF,
  0xFFDF, 0xFFFF, 0xC638, 0x18E4, 0x0000, 0xA534, 0xFFFF, 0xFFFF, 0xFFFF, 0xFFFF, 0xFFFF, 0xFFFF,
  0xFFFF, 0xFFDF, 0xFFFF, 0xBDD7, 0x0000, 0x0000, 0xCE59, 0xFFFF, 0xFFFF, 0xFFFF, 0xFFFF, 0xFFFF,
  0xFFFF, 0xFFFF, 0xEF5D, 0x2105, 0x0025, 0x0065, 0x0000, 0xD6BA, 0xFFFF, 0xFFFF, 0xFFFF, 0xFFFF,
  0xFFFF, 0xFFFF, 0xFFFF, 0xD69A, 0x0000, 0x0000, 0xAD34, 0xFFFF, 0xFFDF, 0xFFFF, 0xFFFF, 0xFFFF,
  0xFFFF, 0xFFFF, 0xFFFF, 0xFFFF, 0xB595, 0x0000, 0x49C6, 0xD679, 0xFFFF, 0xFFDF, 0xFFFF, 0xFFFF,
  0xFFFF, 0xFFFF, 0xFFFF, 0xCE59, 0x0000, 0x2946, 0x0000, 0x83AE, 0xF77D, 0xFFFF, 0xFFDF, 0xFFFF,
  0xFFFF, 0xFFFF, 0xFFDF, 0xFFFF, 0xBDB6, 0x0000, 0x3822, 0x4945, 0x4925, 0x2904, 0x5000, 0xE6BA,
  0xFFFF, 0xFFFF, 0xFFFF, 0xFFFF, 0xFFFF, 0xFFDF, 0xFFFF, 0xE73C, 0x49C7, 0x2800, 0x2881, 0x79E5,
  0xF75C, 0xFFFF, 0xFFFF, 0xFFFF, 0xFFFF, 0xFFFF, 0xFFFF, 0xFFFF, 0x9471, 0x0000, 0x59A5, 0xA000,
  0xE617, 0xFFFF, 0xFFDF, 0xFFFF, 0xFFFF, 0xFFFF, 0xFFFF, 0xFFFF, 0xFFFF, 0xFFFF, 0xFFFF, 0xFFFF,
  0xF79D, 0x9247, 0xB140, 0xD243, 0xE240, 0xF280, 0xFAA0, 0xFA80, 0xFA80, 0xFA80, 0xFA80, 0xFA80,
  0xFA80, 0xFA80, 0xFA80, 0xFA80, 0xFAA0, 0xFAA0, 0xFAA0, 0xFAC0, 0xFAE0, 0xFB00, 0xFB00, 0xFAE0,
  0xFB00, 0xFB20, 0xFB20, 0xFB20, 0xFB20, 0xFB40, 0xFB40, 0xFB60, 0xFB60, 0xFB80, 0xFB80, 0xFBA0,
  0xFBE0, 0xFC00, 0xFC00, 0xFC60, 0xFC60, 0xFCE1, 0xFEE5, 0xFFA3, 0xFF62, 0xFF82, 0xFF82, 0xFF83,
  0xFF83, 0xFFA3, 0xFFA3, 0xFFA3,
  0x00CE, 0x00EE, 0x00EE, 0x00EF, 0x00EF, 0x00EF, 0x00EF, 0x00EF, 0x00EF, 0x00EF, 0x00CE, 0x0153,
  0x01FC, 0x019B, 0x01BB, 0x01BB, 0x01BB, 0x01BB, 0x01BB, 0x01BB, 0x01BB, 0x01BB, 0x01BB, 0x01BB,
  0x01DB, 0x01DB, 0x01DC, 0x01DC, 0x01FC, 0x01FC, 0x01FC, 0x025E, 0x029E, 0x01FA, 0x0199, 0x021C,
  0x023D, 0x021C, 0x021C, 0x021C, 0x01FC, 0x01FC, 0x01FC, 0x01DC, 0x01DB, 0x01BA, 0x3259, 0x0015,
  0x73F7, 0xEF7E, 0xFFFF, 0xF7BE, 0xF7BF, 0xF7BF, 0xF7BF, 0xF79E, 0xFFFF, 0xDEB9, 0x62A9, 0x0003,
  0x10E9, 0x008B, 0x31AD, 0x0007, 0xC619, 0xFFFF, 0xFFFF, 0xFFDF, 0xFFDF, 0xFFFF, 0xFFDF, 0xFFDF,
  0xFFDF, 0x8C50, 0x0001, 0x298A, 0x0005, 0xBDF9, 0xFFFF, 0xFFDF, 0xFFDF, 0xFFDF, 0xFFDF, 0xFFDF,
  0xFFDF, 0xFFFF, 0xFFFF, 0xFFFF, 0xFFFF, 0xFFFF, 0xFFFF, 0xFFDF, 0xFFDF, 0xFFFF, 0xFFFF, 0xFFFF,
  0xFFFF, 0xFFFF, 0xFFDF, 0xFFFF, 0xFFDF, 0x9D35, 0x0000, 0x31AA, 0x0004, 0x94B4, 0xFFFF, 0xFFDF,
  0xFFFF, 0xFFFF, 0xFFFF, 0xFFFF, 0xFFFF, 0xFFFF, 0xB5D8, 0x0000, 0x3189, 0x00AB, 0x298D, 0x0009,
  0x422C, 0xDEFC, 0xFFFF, 0xFFDF, 0xFFFF, 0xFFFF, 0xFFFF, 0xFFDF, 0xFFFF, 0xDEFC, 0x29CA, 0x0006,
  0x0004, 0x7390, 0xEF7E, 0xFFFF, 0xFFDF, 0xFFFF, 0xFFFF, 0xFFFF, 0xFFDF, 0xFFFF, 0xD6DB, 0x2167,
  0x0821, 0x0000, 0xA535, 0xFFDF, 0xFFFF, 0xFFFF, 0xFFFF, 0xFFFF, 0xFFFF, 0xFFFF, 0xFFFF, 0xFFDF,
  0x738F, 0x0007, 0x08CA, 0x00AA, 0x298B, 0x0000, 0xC618, 0xFFFF, 0xFFFF, 0xFFFF, 0xFFFF, 0xFFFF,
  0xFFFF, 0xFFFF, 0xFFFF, 0x8CB3, 0x0000, 0x2168, 0x0086, 0x10C7, 0x0005, 0x2967, 0xE73C, 0xFFFF,
  0xFFFF, 0xFFFF, 0xFFFF, 0xFFFF, 0xFFFF, 0xFFFF, 0xE71C, 0x0001, 0x0026, 0x2169, 0x0006, 0x0004,
  0xC5F8, 0xFFFF, 0xFFDF, 0xFFFF, 0xFFFF, 0xFFFF, 0xFFFF, 0xFFFF, 0xFFFF, 0xFFFF, 0xFFFF, 0xFFFF,
  0xFFFF, 0xFFFF, 0xFFFF, 0xFFFF, 0xFFFF, 0xFFFF, 0xFFFF, 0xFFFF, 0xFFFF, 0xFFFF, 0xFFDF, 0xFFFF,
  0xE73D, 0x5ACC, 0x0000, 0x3A0A, 0x0000, 0x422A, 0xE73D, 0xFFFF, 0xFFFF, 0xFFFF, 0xFFFF, 0xFFFF,
  0xFFDF, 0xFFFF, 0xB595, 0x0000, 0x0000, 0x8C51, 0xFFDF, 0xFFFF, 0xFFFF, 0xFFFF, 0xFFFF, 0xFFFF,
  0xFFFF, 0xFFFF, 0xFFFF, 0x73AE, 0x0000, 0x0000, 0xDEDB, 0xFFFF, 0xFFFF, 0xFFFF, 0xFFFF, 0xFFFF,
  0xFFFF, 0xFFFF, 0xDEDB, 0x0000, 0x1906, 0x0004, 0x2105, 0xE73C, 0xFFFF, 0xFFFF, 0xFFFF, 0xFFFF,
  0xFFFF, 0xFFFF, 0xFFFF, 0xC638, 0x0000, 0x0000, 0x9430, 0xFFFF, 0xFFFF, 0xFFFF, 0xFFFF, 0xFFFF,
  0xFFFF, 0xFFFF, 0xFFFF, 0xEF7D, 0x6B4D, 0x0000, 0x5A69, 0xDEDB, 0xFFFF, 0xFFDF, 0xFFFF, 0xFFFF,
  0xFFFF, 0xFFFF, 0xFFFF, 0xC618, 0x0000, 0x31A7, 0x0000, 0x9430, 0xFFBE, 0xFFFF, 0xFFDF, 0xFFFF,
  0xFFFF, 0xFFFF, 0xFFFF, 0xFFFF, 0xAD75, 0x0000, 0x4925, 0x5165, 0x4986, 0x2083, 0x6963, 0xEF1B,
  0xFFFF, 0xFFFF, 0xFFFF, 0xFFFF, 0xFFFF, 0xFFDF, 0xFFFF, 0xDEDB, 0x38C2, 0x3820, 0x2800, 0x8AC9,
  0xF79D, 0xFFFF, 0xFFFF, 0xFFFF, 0xFFFF, 0xFFFF, 0xFFFF, 0xFFDF, 0x83CE, 0x0000, 0x2924, 0x98C0,
  0xCC0D, 0xFFDF, 0xFFFF, 0xFFFF, 0xFFFF, 0xFFFF, 0xFFFF, 0xFFFF, 0xFFFF, 0xFFFF, 0xFFFF, 0xFFFF,
  0xEF5C, 0x8980, 0xB180, 0xD222, 0xEA60, 0xF280, 0xFA80, 0xFA80, 0xFA80, 0xFA60, 0xFA80, 0xFA80,
  0xFA80, 0xFA80, 0xFA80, 0xFA80, 0xFAA0, 0xFAA0, 0xFAC0, 0xFAE0, 0xFB00, 0xFB00, 0xFAE0, 0xFB00,
  0xFB00, 0xFB20, 0xFB20, 0xFB20, 0xFB20, 0xFB40, 0xFB60, 0xFB60, 0xFB80, 0xFBA0, 0xFBA0, 0xFBC0,
  0xFBE0, 0xFC20, 0xFC60, 0xFC40, 0xFD02, 0xFF04, 0xFFA3, 0xFF62, 0xFF82, 0xFF82, 0xFF82, 0xFF83,
  0xFFA3, 0xFF83, 0xFF82, 0xFF83,
  0x00CE, 0x00CE, 0x00CE, 0x00EF, 0x00EF, 0x00EF, 0x00EF, 0x00EF, 0x00EF, 0x00EF, 0x00CE, 0x01D9,
  0x01BC, 0x01BB, 0x01BB, 0x01BB, 0x01BB, 0x01BB, 0x01BB, 0x01BB, 0x01BB, 0x01BB, 0x01BB, 0x01BB,
  0x01DB, 0x01DC, 0x01DC, 0x01DC, 0x01FC, 0x01FC, 0x023D, 0x029E, 0x021B, 0x0159, 0x01FB, 0x023D,
  0x021D, 0x021C, 0x021C, 0x01FC, 0x01FC, 0x01FC, 0x01DC, 0x01DB, 0x01DB, 0x01BA, 0x3259, 0x0015,
  0x9CF9, 0xF7BF, 0xF7DF, 0xF79E, 0xF7BE, 0xF7BE, 0xF7BE, 0xEF9E, 0xFFFF, 0xCE17, 0x4A08, 0x0029,
  0x214C, 0x216D, 0x216D, 0x000A, 0xDEDC, 0xFFFF, 0xFFDF, 0xF7DF, 0xFFDF, 0xFFDF, 0xF7BF, 0xFFFF,
  0xEF7D, 0x6B2C, 0x0005, 0x0007, 0x39EC, 0xEF5E, 0xFFDF, 0xFFDF, 0xFFDF, 0xFFDF, 0xFFDF, 0xFFDF,
  0xFFDF, 0xFFDF, 0xFFDF, 0xFFDF, 0xFFDF, 0xFFDF, 0xFFDF, 0xFFDF, 0xFFDF, 0xFFDF, 0xFFDF, 0xFFDF,
  0xFFDF, 0xFFDF, 0xFFDF, 0xFFFF, 0xFFFF, 0xA576, 0x0000, 0x2969, 0x0003, 0xB597, 0xFFFF, 0xF7BF,
  0xFFDF, 0xFFDF, 0xFFFF, 0xFFDF, 0xFFFF, 0xFFDF, 0x94B4, 0x0000, 0x31AA, 0x000A, 0x29AD, 0x0005,
  0x52CE, 0xEF5D, 0xFFFF, 0xF7DF, 0xFFFF, 0xFFFF, 0xFFFF, 0xFFDF, 0xFFFF, 0xC65A, 0x0005, 0x2128,
  0x0000, 0x8C93, 0xFFDF, 0xFFFF, 0xFFDF, 0xFFFF, 0xFFFF, 0xFFFF, 0xFFDF, 0xFFFF, 0xC639, 0x0000,
  0x10A4, 0x0000, 0x636E, 0xF7BE, 0xFFFF, 0xFFFF, 0xFFFF, 0xFFFF, 0xFFFF, 0xFFFF, 0xFFDF, 0xFFFF,
  0xB597, 0x0003, 0x0069, 0x08CA, 0x214A, 0x0000, 0xD69A, 0xFFFF, 0xFFFF, 0xFFFF, 0xFFFF, 0xFFFF,
  0xFFFF, 0xFFFF, 0xF7DF, 0x5B2D, 0x0000, 0x00A7, 0x0006, 0x0006, 0x0000, 0x39E9, 0xEF9E, 0xFFFF,
  0xFFFF, 0xFFFF, 0xFFFF, 0xFFFF, 0xFFFF, 0xFFFF, 0xCE79, 0x0000, 0x2148, 0x1928, 0x0002, 0x5ACD,
  0xEF5D, 0xFFFF, 0xFFDF, 0xFFFF, 0xFFFF, 0xFFFF, 0xFFFF, 0xFFFF, 0xFFFF, 0xFFFF, 0xFFFF, 0xFFFF,
  0xFFFF, 0xFFFF, 0xFFFF, 0xFFFF, 0xFFFF, 0xFFFF, 0xFFFF, 0xFFFF, 0xFFFF, 0xFFFF, 0xFFDF, 0xFFFF,
  0xEF7D, 0x6B6E, 0x0000, 0x422A, 0x0000, 0x632D, 0xEF7D, 0xFFFF, 0xFFFF, 0xFFFF, 0xFFFF, 0xFFFF,
  0xFFDF, 0xFFFF, 0x9CD3, 0x0000, 0x0000, 0x6B6D, 0xF79E, 0xFFFF, 0xFFFF, 0xFFFF, 0xFFFF, 0xFFFF,
  0xFFFF, 0xFFFF, 0xDEDB, 0x0000, 0x0000, 0x20C2, 0xE71C, 0xFFFF, 0xFFFF, 0xFFFF, 0xFFFF, 0xFFFF,
  0xFFFF, 0xFFFF, 0xCE79, 0x0000, 0x2147, 0x0002, 0x4229, 0xEF7D, 0xFFFF, 0xFFFF, 0xFFFF, 0xFFFF,
  0xFFFF, 0xFFFF, 0xFFFF, 0xB595, 0x0000, 0x0842, 0x734C, 0xF79E, 0xFFFF, 0xFFFF, 0xFFFF, 0xFFFF,
  0xFFFF, 0xFFFF, 0xFFFF, 0xCE79, 0x0000, 0x0000, 0x62AA, 0xEF3C, 0xFFFF, 0xFFDF, 0xFFFF, 0xFFFF,
  0xFFFF, 0xFFFF, 0xFFFF, 0xB5B6, 0x0000, 0x39E8, 0x0000, 0xA4B2, 0xFFDF, 0xFFFF, 0xFFDF, 0xFFFF,
  0xFFFF, 0xFFFF, 0xFFFF, 0xFFFF, 0xA4F3, 0x0000, 0x4082, 0x4000, 0x4124, 0x0000, 0x71A4, 0xEF3C,
  0xFFFF, 0xFFFF, 0xFFFF, 0xFFFF, 0xFFFF, 0xFFDF, 0xFFFF, 0xD69A, 0x3000, 0x38A1, 0x2800, 0x9B4B,
  0xFFBE, 0xFFFF, 0xFFFF, 0xFFFF, 0xFFFF, 0xFFFF, 0xFFFF, 0xFFBE, 0x734D, 0x2800, 0x20A1, 0x81A2,
  0xC1A0, 0xF71B, 0xFFFF, 0xFFFF, 0xFFFF, 0xFFFF, 0xFFFF, 0xFFFF, 0xFFFF, 0xFFFF, 0xFFFF, 0xFFFF,
  0xE71B, 0x8800, 0xB9E3, 0xD221, 0xEA60, 0xF260, 0xF260, 0xFA60, 0xFA60, 0xFA60, 0xFA60, 0xFA60,
  0xFA80, 0xFA80, 0xFA80, 0xFA80, 0xFAA0, 0xFAC0, 0xFAE0, 0xFAE0, 0xFAE0, 0xFAE0, 0xFAE0, 0xFB00,
  0xFB00, 0xFB20, 0xFB20, 0xFB20, 0xFB40, 0xFB40, 0xFB60, 0xFB80, 0xFB80, 0xFBC0, 0xFBC0, 0xFBE0,
  0xFC20, 0xFC60, 0xFC20, 0xFD21, 0xFF24, 0xFF82, 0xFF62, 0xFF83, 0xFF82, 0xFF82, 0xFF82, 0xFFA3,
  0xFF82, 0xFF82, 0xFF82, 0xFF83,
  0x00CE, 0x00CF, 0x00EF, 0x00EF, 0x00EF, 0x00EF, 0x00EF, 0x00EF, 0x00EF, 0x00CE, 0x0153, 0x01FC,
  0x019B, 0x01BB, 0x01BB, 0x01BB, 0x01BB, 0x01BB, 0x01BB, 0x01BB, 0x01BB, 0x01BB, 0x01BB, 0x01DB,
  0x01DC, 0x01DC, 0x01DC, 0x01FC, 0x01FC, 0x01FD, 0x027E, 0x025C, 0x0178, 0x01B9, 0x021C, 0x023D,
  0x01FC, 0x021C, 0x01FC, 0x01FC, 0x01FC, 0x01DC, 0x01DB, 0x01DB, 0x01DB, 0x09DA, 0x21F8, 0x0014,
  0xB5DA, 0xF7DF, 0xEF9E, 0xEF9E, 0xF79E, 0xF79E, 0xF79E, 0xF79E, 0xFFBE, 0xA4F2, 0x0000, 0x0007,
  0x000B, 0x000D, 0x000A, 0x8414, 0xF79E, 0xFFDF, 0xF7BF, 0xF7BF, 0xF7BF, 0xF7BF, 0xF79E, 0xFFFF,
  0xDEFB, 0x4228, 0x2127, 0x0000, 0xA556, 0xFFFF, 0xF7BF, 0xF7DF, 0xF7DF, 0xF7DF, 0xF7DF, 0xF7DF,
  0xFFDF, 0xFFDF, 0xFFDF, 0xFFDF, 0xFFDF, 0xFFDF, 0xFFDF, 0xFFDF, 0xFFDF, 0xFFDF, 0xF7DF, 0xF7DF,
  0xF7DF, 0xFFDF, 0xF7DF, 0xFFDF, 0xFFFF, 0xADB7, 0x0000, 0x1908, 0x0006, 0xCE7A, 0xFFFF, 0xF7BE,
  0xFFDF, 0xFFDF, 0xFFDF, 0xFFDF, 0xFFFF, 0xFFDF, 0xB597, 0x0000, 0x3189, 0x214B, 0x192C, 0x29AC,
  0xBDF8, 0xFFFF, 0xFFDF, 0xFFDF, 0xFFDF, 0xFFFF, 0xFFDF, 0xFFDF, 0xFFFF, 0xAD97, 0x0000, 0x31A9,
  0x0000, 0xAD55, 0xFFFF, 0xFFFF, 0xFFDF, 0xFFFF, 0xFFFF, 0xFFDF, 0xFFDF, 0xFFFF, 0xAD76, 0x0000,
  0x0044, 0x20E6, 0x0003, 0xDEFC, 0xFFFF, 0xFFFF, 0xFFFF, 0xFFFF, 0xFFFF, 0xFFFF, 0xFFDF, 0xFFFF,
  0xE71C, 0x1908, 0x0008, 0x10E9, 0x0088, 0x0047, 0xE73D, 0xFFFF, 0xFFFF, 0xFFFF, 0xFFFF, 0xFFFF,
  0xFFFF, 0xFFFF, 0xFFFF, 0x9CF4, 0x0003, 0x3A0A, 0x31AA, 0x3189, 0x39CA, 0xB5B7, 0xFFFF, 0xFFDF,
  0xFFFF, 0xFFFF, 0xFFFF, 0xFFFF, 0xFFFF, 0xFFFF, 0xBDD7, 0x0000, 0x31C9, 0x0007, 0x0000, 0xA515,
  0xFFFF, 0xFFDF, 0xFFFF, 0xFFFF, 0xFFFF, 0xFFFF, 0xFFFF, 0xFFFF, 0xFFFF, 0xFFFF, 0xFFFF, 0xFFFF,
  0xFFFF, 0xFFFF, 0xFFFF, 0xFFFF, 0xFFFF, 0xFFFF, 0xFFFF, 0xFFFF, 0xFFFF, 0xFFFF, 0xFFFF, 0xFFFF,
  0xF7BE, 0x8410, 0x0000, 0x422A, 0x0000, 0x8431, 0xF79E, 0xFFFF, 0xFFDF, 0xFFFF, 0xFFFF, 0xFFFF,
  0xFFFF, 0xFFFF, 0x8430, 0x0000, 0x0000, 0x4228, 0xEF5C, 0xFFFF, 0xFFFF, 0xFFFF, 0xFFFF, 0xFFFF,
  0xFFDF, 0xFFFF, 0x9CF3, 0x0000, 0x0000, 0x5269, 0xEF7D, 0xFFFF, 0xFFFF, 0xFFFF, 0xFFFF, 0xFFFF,
  0xFFFF, 0xFFFF, 0xBDD7, 0x0000, 0x2967, 0x0000, 0x6B4D, 0xFFDF, 0xFFFF, 0xFFFF, 0xFFFF, 0xFFFF,
  0xFFFF, 0xFFFF, 0xFFFF, 0xA513, 0x0000, 0x10C4, 0x5248, 0xE71C, 0xFFFF, 0xFFDF, 0xFFFF, 0xFFFF,
  0xFFFF, 0xFFFF, 0xFFDF, 0x9CD3, 0x0000, 0x0000, 0x736D, 0xF79D, 0xFFFF, 0xFFDF, 0xFFFF, 0xFFFF,
  0xFFFF, 0xFFFF, 0xFFDF, 0xA534, 0x0000, 0x3A09, 0x0000, 0xB534, 0xFFFF, 0xFFFF, 0xFFFF, 0xFFFF,
  0xFFFF, 0xFFFF, 0xFFDF, 0xFFFF, 0xD69A, 0x62AB, 0x51C7, 0x628A, 0x62AA, 0x4165, 0xC5B6, 0xFFDF,
  0xFFFF, 0xFFFF, 0xFFFF, 0xFFFF, 0xFFFF, 0xFFDF, 0xFFFF, 0xC638, 0x2000, 0x4123, 0x2800, 0xAC0E,
  0xFFDF, 0xFFFF, 0xFFFF, 0xFFFF, 0xFFFF, 0xFFFF, 0xFFFF, 0xF79D, 0x62AA, 0x3800, 0x40C1, 0x6184,
  0xB860, 0xE594, 0xFFFF, 0xFFFF, 0xFFFF, 0xFFFF, 0xFFFF, 0xFFFF, 0xFFFF, 0xFFFF, 0xFFFF, 0xFFFF,
  0xE6DB, 0x8000, 0xBA04, 0xD220, 0xE240, 0xF260, 0xF260, 0xFA60, 0xFA60, 0xFA60, 0xFA60, 0xFA60,
  0xFA80, 0xFA80, 0xFA80, 0xFA80, 0xFAC0, 0xFAE0, 0xFAE0, 0xFAE0, 0xFAE0, 0xFAE0, 0xFAE0, 0xFB00,
  0xFB00, 0xFB20, 0xFB20, 0xFB40, 0xFB40, 0xFB60, 0xFB80, 0xFB80, 0xFBC0, 0xFBE0, 0xFBE0, 0xFC20,
  0xFC60, 0xFC20, 0xFD42, 0xFF23, 0xFF82, 0xFF62, 0xFF62, 0xFF82, 0xFF82, 0xFF82, 0xFF82, 0xFF62,
  0xFF62, 0xFF82, 0xFF82, 0xFFA3,
  0x00CE, 0x00CE, 0x00CF, 0x00EE, 0x00EF, 0x00EF, 0x00EF, 0x00EF, 0x00EF, 0x00CE, 0x01D8, 0x01BC,
  0x019A, 0x01BB, 0x01BB, 0x01BB, 0x01BB, 0x01BB, 0x01BB, 0x01BB, 0x01BB, 0x01BB, 0x01DB, 0x01DB,
  0x01DC, 0x01DC, 0x01DC, 0x01FC, 0x01FC, 0x023D, 0x025D, 0x01B9, 0x0178, 0x01FA, 0x023D, 0x01FD,
  0x021C, 0x021C, 0x01FC, 0x01FC, 0x01DC, 0x01DB, 0x01DB, 0x01DB, 0x01BB, 0x21F9, 0x0117, 0x00F4,
  0xCE7B, 0xF7BF, 0xEF7E, 0xEF9E, 0xEF9E, 0xEF7E, 0xEF9E, 0xEF9E, 0xF7BE, 0xE6FB, 0xCE7A, 0xCE7A,
  0xD69B, 0xD69B, 0xD6BC, 0xEF9E, 0xF7BE, 0xF7BE, 0xF7BE, 0xF7BE, 0xF7BE, 0xF7BE, 0xF79E, 0xFFFF,
  0xCE38, 0x2104, 0x0006, 0x0007, 0xE71C, 0xF7DF, 0xF7BE, 0xF7BE, 0xF7BE, 0xF7BE, 0xF7BE, 0xF7BF,
  0xF7BE, 0xF79D, 0xF79D, 0xF79E, 0xF79E, 0xEF7D, 0xEF7D, 0xEF7D, 0xEF7E, 0xF7BF, 0xF7BE, 0xF7BE,
  0xF7BE, 0xF7BE, 0xF7BE, 0xF7DF, 0xFFFF, 0xB5D8, 0x0000, 0x0067, 0x39CA, 0xE6FC, 0xFFFF, 0xF7BE,
  0xF7DF, 0xF7BF, 0xF7BF, 0xF7DF, 0xF7DF, 0xFFDF, 0xF7BE, 0xE75D, 0xE71C, 0xE73D, 0xE73D, 0xF79E,
  0xFFFF, 0xFFDF, 0xFFDF, 0xFFDF, 0xFFDF, 0xFFDF, 0xF7DF, 0xFFFF, 0xFFDF, 0x94F4, 0x0000, 0x2988,
  0x0000, 0xC618, 0xFFFF, 0xFFDF, 0xFFDF, 0xFFDF, 0xFFDF, 0xFFDF, 0xFFDF, 0xFFFF, 0x8CB3, 0x0000,
  0x0025, 0x39C9, 0x0000, 0xB5B7, 0xFFFF, 0xFFFF, 0xFFDF, 0xFFDF, 0xFFDF, 0xFFDF, 0xFFDF, 0xFFDF,
  0xFFFF, 0x7BD0, 0x0002, 0x1908, 0x0006, 0x420A, 0xEF7E, 0xFFFF, 0xFFDF, 0xFFDF, 0xFFFF, 0xFFFF,
  0xFFDF, 0xFFDF, 0xFFFF, 0xFFDF, 0xEF7D, 0xEF7D, 0xEF7D, 0xEF5D, 0xF79E, 0xFFFF, 0xFFFF, 0xFFDF,
  0xFFDF, 0xFFFF, 0xFFFF, 0xFFDF, 0xFFFF, 0xFFFF, 0xA555, 0x0000, 0x3A0A, 0x0002, 0x2148, 0xDEDB,
  0xFFFF, 0xFFDF, 0xFFFF, 0xFFFF, 0xFFFF, 0xFFFF, 0xFFFF, 0xF7BE, 0xE71C, 0xE71C, 0xE71C, 0xE71C,
  0xE71C, 0xE71B, 0xE71B, 0xE6FB, 0xEF7D, 0xFFFF, 0xFFFF, 0xFFFF, 0xFFFF, 0xFFFF, 0xFFFF, 0xFFFF,
  0xFFDF, 0x94B3, 0x0000, 0x420A, 0x0000, 0x9CD3, 0xF7BF, 0xFFFF, 0xFFDF, 0xFFFF, 0xFFFF, 0xFFDF,
  0xFFFF, 0xFFDE, 0x738E, 0x0000, 0x18E5, 0x0000, 0xDEDB, 0xFFFF, 0xFFFF, 0xFFFF, 0xFFFF, 0xFFDF,
  0xFFFF, 0xEF7D, 0x4208, 0x0000, 0x0000, 0x736D, 0xF7BE, 0xFFFF, 0xFFFF, 0xFFFF, 0xFFFF, 0xFFFF,
  0xFFDF, 0xFFFF, 0xAD75, 0x0000, 0x2967, 0x0000, 0x83EF, 0xFFFF, 0xFFFF, 0xFFFF, 0xFFFF, 0xFFFF,
  0xFFFF, 0xFFFF, 0xF7BE, 0x8C50, 0x0000, 0x10C4, 0x3102, 0xDEBA, 0xFFFF, 0xFFDE, 0xFFFF, 0xFFFF,
  0xFFDF, 0xFFFF, 0xE73C, 0x4A48, 0x0000, 0x0000, 0x83EF, 0xF7BE, 0xFFFF, 0xFFDF, 0xFFFF, 0xFFFF,
  0xFFDF, 0xFFFF, 0xFFDF, 0x9CD3, 0x0000, 0x39E8, 0x0000, 0xBDB6, 0xFFFF, 0xFFFF, 0xFFFF, 0xFFFF,
  0xFFFF, 0xFFFF, 0xFFFF, 0xFFFF, 0xFFFF, 0xF7BE, 0xF79D, 0xF79E, 0xF79E, 0xF7BE, 0xFFFF, 0xFFFF,
  0xFFFF, 0xFFFF, 0xFFFF, 0xFFFF, 0xFFFF, 0xFFDF, 0xFFFF, 0xBDD7, 0x1800, 0x4165, 0x3000, 0xB491,
  0xFFFF, 0xFFFF, 0xFFDF, 0xFFFF, 0xFFFF, 0xFFDF, 0xFFFF, 0xEF5D, 0x59E6, 0x5000, 0x5900, 0x30C2,
  0xA9A0, 0xDB8A, 0xFFBE, 0xFFFF, 0xFFFF, 0xFFFF, 0xFFFF, 0xFFFF, 0xFFFF, 0xFFDF, 0xFFDF, 0xFFFF,
  0xDEBA, 0x8000, 0xBA25, 0xD200, 0xE240, 0xF260, 0xF260, 0xF260, 0xF260, 0xFA60, 0xFA60, 0xFA80,
  0xFA80, 0xFA80, 0xFA80, 0xFAC0, 0xFAE0, 0xFAE0, 0xFAE0, 0xFAE0, 0xFAE0, 0xFAE0, 0xFAE0, 0xFB00,
  0xFB20, 0xFB20, 0xFB20, 0xFB40, 0xFB60, 0xFB80, 0xFBA0, 0xFBC0, 0xFBE0, 0xFBE0, 0xFC20, 0xFC60,
  0xFC20, 0xFDA2, 0xFF43, 0xFF61, 0xFF62, 0xFF62, 0xFF82, 0xFF82, 0xFF82, 0xFF82, 0xFF41, 0xFF41,
  0xFF62, 0xFF82, 0xFF82, 0xFFA4,
  0x00EE, 0x00CE, 0x00CE, 0x00CE, 0x00CE, 0x00EE, 0x00EF, 0x00EF, 0x00EE, 0x0152, 0x01FC, 0x019B,
  0x01BB, 0x01BB, 0x01BB, 0x01BB, 0x01BB, 0x01BB, 0x01BB, 0x01BB, 0x01BB, 0x01BB, 0x01DB, 0x01DC,
  0x01DC, 0x01DC, 0x01FC, 0x01FC, 0x021D, 0x023D, 0x01DA, 0x0178, 0x01B9, 0x021C, 0x021D, 0x01FC,
  0x01FC, 0x01FC, 0x01FC, 0x01DC, 0x01DB, 0x01DB, 0x01DB, 0x01DB, 0x01BA, 0x2A39, 0x0016, 0x4AD5,
  0xDEDD, 0xF7BE, 0xE75D, 0xEF7E, 0xEF7E, 0xEF7E, 0xEF7E, 0xEF7E, 0xEF9E, 0xF7BF, 0xF7DF, 0xF7DF,
  0xF7DF, 0xF7DF, 0xF7DF, 0xF79E, 0xEF9E, 0xF79E, 0xF79E, 0xF7BE, 0xF7BE, 0xF7BE, 0xEF9E, 0xFFFF,
  0xB574, 0x3145, 0x0000, 0x8C73, 0xF7DF, 0xF7BE, 0xF7BE, 0xF7BE, 0xF7BE, 0xF7BE, 0xF79E, 0xF7DF,
  0x9D14, 0x5268, 0x6B4C, 0x6B6D, 0x6B8F, 0x5B70, 0x4B50, 0x328F, 0x6BB1, 0xF79E, 0xF7BE, 0xF7BE,
  0xF7BE, 0xF7BE, 0xF7BE, 0xF7BE, 0xFFDF, 0xBE18, 0x0000, 0x0005, 0x528C, 0xEF5D, 0xFFDF, 0xF79E,
  0xF7BE, 0xF7BE, 0xF7BE, 0xF7BE, 0xF7BE, 0xF7BE, 0xF7BE, 0xFFDF, 0xFFDF, 0xFFDF, 0xFFDF, 0xFFDF,
  0xF7BE, 0xF7DF, 0xFFDF, 0xF7BF, 0xF7BF, 0xFFDF, 0xF7BE, 0xFFFF, 0xF79E, 0x7BF0, 0x0000, 0x10A6,
  0x0006, 0xD6BB, 0xFFFF, 0xF7BE, 0xF7DF, 0xF7DF, 0xF7DF, 0xF7BE, 0xFFDF, 0xF7BF, 0x73F0, 0x0000,
  0x10A6, 0x31A8, 0x0000, 0x73D0, 0xF7BE, 0xFFFF, 0xF7DF, 0xFFDF, 0xFFDF, 0xFFDF, 0xFFDF, 0xF7BE,
  0xFFFF, 0xBDD7, 0x0000, 0x10E7, 0x0003, 0x4A6B, 0xEF5D, 0xF7DF, 0xF7DF, 0xFFDF, 0xFFDF, 0xFFDF,
  0xFFDF, 0xFFDF, 0xFFDF, 0xFFDF, 0xFFFF, 0xFFFF, 0xFFFF, 0xFFFF, 0xFFFF, 0xFFDF, 0xFFDF, 0xFFDF,
  0xFFDF, 0xFFDF, 0xFFDF, 0xFFDF, 0xFFFF, 0xFFDF, 0x8C51, 0x0000, 0x39C9, 0x0000, 0x7BF0, 0xFFDF,
  0xFFFF, 0xFFDF, 0xFFFF, 0xFFFF, 0xFFFF, 0xFFFF, 0xFFFF, 0xBDD7, 0x0000, 0x01CB, 0x018B, 0x01CB,
  0x11EB, 0x29C9, 0x41C6, 0x0000, 0xA534, 0xFFFF, 0xFFFF, 0xFFDF, 0xFFFF, 0xFFFF, 0xFFFF, 0xFFFF,
  0xFFFF, 0xA535, 0x0000, 0x31C8, 0x0000, 0xAD96, 0xFFFF, 0xFFFF, 0xFFDF, 0xFFFF, 0xFFFF, 0xFFDF,
  0xFFFF, 0xEF7D, 0x52CB, 0x0000, 0x31A7, 0x0000, 0xCE59, 0xFFFF, 0xFFFF, 0xFFDF, 0xFFFF, 0xF7BE,
  0xFFFF, 0xC618, 0x0000, 0x2125, 0x0000, 0x8C30, 0xFFDF, 0xFFFF, 0xFFFF, 0xFFFF, 0xFFDF, 0xFFDF,
  0xFFDF, 0xFFFF, 0x9492, 0x0000, 0x2967, 0x0000, 0x9CB2, 0xFFFF, 0xFFDF, 0xFFDF, 0xFFDF, 0xFFDF,
  0xFFDF, 0xFFFF, 0xF79E, 0x6B6D, 0x0000, 0x18E5, 0x1000, 0xC617, 0xFFFF, 0xFFDE, 0xFFFF, 0xFFFF,
  0xFFFF, 0xFFFF, 0xC618, 0x0000, 0x31A7, 0x0000, 0x9C91, 0xFFDF, 0xFFFF, 0xFFDF, 0xFFFF, 0xFFFF,
  0xFFDF, 0xFFFF, 0xF7BE, 0x8C51, 0x0000, 0x31E8, 0x0000, 0xC5B6, 0xFFFF, 0xFFFF, 0xFFFF, 0xFFFF,
  0xFFFF, 0xFFFF, 0xFFFF, 0xFFFF, 0xFFFF, 0xFFFF, 0xFFFF, 0xFFFF, 0xFFFF, 0xFFFF, 0xFFFF, 0xFFFF,
  0xFFFF, 0xFFFF, 0xFFFF, 0xFFFF, 0xFFFF, 0xFFDF, 0xFFFF, 0xAD34, 0x0000, 0x4186, 0x3800, 0xC513,
  0xFFFF, 0xFFFF, 0xFFFF, 0xFFFF, 0xFFDF, 0xFFDE, 0xFFFF, 0xEF3C, 0x5964, 0x58C0, 0x6120, 0x3060,
  0x91E3, 0xD9C0, 0xF6DA, 0xFFFF, 0xFFDE, 0xFFFF, 0xFFDE, 0xFFDE, 0xFFDE, 0xFFDE, 0xFFDE, 0xFFFF,
  0xD658, 0x8000, 0xBA45, 0xD200, 0xE240, 0xF240, 0xF260, 0xF260, 0xF260, 0xFA60, 0xFA60, 0xFA80,
  0xFA80, 0xFA80, 0xFAA0, 0xFAE0, 0xFAE0, 0xFAE0, 0xFAE0, 0xFAE0, 0xFAE0, 0xFB00, 0xFB00, 0xFB00,
  0xFB20, 0xFB20, 0xFB40, 0xFB60, 0xFB80, 0xFBA0, 0xFBC0, 0xFBE0, 0xFBE0, 0xFC20, 0xFC40, 0xFC20,
  0xFDC2, 0xFF62, 0xFF61, 0xFF41, 0xFF82, 0xFF62, 0xFF82, 0xFF82, 0xFF62, 0xFF21, 0xFF21, 0xFF41,
  0xFF62, 0xFF82, 0xFF83, 0xFFA7,
  0x00EE, 0x00EE, 0x00CE, 0x00CE, 0x00CE, 0x00EE, 0x00EF, 0x00EF, 0x00EE, 0x01D8, 0x01BC, 0x019A,
  0x01BB, 0x01BB, 0x01BB, 0x01BB, 0x01BB, 0x01BB, 0x01BB, 0x01BB, 0x01BB, 0x01BB, 0x01DB, 0x01DC,
  0x01DC, 0x01FC, 0x01FC, 0x01FD, 0x023D, 0x01DB, 0x0178, 0x0198, 0x01DA, 0x021D, 0x01FC, 0x01FC,
  0x01FC, 0x01FC, 0x01FC, 0x01DC, 0x01DB, 0x01DB, 0x01DB, 0x01DB, 0x019A, 0x3239, 0x0015, 0x73F7,
  0xE73D, 0xEF9E, 0xE75D, 0xEF5D, 0xEF5D, 0xEF7D, 0xEF7E, 0xEF7E, 0xEF7E, 0xEF7E, 0xEF7D, 0xEF7E,
  0xEF7E, 0xEF7E, 0xEF9E, 0xEF9E, 0xEF9E, 0xEF9E, 0xEF9E, 0xEF9E, 0xF79E, 0xEF9E, 0xF7BE, 0xEF7D,
  0x8C0E, 0x2945, 0x0000, 0xD69A, 0xF7BF, 0xF79E, 0xF79E, 0xF79E, 0xF79E, 0xF79E, 0xF7BE, 0xE75D,
  0x228E, 0x0022, 0x2946, 0x2187, 0x21A8, 0x19CA, 0x01AA, 0x0007, 0x52CD, 0xEF7D, 0xF7BE, 0xF79E,
  0xF79E, 0xF79E, 0xEF9E, 0xF79E, 0xF7DF, 0xC639, 0x0000, 0x0005, 0x420A, 0xDEFC, 0xF7DF, 0xEF9E,
  0xF7BE, 0xF79E, 0xF7BE, 0xF7BE, 0xF7BE, 0xF7BE, 0xF7BE, 0xF79E, 0xF79E, 0xF79E, 0xF7BE, 0xF7BE,
  0xF7BE, 0xF7BE, 0xF7BE, 0xF7BE, 0xF7BE, 0xF7BE, 0xF79E, 0xFFFF, 0xD6DB, 0x29C9, 0x0004, 0x0000,
  0x4A6B, 0xE71C, 0xFFFF, 0xF79E, 0xF7BE, 0xF7BE, 0xF7BE, 0xF79E, 0xFFDF, 0xE75D, 0x530D, 0x0000,
  0x2107, 0x10E7, 0x0803, 0x0006, 0xDEFC, 0xFFDF, 0xF7BE, 0xF7BE, 0xF7BE, 0xF7BE, 0xF7BE, 0xF7BE,
  0xFFFF, 0xE73C, 0x2128, 0x0006, 0x0005, 0x2987, 0xE73D, 0xF7BE, 0xF7BE, 0xFFDF, 0xFFDF, 0xFFDF,
  0xFFDF, 0xFFDF, 0xFFDF, 0xFFDF, 0xF7BE, 0xF7DF, 0xF7DE, 0xF7DE, 0xFFDF, 0xFFDF, 0xFFDF, 0xFFDF,
  0xFFDF, 0xFFDF, 0xFFDF, 0xF7DF, 0xFFFF, 0xEF5C, 0x41A6, 0x0004, 0x0025, 0x0000, 0xBDF8, 0xFFFF,
  0xF7BE, 0xFFDF, 0xFFDF, 0xFFDF, 0xFFDF, 0xFFFF, 0xF79E, 0x8410, 0x0000, 0x422A, 0x1947, 0x2188,
  0x2188, 0x2987, 0x39E7, 0x0000, 0xA514, 0xFFFF, 0xFFFF, 0xFFDF, 0xFFDF, 0xFFFF, 0xFFDF, 0xFFDF,
  0xFFFF, 0xB5B7, 0x0000, 0x2126, 0x0000, 0xBDF8, 0xFFFF, 0xFFDF, 0xFFDF, 0xFFDF, 0xFFFF, 0xF7BE,
  0xFFFF, 0xE73C, 0x4208, 0x0000, 0x39E8, 0x0000, 0xB5B6, 0xFFFF, 0xFFDF, 0xFFDF, 0xFFDF, 0xF7BE,
  0xFFDF, 0x7BCF, 0x0000, 0x2966, 0x0000, 0xA4F3, 0xFFFF, 0xFFDF, 0xFFDF, 0xFFDF, 0xFFDF, 0xFFDF,
  0xFFDF, 0xFFFF, 0x7BEF, 0x0000, 0x2947, 0x0000, 0xAD55, 0xFFFF, 0xFFDE, 0xFFDF, 0xFFDF, 0xFFDF,
  0xFFDF, 0xFFFF, 0xEF7D, 0x52AA, 0x0000, 0x18E5, 0x0000, 0xB554, 0xFFFF, 0xFFBE, 0xFFDF, 0xFFDF,
  0xFFFF, 0xF79E, 0x840F, 0x0000, 0x31C7, 0x0000, 0xAD14, 0xFFFF, 0xFFDF, 0xFFDF, 0xFFDF, 0xFFDF,
  0xFFBE, 0xFFFF, 0xF79E, 0x7BCF, 0x0000, 0x3A29, 0x0000, 0xBD13, 0xFFDF, 0xFFFF, 0xFFDF, 0xFFFF,
  0xFFFF, 0xFFFF, 0xFFFF, 0xFFFF, 0xFFFF, 0xFFFF, 0xFFDF, 0xFFFF, 0xFFFF, 0xFFFF, 0xFFFF, 0xFFFF,
  0xFFFF, 0xFFFF, 0xFFFF, 0xFFFF, 0xFFDF, 0xFFFF, 0xFFDF, 0x7BAE, 0x1000, 0x49C7, 0x3800, 0xCD95,
  0xFFFF, 0xFFFF, 0xFFDE, 0xFFDF, 0xFFDF, 0xFFDE, 0xFFFF, 0xE71B, 0x5820, 0x6920, 0x6920, 0x58C0,
  0x6183, 0xD9A0, 0xF533, 0xFFFF, 0xFFDE, 0xFFDE, 0xFFDE, 0xFFDE, 0xFFDE, 0xFFDE, 0xFFDE, 0xFFFF,
  0xCE17, 0x8000, 0xC246, 0xD9E0, 0xE220, 0xF240, 0xF240, 0xF240, 0xF260, 0xFA60, 0xFA80, 0xFA80,
  0xFA80, 0xFAA0, 0xFAC0, 0xFAE0, 0xFAE0, 0xFAE0, 0xFAE0, 0xFAE0, 0xFAE0, 0xFB00, 0xFB00, 0xFB00,
  0xFB20, 0xFB40, 0xFB60, 0xFB80, 0xFBA0, 0xFBC0, 0xFBE0, 0xFBE0, 0xFC20, 0xFC40, 0xFC20, 0xFDE1,
  0xFF62, 0xFF61, 0xFF41, 0xFF62, 0xFF62, 0xFF82, 0xFF82, 0xFF42, 0xFF00, 0xFF20, 0xFF41, 0xFF41,
  0xFF62, 0xFF83, 0xFFA5, 0xFFA9,
  0x00CE, 0x00EF, 0x00CE, 0x00CE, 0x00CE, 0x00EF, 0x00EF, 0x00CE, 0x0152, 0x021C, 0x019B, 0x01BB,
  0x01BB, 0x01BB, 0x01BB, 0x01BB, 0x01BB, 0x01BB, 0x01BB, 0x01BB, 0x01BB, 0x01DB, 0x01DC, 0x01DC,
  0x01DC, 0x01FC, 0x01FC, 0x021D, 0x01FC, 0x0178, 0x0178, 0x0199, 0x01FC, 0x01FD, 0x01FC, 0x01FC,
  0x01FC, 0x01FC, 0x01DC, 0x01DB, 0x01DB, 0x01DB, 0x01DB, 0x01DB, 0x019A, 0x2A39, 0x0014, 0x94D8,
  0xE75D, 0xE75D, 0xE73D, 0xE75D, 0xE75D, 0xEF5D, 0xEF5D, 0xEF5D, 0xEF7D, 0xEF7D, 0xEF7E, 0xEF7E,
  0xEF7E, 0xEF7E, 0xEF7E, 0xEF7E, 0xEF7E, 0xEF7E, 0xEF7E, 0xEF7E, 0xEF7D, 0xEF7D, 0xFFDF, 0xAD95,
  0x52CB, 0x0000, 0x6B4E, 0xEF5D, 0xEF7D, 0xEF7D, 0xEF9E, 0xEF9E, 0xEF9E, 0xEF7E, 0xFFDF, 0xBE19,
  0x012C, 0x20C2, 0x0003, 0x0002, 0x0001, 0x0000, 0x0800, 0x0000, 0x528A, 0xEF5D, 0xF79E, 0xEF7E,
  0xEF9E, 0xEF7E, 0xEF7E, 0xEF9E, 0xF7BE, 0xC65A, 0x0000, 0x1087, 0x0005, 0xCE59, 0xFFFF, 0xEF5D,
  0xF79E, 0xF79E, 0xF79E, 0xF79E, 0xF79E, 0xF79E, 0xF79E, 0xF79E, 0xF79E, 0xF79E, 0xF79E, 0xF79E,
  0xF7BE, 0xF7BE, 0xF7BE, 0xF7BE, 0xF7BE, 0xEF9E, 0xFFDF, 0xF79E, 0x94B3, 0x0000, 0x41E8, 0x0000,
  0x738F, 0xE73D, 0xF7BE, 0xF79E, 0xF7BE, 0xF7BE, 0xF7BE, 0xEF7D, 0xFFFF, 0xD6DB, 0x29C9, 0x0000,
  0x2128, 0x0007, 0x31A8, 0x0000, 0xB5D8, 0xF7BF, 0xF79E, 0xF79E, 0xF7BE, 0xF7BE, 0xF7BE, 0xF7BE,
  0xF79E, 0xF7BE, 0x7BD0, 0x0000, 0x2947, 0x0000, 0xCE7A, 0xFFFF, 0xF7BE, 0xF7BE, 0xF7BE, 0xF7BE,
  0xF7BE, 0xF7BE, 0xF7BE, 0xF7BE, 0xF7BE, 0xF7BE, 0xF7BE, 0xF7BE, 0xF7BE, 0xF7BE, 0xF7BE, 0xF7BE,
  0xF7BE, 0xF7BE, 0xF7BE, 0xFFDF, 0xFFFF, 0xB554, 0x0000, 0x31C8, 0x0000, 0x528B, 0xEF5D, 0xFFFF,
  0xF7BE, 0xFFDF, 0xFFDF, 0xFFDF, 0xF7BE, 0xFFFF, 0xDEDB, 0x1840, 0x0000, 0x20E4, 0x0000, 0x0000,
  0x0000, 0x0000, 0x2105, 0x0000, 0x94D4, 0xFFDF, 0xFFDF, 0xF7BE, 0xFFDF, 0xFFDF, 0xFFDF, 0xF7BE,
  0xFFFF, 0xC618, 0x0000, 0x0002, 0x0000, 0xCE59, 0xFFFF, 0xF7BE, 0xFFDE, 0xFFDF, 0xFFDF, 0xF7BE,
  0xFFFF, 0xD6BA, 0x10C5, 0x0000, 0x39E8, 0x0000, 0x9CF3, 0xF7BE, 0xF7BE, 0xF7BE, 0xF79E, 0xFFDF,
  0xDEDB, 0x0801, 0x0000, 0x3187, 0x0000, 0xBDB6, 0xFFFF, 0xFFDF, 0xFFDF, 0xFFDF, 0xFFDE, 0xFFDE,
  0xFFDF, 0xF7BE, 0x630C, 0x0000, 0x2106, 0x0000, 0xC617, 0xFFFF, 0xF7BE, 0xFFDF, 0xFFDF, 0xFFDF,
  0xFFDF, 0xFFFF, 0xEF5C, 0x2105, 0x0003, 0x18E5, 0x0000, 0x9C91, 0xFFDF, 0xF7BE, 0xF7BE, 0xF7BE,
  0xFFFF, 0xDEDB, 0x0000, 0x18A3, 0x0884, 0x0000, 0xBD95, 0xFFFF, 0xFFBE, 0xFFDE, 0xFFDE, 0xFFDF,
  0xF7BE, 0xFFFF, 0xEF5D, 0x6B4D, 0x0000, 0x3A29, 0x3000, 0xA38B, 0xF75C, 0xFFFF, 0xFFBE, 0xFFDF,
  0xFFDF, 0xFFDF, 0xFFDF, 0xFFDF, 0xFFDF, 0xFFDF, 0xFFDF, 0xFFFF, 0xFFFF, 0xFFFF, 0xFFFF, 0xFFFF,
  0xFFFF, 0xFFDF, 0xFFDF, 0xFFFF, 0xFFDE, 0xFFFF, 0xCE79, 0x2000, 0x3800, 0x49E7, 0x4000, 0xD5F6,
  0xFFFF, 0xFFDE, 0xFFDE, 0xFFDE, 0xFFDE, 0xFFDE, 0xFFFF, 0xDE99, 0x5800, 0x7941, 0x7120, 0x6900,
  0x38A1, 0xC220, 0xF368, 0xFF9D, 0xFFDE, 0xFFDE, 0xFFDE, 0xFFDE, 0xFFDE, 0xFFDE, 0xFFDE, 0xFFDF,
  0xCDB6, 0x8800, 0xC266, 0xD9E0, 0xEA20, 0xF240, 0xF240, 0xF240, 0xFA60, 0xFA60, 0xFA60, 0xFA80,
  0xFAA0, 0xFAC0, 0xFAE0, 0xFAE0, 0xFAE0, 0xFAE0, 0xFAE0, 0xFAE0, 0xFB00, 0xFB00, 0xFB00, 0xFB20,
  0xFB40, 0xFB60, 0xFB80, 0xFBA0, 0xFBC0, 0xFBE0, 0xFBE0, 0xFC20, 0xFC40, 0xFC40, 0xFE22, 0xFF62,
  0xFF61, 0xFF41, 0xFF61, 0xFF61, 0xFF82, 0xFF82, 0xFF21, 0xFEE0, 0xFEE0, 0xFF20, 0xFF20, 0xFF41,
  0xFF62, 0xFF86, 0xFFC5, 0xFFD5,
  0x00CF, 0x00CF, 0x00CE, 0x00CE, 0x00CE, 0x00EF, 0x00EF, 0x00CD, 0x01D8, 0x01DC, 0x019A, 0x01BB,
  0x01BB, 0x01BB, 0x01BB, 0x01BB, 0x01BB, 0x01BB, 0x01BB, 0x01BB, 0x01BB, 0x01DB, 0x01DC, 0x01DC,
  0x01DC, 0x01FC, 0x01FD, 0x021C, 0x0199, 0x0177, 0x0177, 0x01DA, 0x01FD, 0x01DC, 0x01FC, 0x01FC,
  0x01DC, 0x01DB, 0x01DB, 0x01DB, 0x01DB, 0x01DB, 0x01DB, 0x01BA, 0x09BA, 0x19D8, 0x0014, 0xAD99,
  0xEF7E, 0xE73D, 0xE73D, 0xE73D, 0xE75D, 0xE75D, 0xE75D, 0xE75D, 0xE75D, 0xE75D, 0xEF5D, 0xEF5D,
  0xEF5D, 0xE75D, 0xEF5D, 0xEF5D, 0xEF7D, 0xEF7D, 0xEF5D, 0xE75D, 0xEF7E, 0xFFDF, 0xC5F7, 0x5B4D,
  0x4A8B, 0x0000, 0xBDD7, 0xEF7E, 0xE75D, 0xEF5D, 0xEF5D, 0xEF7D, 0xEF5D, 0xEF5D, 0xF79E, 0x6C34,
  0x00A8, 0x1001, 0x0085, 0x0065, 0x0065, 0x0086, 0x0886, 0x0002, 0x4A4A, 0xE73C, 0xEF7D, 0xEF5D,
  0xEF7D, 0xEF7D, 0xEF7D, 0xEF7D, 0xF79E, 0xC67A, 0x0000, 0x2949, 0x0002, 0x7BF0, 0xF7BE, 0xF7BE,
  0xEF7D, 0xEF7E, 0xEF9E, 0xEF9E, 0xEF9E, 0xEF9E, 0xEF9E, 0xEF9E, 0xF79E, 0xF79E, 0xF79E, 0xF79E,
  0xF79E, 0xF79E, 0xF79E, 0xF79E, 0xEF9E, 0xF7DF, 0xFFDE, 0xA576, 0x010A, 0x1106, 0x3188, 0x0000,
  0x9492, 0xEF7D, 0xEF9E, 0xEF7D, 0xF79E, 0xF79E, 0xF79E, 0xEF7D, 0xFFDF, 0xBE19, 0x0005, 0x0000,
  0x1908, 0x0006, 0x31A9, 0x0000, 0x7C52, 0xF7BE, 0xF7BE, 0xEF7D, 0xF79E, 0xF79E, 0xF79E, 0xF79E,
  0xEF7D, 0xF7BF, 0xB5B6, 0x0000, 0x1927, 0x0000, 0x6BB0, 0xF7BF, 0xFFFF, 0xF7BE, 0xF79E, 0xF79E,
  0xF79E, 0xF79E, 0xF79E, 0xF79E, 0xF79E, 0xF7BE, 0xF7BE, 0xF79E, 0xF7BE, 0xF7BE, 0xF7BE, 0xF7BE,
  0xF7BE, 0xF7BE, 0xFFDF, 0xFFFF, 0xD638, 0x48C0, 0x00E5, 0x1064, 0x0000, 0x94B3, 0xFFDF, 0xF79E,
  0xF7BE, 0xF7BE, 0xF7BE, 0xF7BE, 0xF7BE, 0xF7DE, 0xB596, 0x0000, 0x2987, 0x0023, 0x0044, 0x0044,
  0x0044, 0x0024, 0x2966, 0x0000, 0x8451, 0xEF9E, 0xFFDE, 0xF7BE, 0xF7BE, 0xF7BE, 0xFFDE, 0xF79E,
  0xFFFF, 0xCE59, 0x1905, 0x0000, 0x2126, 0xD6DB, 0xFFFF, 0xF7BE, 0xF7BE, 0xF7BE, 0xF7BE, 0xF79E,
  0xFFFF, 0xC638, 0x0000, 0x0000, 0x31C8, 0x0000, 0x8431, 0xF7BE, 0xFFDF, 0xF7BE, 0xF7BE, 0xFFFF,
  0xAD34, 0x0000, 0x0025, 0x2988, 0x0000, 0xCE38, 0xFFFF, 0xF7BE, 0xF7BE, 0xF7BE, 0xF7BE, 0xF7BE,
  0xFFDF, 0xEF7D, 0x39E8, 0x0002, 0x10C6, 0x0000, 0xD69A, 0xFFFF, 0xF7BE, 0xFFDE, 0xFFDE, 0xFFDE,
  0xFFDE, 0xFFFF, 0xE6FB, 0x0000, 0x18E5, 0x18E5, 0x0000, 0x8BEE, 0xFFBE, 0xFFDF, 0xF7BE, 0xFFDF,
  0xFFFF, 0xAD75, 0x0000, 0x4209, 0x0000, 0x2800, 0xCE38, 0xFFFF, 0xF7BE, 0xFFBE, 0xF7BE, 0xF7BE,
  0xF79E, 0xFFFF, 0xDEFB, 0x4A6A, 0x0000, 0x3187, 0x2966, 0xA9C0, 0xF592, 0xFFDE, 0xFFFF, 0xFFBE,
  0xFFDE, 0xFFDE, 0xFFDE, 0xFFDF, 0xFFDF, 0xFFDF, 0xFFDF, 0xFFDE, 0xFFDE, 0xFFDE, 0xFFDE, 0xFFDE,
  0xFFDE, 0xFFDE, 0xFFDE, 0xFFFF, 0xFFFF, 0xFF5C, 0x7AC9, 0x2000, 0x5123, 0x49A6, 0x5800, 0xDE58,
  0xFFFF, 0xFFDE, 0xFFBE, 0xFFBE, 0xFFDE, 0xFFBE, 0xFFFF, 0xD659, 0x6000, 0x7962, 0x7940, 0x7100,
  0x4040, 0x9223, 0xFA40, 0xFE99, 0xFFFF, 0xFFBD, 0xFFBE, 0xFFBE, 0xFFDE, 0xFFBE, 0xFFDE, 0xFFDE,
  0xC554, 0x8800, 0xC266, 0xD9E0, 0xEA20, 0xF240, 0xF240, 0xF260, 0xFA60, 0xFA60, 0xFA80, 0xFA80,
  0xFAA0, 0xFAE0, 0xFAE0, 0xFAE0, 0xFAE0, 0xFAE0, 0xFAE0, 0xFAE0, 0xFB00, 0xFB00, 0xFB20, 0xFB40,
  0xFB60, 0xFB80, 0xFBA0, 0xFBC0, 0xFBE0, 0xFBE0, 0xFC20, 0xFC20, 0xFC60, 0xFE61, 0xFF61, 0xFF40,
  0xFF41, 0xFF61, 0xFF61, 0xFF81, 0xFF61, 0xFF00, 0xFEC0, 0xFEE0, 0xFF00, 0xFF20, 0xFF21, 0xFF40,
  0xFF86, 0xFFA4, 0xFFD1, 0xFFFD,
  0x00CE, 0x00CE, 0x00CF, 0x00CE, 0x00EE, 0x00EF, 0x00CE, 0x0131, 0x01FC, 0x019B, 0x01BB, 0x019B,
  0x01BB, 0x01BB, 0x01BB, 0x01BB, 0x01BB, 0x01BB, 0x01BB, 0x01BB, 0x01BB, 0x01DB, 0x01DB, 0x01DC,
  0x01DC, 0x01FC, 0x021D, 0x01DA, 0x0177, 0x0178, 0x0198, 0x01FC, 0x01DC, 0x01DC, 0x01DC, 0x01DC,
  0x01DB, 0x01DB, 0x01DB, 0x01DB, 0x01BB, 0x01BB, 0x01BB, 0x01BA, 0x19F9, 0x0117, 0x0114, 0xC63B,
  0xEF7E, 0xDF3D, 0xE73D, 0xE75D, 0xE75D, 0xE75D, 0xE75D, 0xE75D, 0xE75D, 0xE75D, 0xEF5D, 0xEF5D,
  0xE75D, 0xE77E, 0xE77E, 0xEF7E, 0xEF7E, 0xEF7E, 0xEF9E, 0xF79E, 0xEF7D, 0xB595, 0x738D, 0x634D,
  0x0002, 0x52AC, 0xEF7D, 0xF79E, 0xEF9E, 0xEF9E, 0xEF7E, 0xEF7D, 0xE75D, 0xF79E, 0xCE9B, 0x024F,
  0x18C4, 0x0025, 0x0046, 0x0046, 0x0067, 0x0067, 0x0087, 0x0004, 0x422A, 0xE73C, 0xEF7E, 0xEF7D,
  0xF79E, 0xF79E, 0xF79E, 0xEF7E, 0xF7BE, 0xCEBB, 0x0000, 0x2927, 0x0886, 0x0000, 0x7C52, 0xE73D,
  0xF7BE, 0xF7BE, 0xF79E, 0xF79E, 0xF79E, 0xF79E, 0xF79E, 0xF7BE, 0xF7BE, 0xF7BE, 0xF7BE, 0xF79E,
  0xF79E, 0xF79E, 0xF7BE, 0xF7BE, 0xFFDE, 0xEF5D, 0x9516, 0x0270, 0x21CA, 0x1044, 0x2149, 0x0000,
  0xB5B6, 0xFFDF, 0xF79E, 0xF79D, 0xF79E, 0xF7BE, 0xF7BE, 0xF79E, 0xFFFF, 0xA577, 0x0000, 0x0003,
  0x10E7, 0x0027, 0x1928, 0x0004, 0x0129, 0xE73D, 0xFFFF, 0xF7BE, 0xF7BE, 0xF7BE, 0xF79E, 0xF7BE,
  0xF79E, 0xFFDF, 0xEF3D, 0x31A8, 0x0005, 0x2106, 0x0009, 0x7435, 0xE71C, 0xF7BE, 0xF7BE, 0xF7BE,
  0xF7BE, 0xF7BE, 0xF7BE, 0xF7BE, 0xFFBE, 0xFFDE, 0xFFDF, 0xF7BE, 0xF7BE, 0xF7BE, 0xF7BE, 0xFFDE,
  0xFFDF, 0xFFDF, 0xF77D, 0xB575, 0x49A5, 0x3965, 0x10E6, 0x0000, 0x2967, 0xDEDB, 0xFFFF, 0xF7BE,
  0xFFDF, 0xFFDE, 0xFFDF, 0xFFDF, 0xFFFF, 0xF7BE, 0x7BCF, 0x0000, 0x31A7, 0x0003, 0x0044, 0x0044,
  0x0044, 0x0004, 0x3187, 0x0000, 0x73F0, 0xF79E, 0xFFFF, 0xFFDF, 0xFFFF, 0xFFFF, 0xFFFF, 0xFFDF,
  0xFFFF, 0xD6BB, 0x4229, 0x0000, 0x52AB, 0xE73D, 0xFFFF, 0xFFDF, 0xFFFF, 0xFFDF, 0xFFFF, 0xF7BE,
  0xFFFF, 0xBDD7, 0x0000, 0x0002, 0x2988, 0x0000, 0x5B0D, 0xDEDA, 0xE71B, 0xE6FB, 0xEF1B, 0xEF1B,
  0x5ACA, 0x0000, 0x08A5, 0x2127, 0x0000, 0xDEDB, 0xFFFF, 0xFFDF, 0xFFFF, 0xFFFF, 0xFFFF, 0xFFDF,
  0xFFFF, 0xE71C, 0x0001, 0x0884, 0x0003, 0x0800, 0xE71C, 0xFFFF, 0xFFFF, 0xFFFF, 0xFFFF, 0xFFFF,
  0xFFFF, 0xFFFF, 0xD69A, 0x0000, 0x3187, 0x10A5, 0x0000, 0x7B4B, 0xE6DA, 0xEF3C, 0xE6DA, 0xEF1B,
  0xE6BA, 0x630C, 0x0000, 0x39C8, 0x0000, 0x4142, 0xDEBA, 0xFFFF, 0xF7DE, 0xFFDF, 0xFFDF, 0xFFFF,
  0xFFDE, 0xFFFF, 0xDEFB, 0x39A7, 0x0000, 0x4187, 0x0003, 0xA2C4, 0xF300, 0xE4AF, 0xEF1B, 0xFFFF,
  0xFFFF, 0xFFFF, 0xFFFF, 0xFFFF, 0xFFFF, 0xFFFF, 0xFFFF, 0xFFFF, 0xFFFF, 0xFFFF, 0xFFFF, 0xFFFF,
  0xFFFF, 0xFFFF, 0xFFFE, 0xFFBE, 0xFE78, 0xBAC5, 0x3000, 0x5123, 0x6962, 0x59A5, 0x7800, 0xEEFB,
  0xFFFF, 0xFFFF, 0xFFDE, 0xFFFE, 0xFFFF, 0xFFDE, 0xFFFF, 0xD679, 0x7000, 0x8982, 0x8140, 0x7900,
  0x60E0, 0x6983, 0xF280, 0xFD11, 0xFFFF, 0xFFDE, 0xFFFE, 0xFFFE, 0xFFFE, 0xFFDE, 0xFFFE, 0xFFFF,
  0xBCF3, 0x9000, 0xCA66, 0xD9E0, 0xEA20, 0xF240, 0xF240, 0xF260, 0xFA60, 0xFA80, 0xFA80, 0xFAA0,
  0xFAC0, 0xFAE0, 0xFAE0, 0xFAE0, 0xFAE0, 0xFAE0, 0xFB00, 0xFB00, 0xFB00, 0xFB20, 0xFB40, 0xFB40,
  0xFB80, 0xFBA0, 0xFBC0, 0xFBE0, 0xFC00, 0xFC20, 0xFC00, 0xFC80, 0xFE81, 0xFF61, 0xFF20, 0xFF41,
  0xFF61, 0xFF61, 0xFF81, 0xFF41, 0xFEE0, 0xFEC0, 0xFEC0, 0xFEC0, 0xFF00, 0xFF00, 0xFF20, 0xFF44,
  0xFFA5, 0xFFCD, 0xFFFB, 0xFFFF,
  0x00CE, 0x00CF, 0x00CF, 0x00CE, 0x00EF, 0x00EF, 0x00AD, 0x01B7, 0x01DC, 0x019A, 0x01BB, 0x019B,
  0x019A, 0x01BB, 0x01BB, 0x01BB, 0x01BB, 0x01BB, 0x01BB, 0x01BB, 0x01BB, 0x01BB, 0x01DB, 0x01DC,
  0x01DC, 0x01FC, 0x01DB, 0x0177, 0x0177, 0x0177, 0x01DA, 0x01FC, 0x01DC, 0x01DC, 0x01DC, 0x01DB,
  0x01DB, 0x01DB, 0x01BB, 0x01BB, 0x01BB, 0x01BB, 0x01BA, 0x019A, 0x2A19, 0x0017, 0x3A75, 0xCE7A,
  0xEF3C, 0xDEDB, 0xE6FB, 0xE6FB, 0xE6FB, 0xE6FB, 0xE6FB, 0xE6FB, 0xDEFB, 0xDEFB, 0xDEFB, 0xDEFB,
  0xDEFB, 0xDEFB, 0xDEFB, 0xDEFB, 0xDEFB, 0xDEFB, 0xD6BA, 0xC638, 0x9CF2, 0x7BEE, 0x630C, 0x2967,
  0x0000, 0x94D4, 0xDF1C, 0xDEFB, 0xD6DB, 0xDEFC, 0xD6FC, 0xD6DB, 0xD6BB, 0xDEFC, 0x9537, 0x01CD,
  0x1003, 0x0087, 0x0068, 0x0068, 0x0068, 0x0068, 0x0088, 0x0006, 0x31C9, 0xC67A, 0xD6DB, 0xD6BB,
  0xDEDB, 0xD6DC, 0xD6DB, 0xD6BB, 0xD6DB, 0xBE19, 0x0006, 0x1004, 0x10E7, 0x10A4, 0x0002, 0x326D,
  0xA556, 0xCE7A, 0xDEDB, 0xD6DB, 0xD6BB, 0xD6BB, 0xD6DB, 0xD6DB, 0xD6DB, 0xD6DB, 0xD6DB, 0xD6DB,
  0xD6DB, 0xD6DB, 0xCE9A, 0xC659, 0xADB7, 0x5BF3, 0x02D1, 0x2A2C, 0x0800, 0x08A6, 0x0087, 0x0003,
  0xAD77, 0xD6FC, 0xCE9B, 0xCE9A, 0xCE9A, 0xCE9B, 0xCE9B, 0xCE7A, 0xD6DC, 0x7C73, 0x0000, 0x0005,
  0x08A7, 0x0067, 0x0067, 0x2148, 0x0000, 0x9D77, 0xCEBC, 0xCE9B, 0xCE9B, 0xCE9B, 0xC67A, 0xC67A,
  0xCE7A, 0xCE9A, 0xCE9B, 0x5B2E, 0x0001, 0x0026, 0x2105, 0x00AC, 0x01AF, 0x8CB5, 0xBE19, 0xC67A,
  0xCE9A, 0xCE9A, 0xD69A, 0xD6BB, 0xD6BB, 0xD6BB, 0xD6BB, 0xD69A, 0xCE9A, 0xCEBB, 0xCE9A, 0xCE7A,
  0xCE58, 0xEE34, 0xCCAB, 0x0005, 0x29A7, 0x0843, 0x0886, 0x0001, 0x5B0D, 0xCE7A, 0xCE9A, 0xCE9A,
  0xCE7A, 0xCE79, 0xCE79, 0xCE7A, 0xD6DB, 0xBDF7, 0x2904, 0x0000, 0x2106, 0x0024, 0x0045, 0x0045,
  0x0065, 0x0025, 0x2127, 0x0000, 0x5B6F, 0xC659, 0xD69A, 0xCE59, 0xCE59, 0xCE79, 0xCE79, 0xCE79,
  0xDEBA, 0xBDD7, 0x4A6A, 0x0000, 0x52CB, 0xBDF7, 0xD699, 0xD679, 0xD699, 0xD679, 0xD679, 0xD679,
  0xE6DA, 0x9C92, 0x0000, 0x0005, 0x18E6, 0x0002, 0x4A48, 0x7A03, 0x7960, 0x7160, 0x81C0, 0x7940,
  0x0000, 0x0044, 0x10A5, 0x0005, 0x2924, 0xC5D6, 0xD679, 0xD658, 0xD658, 0xD658, 0xD658, 0xCE38,
  0xD658, 0xBD75, 0x0000, 0x18C5, 0x0002, 0x41C6, 0xCE17, 0xD678, 0xD658, 0xD658, 0xD658, 0xD638,
  0xCE37, 0xDE37, 0xB4F2, 0x0000, 0x3146, 0x0004, 0x0024, 0x7AC6, 0xAAA1, 0x9960, 0x91A0, 0x9140,
  0x80C0, 0x0000, 0x10A4, 0x20E5, 0x0000, 0x5A26, 0xCD94, 0xDE58, 0xD617, 0xD617, 0xD617, 0xDE37,
  0xD617, 0xE658, 0xC554, 0x2925, 0x0001, 0x3945, 0x0003, 0x10C2, 0xB2C4, 0xC1E0, 0xA9C0, 0xD4B0,
  0xF616, 0xF657, 0xE637, 0xE637, 0xE637, 0xE637, 0xE637, 0xE637, 0xE637, 0xE657, 0xEE57, 0xF657,
  0xFE57, 0xFE36, 0xFD92, 0xF3E9, 0xB800, 0x3000, 0x3924, 0x5921, 0x6982, 0x5102, 0x9A20, 0xE594,
  0xEE16, 0xE5F6, 0xEDF6, 0xEDF6, 0xEDF6, 0xEDD6, 0xFE37, 0xC4D1, 0x7800, 0x9161, 0x9160, 0x8120,
  0x7920, 0x4880, 0xCAA0, 0xFBA7, 0xF5D5, 0xF5F6, 0xF5F6, 0xF5F6, 0xF5D6, 0xEDB5, 0xF5D5, 0xF5F6,
  0xB3AC, 0xA000, 0xCA23, 0xDA00, 0xEA20, 0xF240, 0xF240, 0xF260, 0xFA60, 0xFA80, 0xFAA0, 0xFAC0,
  0xFAC0, 0xFAC0, 0xFAE0, 0xFAE0, 0xFAE0, 0xFB00, 0xFB00, 0xFB00, 0xFB20, 0xFB20, 0xFB40, 0xFB60,
  0xFBA0, 0xFBC0, 0xFBC0, 0xFBE0, 0xFC20, 0xFC00, 0xFCC0, 0xFEA0, 0xFF40, 0xFF20, 0xFF20, 0xFF40,
  0xFF61, 0xFF61, 0xFF21, 0xFEA0, 0xFEA0, 0xFEA0, 0xFEA0, 0xFEC0, 0xFEE0, 0xFF00, 0xFF22, 0xFF85,
  0xFFC8, 0xFFF7, 0xFFFE, 0xFFFF,
  0x00CE, 0x00CF, 0x00CF, 0x00EF, 0x00EF, 0x00CF, 0x0111, 0x01FB, 0x019B, 0x01BB, 0x01BB, 0x01BB,
  0x01BB, 0x01BA, 0x01BB, 0x01BB, 0x01BB, 0x01BB, 0x01BB, 0x01BB, 0x01BB, 0x01BB, 0x01DB, 0x01DB,
  0x01FC, 0x01FC, 0x0178, 0x0177, 0x0177, 0x01B9, 0x01FC, 0x01DC, 0x01DC, 0x01DC, 0x01DB, 0x01DB,
  0x01DB, 0x01BB, 0x01BB, 0x01BB, 0x01BA, 0x01BA, 0x01BA, 0x0199, 0x0998, 0x0157, 0x0194, 0x7A4B,
  0x9A80, 0x8A65, 0x8A85, 0x8A65, 0x8A65, 0x8285, 0x8285, 0x7A86, 0x7A86, 0x7286, 0x6A86, 0x6A87,
  0x6A87, 0x6A87, 0x6AA8, 0x6AA9, 0x6AEA, 0x736C, 0x840F, 0x8C91, 0x8430, 0x4A89, 0x0000, 0x0046,
  0x0807, 0x11ED, 0x02B1, 0x022F, 0x01EE, 0x01EE, 0x020F, 0x0230, 0x0230, 0x0210, 0x53F4, 0x21C9,
  0x0004, 0x0088, 0x0089, 0x008A, 0x008A, 0x008A, 0x008A, 0x0069, 0x0048, 0x0230, 0x0250, 0x01EE,
  0x01EE, 0x01ED, 0x01CD, 0x018C, 0x016C, 0x0A8F, 0x220C, 0x0002, 0x00C8, 0x0046, 0x2106, 0x00E8,
  0x000A, 0x124D, 0x430F, 0x2A6D, 0x01CB, 0x01AB, 0x018B, 0x016B, 0x018B, 0x018B, 0x018C, 0x016C,
  0x016C, 0x01AD, 0x01EE, 0x0270, 0x3B30, 0x430F, 0x2987, 0x0000, 0x0044, 0x0086, 0x0047, 0x0867,
  0x01AF, 0x01D1, 0x016F, 0x012E, 0x00AD, 0x000C, 0x000C, 0x000B, 0x01B0, 0x024F, 0x10A6, 0x0006,
  0x00A8, 0x0088, 0x0088, 0x0067, 0x1043, 0x01CE, 0x012F, 0x00EF, 0x00EE, 0x004D, 0x000C, 0x000B,
  0x000B, 0x000B, 0x000D, 0x012A, 0x0025, 0x0065, 0x0004, 0x20E3, 0x1149, 0x000B, 0x0231, 0x0272,
  0x010D, 0x000A, 0x000A, 0x000B, 0x000B, 0x000A, 0x0009, 0x0007, 0x0008, 0x016D, 0x01AE, 0x020D,
  0x730B, 0xB408, 0x9B67, 0x0106, 0x1001, 0x0864, 0x0025, 0x0865, 0x018B, 0x00AC, 0x0009, 0x0009,
  0x0009, 0x0008, 0x0007, 0x0007, 0x0007, 0x0006, 0x0842, 0x0044, 0x0045, 0x0066, 0x0066, 0x0086,
  0x0066, 0x0086, 0x0046, 0x0025, 0x19EA, 0x0169, 0x0000, 0x0000, 0x0000, 0x1800, 0x3000, 0x3800,
  0x4800, 0x4060, 0x1064, 0x0004, 0x3986, 0x48A0, 0x4800, 0x5000, 0x5000, 0x5000, 0x5000, 0x5800,
  0x8080, 0x50A0, 0x0045, 0x0065, 0x0885, 0x0005, 0x2924, 0x4964, 0x4144, 0x4124, 0x4123, 0x3104,
  0x0063, 0x0044, 0x20A5, 0x0004, 0x7225, 0xA180, 0x8000, 0x7800, 0x7000, 0x7000, 0x7800, 0x7800,
  0xA000, 0x8040, 0x0025, 0x20A5, 0x0005, 0x6A05, 0x9100, 0x7000, 0x7800, 0x7800, 0x7800, 0x8000,
  0x8800, 0x9800, 0x6000, 0x0065, 0x2084, 0x0864, 0x0043, 0x3922, 0x5942, 0x5923, 0x5143, 0x5123,
  0x3904, 0x0083, 0x20A4, 0x0004, 0x00A4, 0x8284, 0xA9C0, 0x9000, 0x9000, 0x9000, 0x9000, 0x9000,
  0x9800, 0xA800, 0x7800, 0x0024, 0x30E5, 0x20A4, 0x30C4, 0x0002, 0x0000, 0x71E4, 0xA202, 0xD1C0,
  0xF200, 0xD0E0, 0xB000, 0xB000, 0xA800, 0xA800, 0xB000, 0xB000, 0xB800, 0xC000, 0xC800, 0xD900,
  0xEA20, 0xEAE0, 0xD2C0, 0x89A0, 0x0105, 0x28E3, 0x48E0, 0x6141, 0x6941, 0x48C0, 0xBAE2, 0xD140,
  0xC000, 0xC800, 0xC800, 0xC000, 0xC800, 0xD800, 0xE060, 0x8800, 0x8961, 0x9960, 0x9960, 0x9140,
  0x8120, 0x5820, 0x9220, 0xE2A0, 0xD000, 0xD800, 0xE000, 0xE000, 0xD800, 0xD800, 0xE800, 0xC800,
  0x8000, 0xA9A2, 0xC9C0, 0xDA00, 0xEA40, 0xF240, 0xF240, 0xFA60, 0xFA80, 0xFAA0, 0xFAC0, 0xFAC0,
  0xFAC0, 0xFAE0, 0xFAE0, 0xFAE0, 0xFB00, 0xFB00, 0xFB00, 0xFB20, 0xFB20, 0xFB40, 0xFB60, 0xFB80,
  0xFBA0, 0xFBC0, 0xFBE0, 0xFC20, 0xFC00, 0xFCE0, 0xFEC0, 0xFF40, 0xFF00, 0xFF20, 0xFF40, 0xFF40,
  0xFF40, 0xFEE0, 0xFE80, 0xFE80, 0xFE80, 0xFE80, 0xFEA0, 0xFEC0, 0xFEE0, 0xFF01, 0xFF44, 0xFFA4,
  0xFFD3, 0xFFFC, 0xFFFF, 0xFFFF,
  0x00CE, 0x00CF, 0x00CF, 0x00EF, 0x00EF, 0x00CE, 0x01B7, 0x01DC, 0x019A, 0x01BB, 0x01BB, 0x01BB,
  0x01BB, 0x01BB, 0x01BB, 0x01BB, 0x01BB, 0x01BB, 0x01BB, 0x01BB, 0x01BB, 0x01DB, 0x01DB, 0x01DC,
  0x01FC, 0x01B9, 0x0157, 0x0177, 0x0177, 0x01DB, 0x01DC, 0x01DC, 0x01DC, 0x01DB, 0x01DB, 0x01DB,
  0x01BB, 0x01BB, 0x01BB, 0x01BB, 0x01BA, 0x01BA, 0x01BA, 0x0199, 0x0178, 0x1176, 0x0114, 0x30EF,
  0x5949, 0x5946, 0x5126, 0x5125, 0x5145, 0x5145, 0x5165, 0x4965, 0x4965, 0x4985, 0x4186, 0x4186,
  0x4186, 0x41A6, 0x41A6, 0x41C6, 0x41E7, 0x4A28, 0x4A69, 0x31A7, 0x0000, 0x0001, 0x08A6, 0x0087,
  0x0068, 0x0009, 0x21EC, 0x21CB, 0x2189, 0x2189, 0x2189, 0x198A, 0x198A, 0x196A, 0x21A9, 0x0885,
  0x0047, 0x0089, 0x00AA, 0x00AB, 0x00AC, 0x00AB, 0x00AB, 0x00AA, 0x0049, 0x198A, 0x21CB, 0x2189,
  0x2188, 0x2188, 0x2188, 0x2168, 0x2188, 0x2189, 0x00E8, 0x0027, 0x0088, 0x0067, 0x0026, 0x0844,
  0x2925, 0x31A7, 0x3A09, 0x320A, 0x29C9, 0x29A8, 0x29A8, 0x29A8, 0x29A8, 0x29A9, 0x29A9, 0x29A9,
  0x29A8, 0x29A9, 0x29EA, 0x31E9, 0x2925, 0x0000, 0x0000, 0x0085, 0x0045, 0x0046, 0x0067, 0x0007,
  0x1949, 0x29CA, 0x21AA, 0x2189, 0x2188, 0x2168, 0x2188, 0x2168, 0x29A9, 0x1128, 0x0026, 0x0067,
  0x0088, 0x0088, 0x0088, 0x0087, 0x0005, 0x1927, 0x29A9, 0x29A9, 0x2988, 0x2988, 0x2188, 0x2188,
  0x2988, 0x2988, 0x2989, 0x08A6, 0x0025, 0x0025, 0x0044, 0x0004, 0x0000, 0x2102, 0x29A8, 0x2A0B,
  0x29C9, 0x2988, 0x2988, 0x2988, 0x2988, 0x2988, 0x2967, 0x2967, 0x2167, 0x29A9, 0x29EA, 0x320A,
  0x39E8, 0x00C5, 0x0000, 0x0001, 0x0063, 0x0024, 0x0045, 0x0046, 0x00C7, 0x2188, 0x2987, 0x2988,
  0x2988, 0x2988, 0x2987, 0x2987, 0x2987, 0x2146, 0x0023, 0x0045, 0x0066, 0x0087, 0x0087, 0x0087,
  0x0087, 0x0087, 0x0086, 0x0025, 0x10C5, 0x2987, 0x3187, 0x3186, 0x3186, 0x39A6, 0x39A6, 0x3986,
  0x39A6, 0x2945, 0x0064, 0x0004, 0x18C4, 0x3985, 0x41A6, 0x41A6, 0x41A6, 0x4185, 0x4185, 0x4185,
  0x49A6, 0x18E5, 0x0024, 0x0065, 0x0065, 0x0865, 0x0004, 0x0003, 0x0003, 0x0003, 0x0003, 0x0023,
  0x0044, 0x0065, 0x0886, 0x0045, 0x38E2, 0x5984, 0x51A5, 0x51A5, 0x5185, 0x4985, 0x4985, 0x5185,
  0x61C5, 0x3946, 0x0025, 0x1085, 0x0065, 0x38C4, 0x5185, 0x51A5, 0x4985, 0x4985, 0x4985, 0x4985,
  0x51A5, 0x59C6, 0x2925, 0x0044, 0x18A5, 0x1085, 0x1064, 0x0003, 0x0002, 0x0022, 0x0002, 0x0022,
  0x0043, 0x1884, 0x1884, 0x1085, 0x1084, 0x4103, 0x5984, 0x59C6, 0x59A5, 0x59A5, 0x51A5, 0x5185,
  0x5985, 0x51A6, 0x2945, 0x18A4, 0x30C5, 0x30E5, 0x28C4, 0x28C3, 0x28A2, 0x0001, 0x0022, 0x51A4,
  0x69E5, 0x61A5, 0x61A5, 0x61A5, 0x61A5, 0x61A5, 0x69A5, 0x69C5, 0x71C5, 0x71C5, 0x71C5, 0x71E5,
  0x7205, 0x5A05, 0x0125, 0x0023, 0x3880, 0x48E0, 0x5921, 0x6961, 0x6941, 0x79A1, 0x89E0, 0x79C4,
  0x69C5, 0x71C5, 0x69C5, 0x61A5, 0x69A5, 0x79C5, 0x71E5, 0x7183, 0x9160, 0xA180, 0xA980, 0xA160,
  0x9140, 0x7900, 0x58C0, 0x6101, 0x69A5, 0x69A5, 0x71A5, 0x69A5, 0x69A5, 0x71C5, 0x81E5, 0x81C5,
  0x9162, 0xB180, 0xC9E0, 0xDA00, 0xEA20, 0xF240, 0xF260, 0xFA60, 0xFA80, 0xFAC0, 0xFAC0, 0xFAC0,
  0xFAC0, 0xFAE0, 0xFAE0, 0xFB00, 0xFB00, 0xFB20, 0xFB20, 0xFB20, 0xFB40, 0xFB60, 0xFB80, 0xFBA0,
  0xFBC0, 0xFBE0, 0xFC00, 0xFBE0, 0xFD00, 0xFEE0, 0xFF20, 0xFF00, 0xFF20, 0xFF20, 0xFF40, 0xFF40,
  0xFEC0, 0xFE40, 0xFE60, 0xFE60, 0xFE80, 0xFE80, 0xFEA0, 0xFEA0, 0xFEE0, 0xFF44, 0xFF80, 0xFFCF,
  0xFFFA, 0xFFFE, 0xFFFF, 0xFFFF,
  0x00CE, 0x00CF, 0x00EF, 0x00EF, 0x00EE, 0x0111, 0x01DB, 0x019B, 0x01BB, 0x01BB, 0x01BB, 0x01BB,
  0x01BB, 0x01BB, 0x01BB, 0x01BB, 0x01BB, 0x01BB, 0x01BB, 0x01BB, 0x01BB, 0x01DB, 0x01BB, 0x01DC,
  0x01DA, 0x0157, 0x0177, 0x0157, 0x01B9, 0x01FC, 0x01BB, 0x01DC, 0x01DB, 0x01BB, 0x01BB, 0x01BB,
  0x01BB, 0x01BB, 0x01BB, 0x01BA, 0x01BA, 0x01BA, 0x019A, 0x0199, 0x0178, 0x0156, 0x0954, 0x0131,
  0x00CD, 0x008A, 0x0089, 0x0068, 0x0047, 0x0047, 0x0047, 0x0027, 0x0026, 0x0006, 0x0006, 0x0006,
  0x0006, 0x0005, 0x0005, 0x0005, 0x0004, 0x0004, 0x0003, 0x0005, 0x10E7, 0x10C7, 0x0047, 0x0069,
  0x0089, 0x00AA, 0x0007, 0x0005, 0x0004, 0x0003, 0x0003, 0x0003, 0x0003, 0x0003, 0x0004, 0x0047,
  0x0088, 0x008A, 0x00AB, 0x00AC, 0x00AC, 0x00AC, 0x00AB, 0x00AA, 0x0089, 0x0006, 0x0002, 0x0002,
  0x0002, 0x0001, 0x0002, 0x0002, 0x0002, 0x0004, 0x0006, 0x0088, 0x0068, 0x0067, 0x0066, 0x0066,
  0x0025, 0x0003, 0x0000, 0x0000, 0x0000, 0x0000, 0x0000, 0x0000, 0x0001, 0x0000, 0x0000, 0x0000,
  0x0000, 0x0800, 0x0000, 0x0000, 0x0003, 0x0085, 0x0065, 0x0025, 0x0866, 0x08A7, 0x08A7, 0x08A7,
  0x0025, 0x0001, 0x0000, 0x0000, 0x0000, 0x0000, 0x0000, 0x0000, 0x0000, 0x0002, 0x0886, 0x08A7,
  0x08C8, 0x08A9, 0x0088, 0x0067, 0x0066, 0x0004, 0x0000, 0x0000, 0x0000, 0x0000, 0x0800, 0x0800,
  0x0800, 0x0801, 0x0802, 0x0865, 0x08A6, 0x0885, 0x0885, 0x0044, 0x0044, 0x0003, 0x0000, 0x0000,
  0x0000, 0x0000, 0x0000, 0x0800, 0x0800, 0x0800, 0x0800, 0x0800, 0x0000, 0x0000, 0x0000, 0x0000,
  0x0000, 0x1022, 0x20C3, 0x0043, 0x0044, 0x10A5, 0x08A5, 0x0886, 0x0025, 0x0001, 0x0000, 0x0000,
  0x0800, 0x0000, 0x0001, 0x0001, 0x0001, 0x0002, 0x0044, 0x0065, 0x0066, 0x0087, 0x0087, 0x0087,
  0x0087, 0x0087, 0x0066, 0x0065, 0x0024, 0x0002, 0x0001, 0x0002, 0x0001, 0x0002, 0x0002, 0x0002,
  0x0002, 0x0003, 0x0044, 0x0065, 0x0024, 0x0002, 0x0002, 0x0002, 0x0002, 0x0002, 0x0022, 0x0002,
  0x0003, 0x0024, 0x0065, 0x0086, 0x0086, 0x0065, 0x0884, 0x1064, 0x0843, 0x0843, 0x1043, 0x0843,
  0x0884, 0x10A6, 0x10C6, 0x18A5, 0x0064, 0x0003, 0x0002, 0x0002, 0x0002, 0x0002, 0x0002, 0x0002,
  0x0003, 0x0004, 0x1085, 0x0865, 0x10A5, 0x0084, 0x0023, 0x0002, 0x0001, 0x0001, 0x0002, 0x0002,
  0x0002, 0x0002, 0x0844, 0x18A5, 0x18A5, 0x18A5, 0x18A5, 0x20C4, 0x20A2, 0x1882, 0x1862, 0x1863,
  0x20A4, 0x20C5, 0x20E5, 0x20C5, 0x1884, 0x0023, 0x0002, 0x0001, 0x0001, 0x0001, 0x0001, 0x0001,
  0x0001, 0x0002, 0x1863, 0x28C4, 0x30E5, 0x38E5, 0x30E5, 0x28C4, 0x20A3, 0x28A2, 0x2062, 0x0001,
  0x0000, 0x0000, 0x0000, 0x0000, 0x0000, 0x0000, 0x0000, 0x0000, 0x0000, 0x0000, 0x0000, 0x0000,
  0x0000, 0x1800, 0x40A0, 0x48C0, 0x40E1, 0x5901, 0x6961, 0x7161, 0x81A1, 0x9A40, 0x81E0, 0x50E0,
  0x40A0, 0x3880, 0x3880, 0x3880, 0x4080, 0x48A0, 0x68E0, 0x8140, 0x9960, 0xA980, 0xB1A0, 0xA980,
  0x9960, 0x8120, 0x68E0, 0x50A0, 0x4060, 0x3020, 0x3020, 0x3020, 0x3840, 0x4860, 0x60A0, 0x8100,
  0x9960, 0xB9A0, 0xD1E0, 0xE220, 0xEA40, 0xF240, 0xFA60, 0xFA80, 0xFAA0, 0xFAC0, 0xFAC0, 0xFAC0,
  0xFAE0, 0xFAE0, 0xFB00, 0xFB00, 0xFB20, 0xFB20, 0xFB20, 0xFB40, 0xFB60, 0xFB80, 0xFBA0, 0xFBC0,
  0xFBE0, 0xFC00, 0xFBE0, 0xFD40, 0xFEE0, 0xFF20, 0xFEE0, 0xFF20, 0xFF20, 0xFF40, 0xFF00, 0xFE80,
  0xFE40, 0xFE40, 0xFE60, 0xFE60, 0xFE60, 0xFE80, 0xFEA0, 0xFEC0, 0xFF23, 0xFF60, 0xFFAB, 0xFFD7,
  0xFFFC, 0xFFFF, 0xFFFF, 0xFFD2,
  0x00CE, 0x00CF, 0x00CF, 0x00EF, 0x00CD, 0x01B7, 0x01DC, 0x019A, 0x019B, 0x019B, 0x019B, 0x01BB,
  0x01BB, 0x01BB, 0x01BB, 0x01BB, 0x01BB, 0x01BB, 0x01BB, 0x01DB, 0x01DB, 0x01DB, 0x01DC, 0x01DB,
  0x0177, 0x0177, 0x0177, 0x0197, 0x01FC, 0x01DC, 0x01BB, 0x01DC, 0x01BB, 0x01BB, 0x01BB, 0x01BB,
  0x01BB, 0x01BB, 0x01BA, 0x01BA, 0x01BA, 0x01BA, 0x0199, 0x0199, 0x0178, 0x0176, 0x0134, 0x0911,
  0x10EE, 0x10CC, 0x10AB, 0x10AA, 0x10A9, 0x10AA, 0x10AA, 0x1089, 0x1088, 0x0888, 0x0888, 0x0888,
  0x0888, 0x0888, 0x0887, 0x0887, 0x0887, 0x10A7, 0x10C7, 0x08A7, 0x0068, 0x0069, 0x0089, 0x008A,
  0x00AB, 0x008A, 0x00A9, 0x0088, 0x0087, 0x0067, 0x0067, 0x0087, 0x0087, 0x0087, 0x00A8, 0x0089,
  0x008A, 0x00AB, 0x00AC, 0x00AC, 0x00AC, 0x00AC, 0x00AC, 0x00AA, 0x0089, 0x0088, 0x0087, 0x0066,
  0x0066, 0x0066, 0x0066, 0x0066, 0x0066, 0x0087, 0x0087, 0x0068, 0x0088, 0x0068, 0x0067, 0x0046,
  0x0046, 0x0066, 0x0886, 0x0086, 0x0085, 0x0065, 0x0065, 0x0065, 0x0065, 0x0065, 0x0065, 0x0065,
  0x0025, 0x0005, 0x0005, 0x0045, 0x0065, 0x0045, 0x0025, 0x0066, 0x0067, 0x0028, 0x0048, 0x0027,
  0x0047, 0x0086, 0x0065, 0x0065, 0x0065, 0x0045, 0x0045, 0x0045, 0x0065, 0x0085, 0x0026, 0x0027,
  0x0048, 0x0088, 0x0088, 0x0087, 0x0066, 0x0066, 0x0066, 0x0065, 0x0065, 0x0044, 0x0004, 0x0004,
  0x0004, 0x0004, 0x0005, 0x0006, 0x0006, 0x0006, 0x0005, 0x0025, 0x0044, 0x0044, 0x0064, 0x0085,
  0x0064, 0x0884, 0x0864, 0x0004, 0x0004, 0x0003, 0x0003, 0x0003, 0x0863, 0x0064, 0x0044, 0x0064,
  0x0864, 0x0043, 0x0023, 0x0044, 0x0024, 0x0005, 0x0006, 0x0026, 0x0065, 0x0065, 0x0044, 0x0004,
  0x0003, 0x0004, 0x0024, 0x0064, 0x0044, 0x0045, 0x0065, 0x0066, 0x0087, 0x0087, 0x0087, 0x0087,
  0x0087, 0x0087, 0x0087, 0x0066, 0x0065, 0x0884, 0x0884, 0x0004, 0x0004, 0x0004, 0x0003, 0x0003,
  0x1084, 0x0864, 0x0045, 0x0065, 0x0065, 0x0864, 0x0864, 0x0863, 0x0843, 0x0003, 0x0004, 0x0004,
  0x1064, 0x0065, 0x0066, 0x0086, 0x0086, 0x0086, 0x0065, 0x0044, 0x0044, 0x0044, 0x0044, 0x1084,
  0x0865, 0x0006, 0x0006, 0x0006, 0x0005, 0x1844, 0x18A3, 0x1883, 0x1063, 0x1063, 0x1063, 0x1064,
  0x1884, 0x1064, 0x0885, 0x18A5, 0x1085, 0x0824, 0x0803, 0x0003, 0x0003, 0x1023, 0x1883, 0x1883,
  0x1863, 0x1883, 0x1084, 0x18A5, 0x18A5, 0x18A5, 0x1065, 0x0804, 0x0003, 0x0823, 0x1063, 0x1883,
  0x18A4, 0x1865, 0x1865, 0x1045, 0x1884, 0x20A3, 0x2083, 0x2083, 0x2083, 0x2083, 0x2083, 0x2083,
  0x2083, 0x28A3, 0x28A4, 0x28C4, 0x38E5, 0x3905, 0x3905, 0x30E4, 0x28A3, 0x20A3, 0x2082, 0x28A2,
  0x30A2, 0x28A2, 0x2882, 0x2881, 0x2881, 0x2881, 0x30A1, 0x30A1, 0x38A1, 0x40C1, 0x40C1, 0x40C1,
  0x48E1, 0x4901, 0x48E1, 0x48E1, 0x5921, 0x6941, 0x7161, 0x7981, 0xA260, 0xA260, 0x81A0, 0x7140,
  0x6920, 0x6920, 0x6120, 0x6120, 0x6920, 0x7120, 0x8140, 0x9160, 0xA180, 0xB1A0, 0xB9A0, 0xB1A0,
  0xA160, 0x9140, 0x7900, 0x68E0, 0x60E0, 0x60C0, 0x60C0, 0x60C0, 0x68E0, 0x70E0, 0x7900, 0x9140,
  0xA160, 0xB9C0, 0xD200, 0xE220, 0xF240, 0xF260, 0xFA80, 0xFAA0, 0xFAC0, 0xFAC0, 0xFAC0, 0xFAC0,
  0xFAE0, 0xFAE0, 0xFB00, 0xFB00, 0xFB20, 0xFB40, 0xFB40, 0xFB60, 0xFB80, 0xFBA0, 0xFBC0, 0xFBE0,
  0xFC00, 0xFBE0, 0xFD80, 0xFF00, 0xFF00, 0xFEE0, 0xFF00, 0xFF20, 0xFF20, 0xFEE0, 0xFE40, 0xFE20,
  0xFE20, 0xFE40, 0xFE40, 0xFE60, 0xFE60, 0xFE80, 0xFEA0, 0xFEE2, 0xFF60, 0xFFA8, 0xFFD4, 0xFFF9,
  0xFFFC, 0xFFFE, 0xFFD3, 0xFF40,
  0x00CE, 0x00CF, 0x00EF, 0x00CF, 0x0110, 0x01FB, 0x019B, 0x019A, 0x019A, 0x01BA, 0x01BA, 0x01BB,
  0x01BB, 0x01BB, 0x01BB, 0x01BB, 0x01BB, 0x01BB, 0x01BB, 0x01DB, 0x01DB, 0x01DC, 0x01FC, 0x0198,
  0x0156, 0x0177, 0x0177, 0x01DA, 0x01FC, 0x01BB, 0x01DB, 0x01BB, 0x01BB, 0x01BB, 0x01BB, 0x01BB,
  0x01BB, 0x01BB, 0x01BA, 0x01BA, 0x01BA, 0x019A, 0x0199, 0x0199, 0x0178, 0x0176, 0x0154, 0x0132,
  0x00F0, 0x00EE, 0x00CE, 0x00CD, 0x00CD, 0x00CD, 0x00AC, 0x00AB, 0x008A, 0x008A, 0x008A, 0x0089,
  0x0089, 0x0089, 0x0089, 0x0089, 0x0069, 0x0068, 0x0069, 0x0089, 0x0089, 0x00AA, 0x00AB, 0x00AC,
  0x00AC, 0x00AB, 0x008A, 0x0088, 0x0068, 0x0068, 0x0068, 0x0068, 0x0068, 0x0068, 0x0069, 0x008A,
  0x00AB, 0x00AC, 0x00AD, 0x00AD, 0x00AD, 0x00AD, 0x00AC, 0x00AB, 0x008A, 0x0089, 0x0068, 0x0067,
  0x0067, 0x0067, 0x0067, 0x0046, 0x0067, 0x0067, 0x0068, 0x0089, 0x0089, 0x0089, 0x0088, 0x0067,
  0x0067, 0x0067, 0x0046, 0x0046, 0x0046, 0x0046, 0x0046, 0x0046, 0x0046, 0x0025, 0x0885, 0x0005,
  0x0005, 0x0005, 0x0006, 0x0006, 0x0006, 0x0886, 0x0066, 0x0087, 0x0008, 0x0009, 0x0008, 0x0007,
  0x0006, 0x0886, 0x0025, 0x0045, 0x0045, 0x0045, 0x0065, 0x0026, 0x08A6, 0x0006, 0x0006, 0x0007,
  0x0007, 0x0008, 0x0088, 0x0088, 0x0067, 0x0066, 0x0066, 0x0025, 0x0885, 0x0004, 0x0004, 0x0004,
  0x0004, 0x0004, 0x0004, 0x0005, 0x0006, 0x0006, 0x0006, 0x0046, 0x0065, 0x0045, 0x0045, 0x0024,
  0x0864, 0x0004, 0x0004, 0x0003, 0x0003, 0x0003, 0x0003, 0x0003, 0x0003, 0x0844, 0x0024, 0x0024,
  0x0024, 0x0044, 0x0045, 0x0085, 0x0006, 0x0006, 0x0006, 0x0005, 0x0885, 0x0044, 0x0024, 0x0003,
  0x0003, 0x0003, 0x0004, 0x0885, 0x0025, 0x0045, 0x0066, 0x0087, 0x0087, 0x0087, 0x0087, 0x0087,
  0x0087, 0x0087, 0x0087, 0x0066, 0x0885, 0x0004, 0x0004, 0x0004, 0x0004, 0x0003, 0x0003, 0x0003,
  0x0004, 0x0065, 0x0085, 0x0065, 0x0065, 0x0044, 0x0024, 0x0884, 0x0004, 0x0004, 0x0004, 0x0004,
  0x0064, 0x0085, 0x0086, 0x0086, 0x0887, 0x0086, 0x0085, 0x0065, 0x0065, 0x0065, 0x10A5, 0x0005,
  0x0006, 0x0006, 0x0007, 0x0006, 0x0005, 0x0004, 0x0004, 0x0884, 0x0064, 0x0064, 0x0864, 0x0864,
  0x0865, 0x0865, 0x18C5, 0x0025, 0x0005, 0x0004, 0x0003, 0x0003, 0x0004, 0x0004, 0x0004, 0x1083,
  0x0844, 0x1064, 0x1084, 0x18A5, 0x20C6, 0x20C6, 0x0005, 0x0005, 0x0005, 0x0004, 0x20E4, 0x1864,
  0x0005, 0x0006, 0x0006, 0x0805, 0x28E4, 0x1884, 0x18A3, 0x1883, 0x1883, 0x1883, 0x1883, 0x1883,
  0x20A3, 0x20A4, 0x28C4, 0x30E5, 0x4105, 0x4105, 0x4105, 0x3904, 0x30E4, 0x30C3, 0x30C3, 0x28A3,
  0x28A3, 0x28C2, 0x28A2, 0x30A2, 0x30A2, 0x30C2, 0x38C2, 0x38C2, 0x38C1, 0x40C1, 0x40E1, 0x48E1,
  0x4901, 0x5921, 0x6121, 0x6941, 0x7161, 0x81A1, 0x8181, 0xAA60, 0xBAE0, 0xA240, 0x8980, 0x8180,
  0x7960, 0x7960, 0x7960, 0x7960, 0x8160, 0x8160, 0x9180, 0xA1A0, 0xB1C0, 0xB9E0, 0xB9C0, 0xB1A0,
  0xA980, 0x9960, 0x8920, 0x8100, 0x7900, 0x7900, 0x7900, 0x7900, 0x7900, 0x8120, 0x9140, 0xA160,
  0xB1A0, 0xC9E0, 0xDA20, 0xEA40, 0xF260, 0xFA60, 0xFAA0, 0xFAC0, 0xFAC0, 0xFAC0, 0xFAC0, 0xFAE0,
  0xFAE0, 0xFB00, 0xFB00, 0xFB20, 0xFB40, 0xFB60, 0xFB80, 0xFBA0, 0xFBA0, 0xFBC0, 0xFBE0, 0xFBE0,
  0xFC00, 0xFDC0, 0xFF00, 0xFEE0, 0xFEE0, 0xFF00, 0xFF20, 0xFF20, 0xFEC0, 0xFE40, 0xFE00, 0xFE00,
  0xFE20, 0xFE20, 0xFE40, 0xFE60, 0xFE60, 0xFEA0, 0xFEC2, 0xFF20, 0xFF85, 0xFFD2, 0xFFF8, 0xFFFA,
  0xFFFD, 0xFFD3, 0xFF20, 0xFEA0,
  0x00CE, 0x00CF, 0x00EF, 0x00AD, 0x01B6, 0x01DC, 0x019A, 0x019A, 0x019A, 0x01BA, 0x01BA, 0x01BB,
  0x01BB, 0x01BB, 0x01BB, 0x01BB, 0x01BB, 0x01BB, 0x01DB, 0x01DB, 0x01DB, 0x01DC, 0x01DA, 0x0156,
  0x0177, 0x0156, 0x0198, 0x01FC, 0x01BC, 0x01DB, 0x01DB, 0x01BB, 0x01BB, 0x01BB, 0x01BB, 0x01BB,
  0x01BB, 0x01BA, 0x01BA, 0x01BA, 0x01BA, 0x019A, 0x0199, 0x0199, 0x0198, 0x0177, 0x0155, 0x0154,
  0x0132, 0x0111, 0x0110, 0x0110, 0x0110, 0x00EF, 0x00CD, 0x00CD, 0x00CD, 0x00CC, 0x00AC, 0x00AB,
  0x00AB, 0x00AB, 0x00AB, 0x00AB, 0x00AB, 0x00AA, 0x00AB, 0x00AB, 0x00AB, 0x00AC, 0x00AC, 0x00CD,
  0x00CD, 0x00CC, 0x00AB, 0x00AA, 0x00AA, 0x008A, 0x008A, 0x008A, 0x0089, 0x008A, 0x008A, 0x00AB,
  0x00AC, 0x00CD, 0x00CD, 0x00CD, 0x00CD, 0x00CD, 0x00AC, 0x00AC, 0x00AB, 0x008A, 0x0089, 0x0089,
  0x0088, 0x0068, 0x0068, 0x0068, 0x0068, 0x0088, 0x0089, 0x008A, 0x008A, 0x00AA, 0x0089, 0x0089,
  0x0088, 0x0088, 0x0068, 0x0067, 0x0067, 0x0067, 0x0067, 0x0067, 0x0047, 0x1907, 0x0007, 0x31A6,
  0xACC4, 0xC563, 0xBD64, 0xAD05, 0x4A46, 0x0007, 0x2128, 0x0008, 0x8BE7, 0xBD45, 0xBD25, 0xBD44,
  0x6B26, 0x0007, 0x18C7, 0x0067, 0x0067, 0x0067, 0x0047, 0x1907, 0x0008, 0x2147, 0xACC5, 0xBD24,
  0xC543, 0x8C06, 0x0008, 0x0008, 0x10C8, 0x0067, 0x0047, 0x2107, 0x0006, 0x62E5, 0xBD43, 0xC563,
  0xC563, 0xBD22, 0xBD03, 0xBD23, 0xC543, 0xC564, 0xBD44, 0x39C6, 0x0007, 0x0066, 0x0045, 0x0065,
  0x0005, 0x0005, 0x6B45, 0xB503, 0xCD82, 0xCDA2, 0xCD82, 0xACE3, 0x5AC4, 0x0004, 0x18C4, 0x0024,
  0x0045, 0x0085, 0x0046, 0x0007, 0x6B46, 0xC5A4, 0xC584, 0x9C44, 0x0005, 0x0885, 0x0004, 0x9463,
  0xC582, 0xB502, 0x6B04, 0x0005, 0x2125, 0x0046, 0x0086, 0x0087, 0x0087, 0x0087, 0x0087, 0x0088,
  0x0088, 0x0087, 0x0067, 0x10C6, 0x0005, 0x0005, 0x6B24, 0xB523, 0xD5C3, 0xD5C2, 0xCDA2, 0xB4E2,
  0x5284, 0x0005, 0x10A6, 0x00A6, 0x0065, 0x0025, 0x2945, 0x0005, 0x6B24, 0xBD43, 0xCDA2, 0x9C63,
  0x0045, 0x0006, 0x18E6, 0x0087, 0x08A7, 0x0886, 0x0886, 0x0885, 0x0065, 0x18E5, 0x0006, 0x00E6,
  0x8C05, 0xC584, 0xD5E4, 0xD5E3, 0xCDA3, 0xACA3, 0x3A04, 0x0005, 0x10A5, 0x0885, 0x0885, 0x1085,
  0x1085, 0x18A5, 0x0806, 0x0006, 0x83A6, 0xBD43, 0xD5A2, 0xD5C2, 0xD5A2, 0xACC3, 0x4A44, 0x0004,
  0x20E4, 0x1064, 0x18A5, 0x28E6, 0x1026, 0x0846, 0xA484, 0xD5C3, 0xC584, 0x7BA5, 0x0005, 0x0005,
  0x8BC4, 0xCD83, 0xCD83, 0xB503, 0x3145, 0x1805, 0x3124, 0x20A4, 0x20C4, 0x20C4, 0x20C4, 0x28C4,
  0x28C4, 0x30C4, 0x30E5, 0x4105, 0x4925, 0x4925, 0x4925, 0x4125, 0x4104, 0x38E4, 0x38E4, 0x38E4,
  0x38E3, 0x38E3, 0x38E3, 0x4103, 0x4103, 0x4903, 0x4902, 0x4902, 0x5102, 0x5102, 0x5902, 0x5922,
  0x6122, 0x6961, 0x7161, 0x7981, 0x89E1, 0x91C1, 0xB280, 0xD360, 0xCB00, 0xB220, 0xA1E0, 0x99E0,
  0x91C0, 0x91A0, 0x91A0, 0x91A0, 0x99A0, 0x99A0, 0xA9C0, 0xB1C0, 0xB9E0, 0xC1E0, 0xC1C0, 0xB9A0,
  0xB1A0, 0xA980, 0xA160, 0x9940, 0x9140, 0x9140, 0x9140, 0x9140, 0x9960, 0x9960, 0xA980, 0xB1A0,
  0xC1C0, 0xD200, 0xE220, 0xEA40, 0xF260, 0xFAA0, 0xFAC0, 0xFAE0, 0xFAE0, 0xFAE0, 0xFAE0, 0xFAE0,
  0xFB00, 0xFB20, 0xFB20, 0xFB40, 0xFB60, 0xFB80, 0xFBA0, 0xFBA0, 0xFBC0, 0xFBE0, 0xFBE0, 0xFC20,
  0xFDE0, 0xFF00, 0xFEE0, 0xFEE0, 0xFF00, 0xFF00, 0xFF00, 0xFE80, 0xFE20, 0xFE00, 0xFE00, 0xFE00,
  0xFE20, 0xFE20, 0xFE40, 0xFE40, 0xFE80, 0xFEC1, 0xFF02, 0xFF60, 0xFFCF, 0xFFF6, 0xFFF8, 0xFFFB,
  0xFFD4, 0xFF20, 0xFE80, 0xFE63,
  0x00CF, 0x00EF, 0x00CF, 0x00EF, 0x01FB, 0x019B, 0x019A, 0x019B, 0x019B, 0x01BA, 0x01BA, 0x01BB,
  0x01BB, 0x01BB, 0x01BB, 0x01BB, 0x01BB, 0x01BB, 0x01BB, 0x01BB, 0x01DC, 0x01DB, 0x0177, 0x0177,
  0x0157, 0x0177, 0x01FB, 0x01FC, 0x01BB, 0x01DB, 0x01BB, 0x01BB, 0x01BB, 0x01BB, 0x01BB, 0x01BB,
  0x01BA, 0x01BA, 0x01BA, 0x01BA, 0x01BA, 0x01BA, 0x0199, 0x0199, 0x0198, 0x0178, 0x0176, 0x0175,
  0x0154, 0x0153, 0x0133, 0x0132, 0x0111, 0x00F0, 0x00EF, 0x00EF, 0x00EE, 0x00CE, 0x00CE, 0x00CD,
  0x00CD, 0x00CD, 0x00AC, 0x00AC, 0x00AC, 0x00AC, 0x00AC, 0x00AD, 0x00AD, 0x00CD, 0x00CD, 0x00CE,
  0x00CE, 0x00CD, 0x00AC, 0x00AC, 0x00AC, 0x00AB, 0x00AB, 0x008B, 0x008B, 0x00AB, 0x00AC, 0x00AC,
  0x00AD, 0x00AD, 0x00CD, 0x00CD, 0x00CD, 0x00AD, 0x00AD, 0x00AC, 0x00AB, 0x008B, 0x008A, 0x008A,
  0x008A, 0x0089, 0x0089, 0x0089, 0x0089, 0x008A, 0x008A, 0x00AB, 0x00AB, 0x008B, 0x008A, 0x008A,
  0x0089, 0x0089, 0x0089, 0x0089, 0x0088, 0x0088, 0x0088, 0x0088, 0x0048, 0x2968, 0x0008, 0x6307,
  0xF682, 0xFEE0, 0xFEC0, 0xFEC0, 0x83C6, 0x000A, 0x0009, 0x4A88, 0xE622, 0xFEA0, 0xFEA0, 0xFEE0,
  0x83C7, 0x0009, 0x2948, 0x0068, 0x0088, 0x0088, 0x0028, 0x39A8, 0x0009, 0x9C67, 0xFEC0, 0xFEA0,
  0xFEE0, 0xD5E4, 0x00E8, 0x0008, 0x1908, 0x0068, 0x0027, 0x3187, 0x0007, 0xACE4, 0xFF00, 0xFEE0,
  0xFEC0, 0xFEA0, 0xFE80, 0xFEA0, 0xFEA0, 0xFEE0, 0xF6A1, 0x1966, 0x0007, 0x0087, 0x0087, 0x10A6,
  0x0006, 0xACE5, 0xFEA2, 0xFEC0, 0xFEA0, 0xFEA0, 0xFEC0, 0xFEE0, 0xEE62, 0x62E4, 0x0004, 0x1905,
  0x0025, 0x10A5, 0x0006, 0x0007, 0xA4E4, 0xFF60, 0xFEE0, 0xBD42, 0x0006, 0x1087, 0x2165, 0xDE02,
  0xFF00, 0xEE40, 0x7363, 0x0005, 0x3186, 0x0026, 0x0087, 0x0087, 0x0087, 0x0087, 0x0087, 0x0087,
  0x0087, 0x0067, 0x10E7, 0x0006, 0x0005, 0xA4A4, 0xFEA1, 0xFEE0, 0xFEC0, 0xFEC0, 0xFE80, 0xFEA0,
  0xEE22, 0x6B05, 0x0006, 0x2106, 0x0066, 0x0026, 0x39A6, 0x0007, 0xA4C4, 0xFEC0, 0xFF20, 0xC562,
  0x0005, 0x0006, 0x1907, 0x0087, 0x08A7, 0x08A7, 0x08A6, 0x0066, 0x2106, 0x0006, 0x31E6, 0xD5C5,
  0xFEA0, 0xFEC0, 0xFEC0, 0xFEC0, 0xFEA0, 0xFEC0, 0xE621, 0x5265, 0x0006, 0x18C5, 0x10A5, 0x10A5,
  0x10A5, 0x18A5, 0x0006, 0xBD26, 0xFEA2, 0xFEA0, 0xFEA0, 0xFEA0, 0xFEA0, 0xFEA0, 0xE601, 0x4A44,
  0x0004, 0x2905, 0x18A6, 0x3126, 0x0007, 0x2126, 0xDDE1, 0xFEE0, 0xFEA0, 0x83C4, 0x0006, 0x9C65,
  0xFEA1, 0xFEC0, 0xF660, 0x8BC4, 0x0006, 0x4186, 0x30E5, 0x30E5, 0x28E5, 0x28E5, 0x28E5, 0x30E5,
  0x30E5, 0x38E5, 0x4105, 0x4925, 0x4925, 0x5145, 0x5145, 0x4925, 0x4925, 0x4104, 0x4104, 0x4104,
  0x4104, 0x4924, 0x4924, 0x5124, 0x5144, 0x5943, 0x6143, 0x6143, 0x6143, 0x6942, 0x6942, 0x6942,
  0x7162, 0x7982, 0x81A1, 0x89E1, 0x91C1, 0xB240, 0xD3A0, 0xDBC0, 0xCAC0, 0xC260, 0xBA40, 0xB220,
  0xB200, 0xA9E0, 0xAA00, 0xA9E0, 0xA9E0, 0xB1E0, 0xB9E0, 0xB9E0, 0xC200, 0xC1E0, 0xC1E0, 0xC1C0,
  0xB9A0, 0xB1A0, 0xB180, 0xA980, 0xA980, 0xA980, 0xA980, 0xA980, 0xB1A0, 0xB1A0, 0xB9C0, 0xC1E0,
  0xD200, 0xE220, 0xEA40, 0xF260, 0xFA80, 0xFAC0, 0xFAE0, 0xFAE0, 0xFAE0, 0xFAE0, 0xFAE0, 0xFB00,
  0xFB20, 0xFB20, 0xFB40, 0xFB60, 0xFB60, 0xFB80, 0xFBA0, 0xFBC0, 0xFBE0, 0xFBC0, 0xFC40, 0xFE20,
  0xFF20, 0xFEC0, 0xFEE0, 0xFF00, 0xFF00, 0xFEE0, 0xFE60, 0xFE00, 0xFE00, 0xFDE0, 0xFDE0, 0xFE00,
  0xFE20, 0xFE20, 0xFE40, 0xFE60, 0xFEA0, 0xFEE2, 0xFF60, 0xFFAB, 0xFFD4, 0xFFF6, 0xFFF9, 0xFFD4,
  0xFF40, 0xFEA0, 0xFE43, 0xFE20,
  0x00EF, 0x00EF, 0x00AD, 0x0195, 0x01DC, 0x019A, 0x019B, 0x019A, 0x01BB, 0x01BB, 0x01BB, 0x01DB,
  0x01BB, 0x01BB, 0x01BB, 0x01BB, 0x01BB, 0x01BB, 0x01BB, 0x01DB, 0x01DC, 0x0198, 0x0156, 0x0177,
  0x0156, 0x01B9, 0x021D, 0x01BC, 0x01DB, 0x01BB, 0x01BB, 0x01BB, 0x01BB, 0x01BB, 0x01BB, 0x01BA,
  0x01BA, 0x01BA, 0x01BA, 0x01BA, 0x01BA, 0x01BA, 0x0199, 0x0199, 0x0199, 0x0198, 0x0197, 0x0177,
  0x0176, 0x0175, 0x0154, 0x0153, 0x0132, 0x0111, 0x0111, 0x0111, 0x0110, 0x00EF, 0x00EF, 0x00EF,
  0x00EF, 0x00EE, 0x00EE, 0x00EE, 0x00EE, 0x00EE, 0x00EE, 0x00EE, 0x00EE, 0x010E, 0x010E, 0x010F,
  0x010E, 0x010E, 0x010E, 0x010D, 0x00ED, 0x00ED, 0x010D, 0x010D, 0x010D, 0x010D, 0x010D, 0x010D,
  0x010E, 0x010E, 0x010E, 0x010E, 0x010D, 0x010D, 0x010D, 0x010D, 0x010D, 0x010C, 0x010C, 0x010B,
  0x00EB, 0x010B, 0x00EB, 0x00EB, 0x010B, 0x010B, 0x010C, 0x010C, 0x010C, 0x010C, 0x010B, 0x010B,
  0x00EA, 0x00EA, 0x00EA, 0x00CA, 0x008A, 0x00AA, 0x00AA, 0x00AA, 0x008A, 0x292A, 0x0009, 0x83C7,
  0xF660, 0xFE40, 0xFE41, 0xFE80, 0xA466, 0x000A, 0x000A, 0xB507, 0xFEC0, 0xF641, 0xFE80, 0xE601,
  0x5A87, 0x000A, 0x2969, 0x0069, 0x00A9, 0x0069, 0x2149, 0x0009, 0x0989, 0xDE05, 0xFEA0, 0xFE61,
  0xFE80, 0xE643, 0x4A48, 0x0009, 0x1909, 0x0088, 0x0068, 0x2968, 0x0008, 0xA4E4, 0xE600, 0xD581,
  0xDDC1, 0xF640, 0xFE60, 0xEE20, 0xDDA1, 0xE5E1, 0xBD02, 0x0006, 0x00A7, 0x0088, 0x1908, 0x0007,
  0x83E6, 0xFEC1, 0xFE40, 0xF640, 0xD581, 0xCD61, 0xEE41, 0xFE80, 0xFEA0, 0xC563, 0x0005, 0x2945,
  0x0026, 0x10C6, 0x0006, 0x0006, 0xBD43, 0xFEC0, 0xF661, 0x8C03, 0x0004, 0x0006, 0x4A66, 0xE641,
  0xFEA0, 0xDDE1, 0x3204, 0x0006, 0x2146, 0x0047, 0x0087, 0x0087, 0x0087, 0x0087, 0x0087, 0x0087,
  0x0087, 0x0087, 0x2947, 0x0007, 0x8405, 0xF681, 0xFEA0, 0xEE20, 0xD540, 0xC500, 0xE5E0, 0xF620,
  0xFEC0, 0xC544, 0x0006, 0x0007, 0x1906, 0x0066, 0x3166, 0x0006, 0xB523, 0xFE80, 0xFEA0, 0x9C63,
  0x0006, 0x0026, 0x10E7, 0x0887, 0x08A7, 0x08A7, 0x08A7, 0x08A6, 0x2946, 0x0006, 0xC585, 0xFEA0,
  0xFE60, 0xE5E0, 0xCD01, 0xCD20, 0xEE00, 0xFE20, 0xFEA0, 0xBD02, 0x0006, 0x20E6, 0x18C6, 0x18A6,
  0x2906, 0x0006, 0x9C45, 0xFEC0, 0xFE20, 0xF620, 0xD541, 0xCD21, 0xEE00, 0xF620, 0xFE60, 0xBD22,
  0x0005, 0x3985, 0x20A6, 0x3106, 0x0006, 0x4205, 0xE601, 0xFE60, 0xE5C0, 0x31A3, 0x7364, 0xFEA2,
  0xFEA0, 0xEE21, 0x7324, 0x0005, 0x49A5, 0x30E6, 0x3906, 0x3906, 0x3906, 0x3905, 0x3925, 0x4125,
  0x4125, 0x4925, 0x4945, 0x5145, 0x5165, 0x5965, 0x5165, 0x5145, 0x5145, 0x5145, 0x5145, 0x5144,
  0x5964, 0x5964, 0x6164, 0x6184, 0x6984, 0x6983, 0x6983, 0x7183, 0x71A3, 0x7982, 0x79A2, 0x81A2,
  0x89C2, 0x89C2, 0x91E2, 0x9A01, 0xAA01, 0xD360, 0xDC00, 0xDB60, 0xD2C0, 0xCAA0, 0xCA80, 0xC260,
  0xC240, 0xC240, 0xC240, 0xC220, 0xC220, 0xC220, 0xC200, 0xCA00, 0xCA00, 0xCA00, 0xC9E0, 0xC1E0,
  0xC1E0, 0xC1C0, 0xC1C0, 0xC1C0, 0xC1C0, 0xC1C0, 0xC1C0, 0xC1C0, 0xC1C0, 0xC9E0, 0xD200, 0xD200,
  0xE240, 0xEA40, 0xF260, 0xFA80, 0xFAC0, 0xFAE0, 0xFAE0, 0xFAE0, 0xFB00, 0xFB00, 0xFB00, 0xFB20,
  0xFB20, 0xFB40, 0xFB60, 0xFB80, 0xFBA0, 0xFBA0, 0xFBC0, 0xFBE0, 0xFBC0, 0xFC60, 0xFE60, 0xFF20,
  0xFEC0, 0xFEE0, 0xFEE0, 0xFF00, 0xFEA0, 0xFE20, 0xFDE0, 0xFDE0, 0xFDC0, 0xFDC0, 0xFDE0, 0xFE00,
  0xFE20, 0xFE20, 0xFE40, 0xFE80, 0xFEC2, 0xFF20, 0xFFA8, 0xFFD2, 0xFFD5, 0xFFF8, 0xFFD4, 0xFF41,
  0xFEA0, 0xFE43, 0xFE00, 0xFDE0,
  0x00EF, 0x00CF, 0x00EF, 0x01FA, 0x019B, 0x019A, 0x01BA, 0x01BA, 0x01BB, 0x01BB, 0x01DC, 0x01DB,
  0x01BB, 0x01BB, 0x01BB, 0x01BB, 0x01BB, 0x01BB, 0x01BB, 0x01DC, 0x01BA, 0x0156, 0x0177, 0x0156,
  0x0197, 0x01FC, 0x01DC, 0x01DC, 0x01DB, 0x01BB, 0x01BB, 0x01BB, 0x01BB, 0x01BB, 0x01BB, 0x01BA,
  0x01BA, 0x01BA, 0x01BA, 0x01BA, 0x01BA, 0x019A, 0x0199, 0x0199, 0x01B9, 0x0199, 0x0198, 0x0197,
  0x0197, 0x0176, 0x0175, 0x0153, 0x0153, 0x0153, 0x0132, 0x0132, 0x0111, 0x0111, 0x0110, 0x00F0,
  0x00EF, 0x00EF, 0x00CF, 0x00CF, 0x00CF, 0x00CF, 0x00CF, 0x00CF, 0x00CF, 0x00CF, 0x00CF, 0x00AF,
  0x00AE, 0x008E, 0x008E, 0x008D, 0x008D, 0x006D, 0x006E, 0x006E, 0x006E, 0x004E, 0x004D, 0x004D,
  0x002D, 0x002D, 0x002D, 0x000D, 0x000D, 0x000D, 0x000D, 0x000D, 0x000C, 0x000C, 0x000C, 0x000C,
  0x000B, 0x000B, 0x000B, 0x000B, 0x000B, 0x000B, 0x000B, 0x000B, 0x000B, 0x000B, 0x000B, 0x000A,
  0x000A, 0x000A, 0x000A, 0x000A, 0x00CB, 0x00AB, 0x00AB, 0x00AB, 0x08EB, 0x18CB, 0x000A, 0xA486,
  0xFEA0, 0xFE40, 0xFE60, 0xFE80, 0xB4E4, 0x0007, 0x6B07, 0xEE43, 0xFEC0, 0xFE61, 0xFEC0, 0xD5C2,
  0x31C6, 0x0009, 0x294A, 0x008A, 0x00AA, 0x006A, 0x39A9, 0x0009, 0x9C66, 0xFE80, 0xFE60, 0xE622,
  0xFE60, 0xF660, 0x6B07, 0x0009, 0x10E9, 0x00A9, 0x00A9, 0x0089, 0x08A8, 0x0006, 0x10E4, 0x0003,
  0xACC2, 0xFE60, 0xFEC0, 0x9C42, 0x0004, 0x0004, 0x0004, 0x0065, 0x0087, 0x0088, 0x18E7, 0x0006,
  0xCDA3, 0xFE40, 0xFE60, 0xACA2, 0x0003, 0x0003, 0x83C1, 0xFEA0, 0xFE80, 0xD5A2, 0x0006, 0x2926,
  0x0067, 0x10C7, 0x0007, 0x00A5, 0xCDA2, 0xFEC0, 0xF660, 0x6303, 0x0004, 0x0005, 0x5B05, 0xF6A1,
  0xFEA0, 0xD5E2, 0x00E5, 0x0006, 0x1907, 0x0067, 0x0087, 0x0087, 0x0087, 0x0087, 0x0087, 0x0087,
  0x0067, 0x1927, 0x0007, 0x0007, 0xC583, 0xFEA0, 0xF640, 0xA461, 0x0001, 0x0001, 0x9422, 0xF6A2,
  0xFF00, 0xCD83, 0x00C6, 0x0006, 0x2126, 0x08A6, 0x20E6, 0x0005, 0xC582, 0xFEA0, 0xFEC0, 0x8C03,
  0x0006, 0x1086, 0x10C7, 0x08A7, 0x08A7, 0x08A7, 0x0087, 0x2946, 0x0006, 0x5B05, 0xF640, 0xFE60,
  0xF641, 0x5AA2, 0x0002, 0x0001, 0x9C41, 0xFE80, 0xFE60, 0xD5A1, 0x0006, 0x18C7, 0x18C7, 0x18C7,
  0x28E7, 0x0007, 0xDE03, 0xFE60, 0xFE60, 0x9C41, 0x0002, 0x0002, 0x8BA1, 0xFE80, 0xFE60, 0xD5A2,
  0x0005, 0x3966, 0x20C6, 0x3106, 0x0005, 0x5AA4, 0xF660, 0xFE80, 0xDDC1, 0x7B83, 0xEE22, 0xFE80,
  0xEE00, 0x83A1, 0x0003, 0x49C4, 0x30E5, 0x3906, 0x4126, 0x4126, 0x4126, 0x4126, 0x4106, 0x3906,
  0x4106, 0x4106, 0x4906, 0x4906, 0x4926, 0x4925, 0x4925, 0x4905, 0x5105, 0x5125, 0x5125, 0x5925,
  0x6145, 0x6145, 0x6964, 0x6964, 0x7164, 0x7164, 0x7183, 0x7983, 0x7983, 0x7982, 0x81A2, 0x89C2,
  0x91C2, 0x99E2, 0xAA21, 0xB221, 0xD360, 0xE440, 0xDBC0, 0xDAE0, 0xDAC0, 0xD2A0, 0xD280, 0xD280,
  0xD260, 0xD280, 0xD260, 0xD260, 0xD260, 0xD220, 0xCA00, 0xCA00, 0xC9E0, 0xC9E0, 0xC9E0, 0xC9E0,
  0xC9E0, 0xC9E0, 0xC9E0, 0xC9E0, 0xC9E0, 0xC9E0, 0xCA00, 0xD200, 0xD200, 0xDA20, 0xDA20, 0xE240,
  0xEA60, 0xEA60, 0xF280, 0xFAE0, 0xFAE0, 0xFB00, 0xFB00, 0xFB00, 0xFB00, 0xFB20, 0xFB20, 0xFB40,
  0xFB40, 0xFB60, 0xFB80, 0xFBA0, 0xFBC0, 0xFBE0, 0xFBE0, 0xFBA0, 0xFCA0, 0xFE80, 0xFF00, 0xFEC0,
  0xFEE0, 0xFF00, 0xFEE0, 0xFE60, 0xFDE0, 0xFDC0, 0xFDC0, 0xFDC0, 0xFDA0, 0xFDC0, 0xFE00, 0xFE00,
  0xFE20, 0xFE40, 0xFE60, 0xFE82, 0xFF00, 0xFF86, 0xFFD0, 0xFFD4, 0xFFD6, 0xFFD3, 0xFF44, 0xFEA0,
  0xFE43, 0xFE20, 0xFDE0, 0xFDC0,
  0x00EF, 0x00AD, 0x01B5, 0x01FC, 0x019A, 0x01BB, 0x01BB, 0x01BA, 0x01BA, 0x01BB, 0x01FC, 0x01BB,
  0x01BB, 0x01BB, 0x01BB, 0x01BB, 0x01BB, 0x01BB, 0x01DC, 0x01DB, 0x0177, 0x0156, 0x0177, 0x0157,
  0x01DA, 0x01FD, 0x01BC, 0x01DC, 0x01BB, 0x01BB, 0x01BB, 0x01BB, 0x01BB, 0x01BB, 0x01BA, 0x01BA,
  0x01BA, 0x01BA, 0x01BA, 0x01BA, 0x01BA, 0x01BA, 0x01BA, 0x01B9, 0x01B9, 0x01B9, 0x0198, 0x0157,
  0x0137, 0x0116, 0x00D4, 0x00B3, 0x00D3, 0x00B3, 0x0092, 0x0051, 0x0011, 0x0010, 0x000F, 0x000F,
  0x000E, 0x000E, 0x000E, 0x000E, 0x000E, 0x000E, 0x000D, 0x000D, 0x000E, 0x000E, 0x000D, 0x000D,
  0x000D, 0x000D, 0x000D, 0x000C, 0x000C, 0x000C, 0x000C, 0x000C, 0x000C, 0x000C, 0x000C, 0x000C,
  0x000C, 0x000C, 0x000C, 0x000C, 0x000C, 0x000C, 0x000C, 0x000C, 0x000B, 0x000B, 0x000B, 0x000B,
  0x000B, 0x000B, 0x000B, 0x000B, 0x000B, 0x000B, 0x000B, 0x000B, 0x000B, 0x000A, 0x000A, 0x000A,
  0x000A, 0x000A, 0x000A, 0x000B, 0x00EC, 0x00AC, 0x00CC, 0x00AC, 0x192B, 0x000B, 0x000A, 0xBD26,
  0xFEC0, 0xFE60, 0xF660, 0xFE80, 0xC523, 0x0005, 0xBCE4, 0xFEA0, 0xFE60, 0xFE61, 0xFEC0, 0xC542,
  0x0006, 0x0009, 0x192B, 0x00AB, 0x00AB, 0x214B, 0x000A, 0x01A9, 0xD583, 0xFEA0, 0xCD41, 0xB4C3,
  0xF600, 0xFE80, 0x83A6, 0x0009, 0x00AA, 0x08CA, 0x00A9, 0x00A9, 0x0068, 0x0047, 0x3145, 0x0004,
  0xCDA2, 0xFE80, 0xFEA1, 0x7B83, 0x0005, 0x1885, 0x18C5, 0x0066, 0x0087, 0x00A7, 0x0007, 0x0966,
  0xEE22, 0xFE60, 0xEE61, 0x29E3, 0x0004, 0x20E3, 0x41E2, 0xACA1, 0xB4C0, 0x93E3, 0x0006, 0x1907,
  0x0087, 0x10C7, 0x0007, 0x31E5, 0xE621, 0xFEA0, 0xF681, 0x8C03, 0x7304, 0x7324, 0xA483, 0xFE80,
  0xFE60, 0xC582, 0x0006, 0x20C7, 0x08C7, 0x0087, 0x0087, 0x0087, 0x0087, 0x0087, 0x0087, 0x0087,
  0x0067, 0x2947, 0x0007, 0x3A26, 0xD5C2, 0xFEC0, 0xE5E0, 0x5282, 0x0004, 0x20A4, 0x5AA4, 0xACC3,
  0xC541, 0x8BE4, 0x0005, 0x0006, 0x10C6, 0x1906, 0x0006, 0x00A5, 0xD5C2, 0xFEA0, 0xF680, 0x7364,
  0x0006, 0x18E6, 0x08A7, 0x08A7, 0x08A7, 0x08A7, 0x0066, 0x3186, 0x0006, 0x8C04, 0xF640, 0xFE80,
  0xC521, 0x0003, 0x39A4, 0x0004, 0x7BA2, 0xFE80, 0xFE80, 0xCD61, 0x0005, 0x20E7, 0x18C7, 0x20E7,
  0x0007, 0x4226, 0xEE82, 0xFE80, 0xEE41, 0x2982, 0x1802, 0x20E2, 0x5222, 0xB481, 0xBCA1, 0x93C3,
  0x0006, 0x3126, 0x28E6, 0x28E6, 0x0005, 0x7B84, 0xFEA0, 0xFE60, 0xE601, 0xDDC2, 0xFE40, 0xEDE0,
  0x8BA1, 0x0002, 0x41A3, 0x28A4, 0x3905, 0x4126, 0x4947, 0x4946, 0x4946, 0x4926, 0x38E6, 0x38E6,
  0x4106, 0x4926, 0x4905, 0x4105, 0x4105, 0x4105, 0x4905, 0x4905, 0x5125, 0x5925, 0x5945, 0x6145,
  0x6144, 0x6964, 0x6964, 0x6964, 0x7164, 0x7163, 0x7983, 0x7983, 0x81A3, 0x89A2, 0x91A2, 0x91A2,
  0x99C2, 0xAA01, 0xB221, 0xD340, 0xEC60, 0xEC40, 0xDB20, 0xDAC0, 0xDAC0, 0xDA80, 0xDA80, 0xD260,
  0xDA60, 0xDA40, 0xD220, 0xDA20, 0xDA00, 0xD1E0, 0xD1C0, 0xD1A0, 0xC980, 0xC960, 0xC960, 0xC980,
  0xD1A0, 0xD1A0, 0xD1A0, 0xD1A0, 0xD1A0, 0xD1A0, 0xD9C0, 0xD9E0, 0xDA00, 0xE200, 0xE200, 0xE200,
  0xEA20, 0xF280, 0xFAE0, 0xFB00, 0xFB00, 0xFB00, 0xFB20, 0xFB20, 0xFB20, 0xFB40, 0xFB40, 0xFB60,
  0xFB60, 0xFB80, 0xFBA0, 0xFBC0, 0xFBE0, 0xFC00, 0xFBC0, 0xFCC0, 0xFEA0, 0xFF00, 0xFEC0, 0xFEE0,
  0xFEE0, 0xFEC0, 0xFE20, 0xFDA0, 0xFDA0, 0xFDA0, 0xFDA0, 0xFDA0, 0xFDA0, 0xFDE0, 0xFE00, 0xFE00,
  0xFE20, 0xFE40, 0xFE62, 0xFEC0, 0xFF60, 0xFFCE, 0xFFD2, 0xFFD5, 0xFFD2, 0xFF45, 0xFEA0, 0xFE43,
  0xFE00, 0xFDE0, 0xFDC0, 0xFDA0,
  0x00EF, 0x00EF, 0x01FB, 0x01BB, 0x019A, 0x019B, 0x01BB, 0x01BA, 0x01BB, 0x01DC, 0x01BB, 0x01BB,
  0x01BB, 0x01BB, 0x01BB, 0x01BB, 0x01BB, 0x01BB, 0x01FC, 0x01B9, 0x0156, 0x0177, 0x0156, 0x0198,
  0x01FC, 0x01DC, 0x01DC, 0x01BC, 0x01BB, 0x01BB, 0x01BB, 0x01BB, 0x01BB, 0x01BB, 0x01BA, 0x01BA,
  0x01BA, 0x01BA, 0x01BA, 0x01BA, 0x01BA, 0x019A, 0x01BA, 0x01B9, 0x01B9, 0x0199, 0x01F9, 0x0259,
  0x0259, 0x0258, 0x0257, 0x0257, 0x0257, 0x0276, 0x0296, 0x0296, 0x02B6, 0x02D6, 0x02F6, 0x0316,
  0x0356, 0x0376, 0x03B6, 0x03D7, 0x03D7, 0x03F7, 0x0437, 0x0437, 0x0458, 0x0478, 0x0498, 0x04B8,
  0x04D8, 0x04F8, 0x04F8, 0x0518, 0x0518, 0x0518, 0x0538, 0x0559, 0x0579, 0x0579, 0x0579, 0x0599,
  0x05BA, 0x05BA, 0x05BA, 0x05DA, 0x05DA, 0x05DA, 0x05DA, 0x05DA, 0x05DA, 0x05FA, 0x05FA, 0x05FA,
  0x061A, 0x061A, 0x061A, 0x061A, 0x061A, 0x061A, 0x061A, 0x061A, 0x061A, 0x061A, 0x061A, 0x063A,
  0x061A, 0x061B, 0x061B, 0x04B6, 0x000A, 0x014D, 0x00CC, 0x00AC, 0x214C, 0x000B, 0x0949, 0xCD64,
  0xFEC0, 0xEE22, 0xDDC2, 0xFEA0, 0xCD63, 0x7385, 0xEE22, 0xFE60, 0xD5C3, 0xF622, 0xFEC0, 0xB4C3,
  0x0007, 0x0069, 0x10EB, 0x00AB, 0x00AB, 0x31AB, 0x000B, 0xA4A8, 0xF640, 0xFE80, 0x7B22, 0x83C3,
  0xF621, 0xFEA0, 0xA485, 0x0009, 0x000A, 0x10EA, 0x0089, 0x0089, 0x0068, 0x10E7, 0x18A6, 0x0085,
  0xDDE2, 0xFE80, 0xF661, 0x5283, 0x0004, 0x10C5, 0x0886, 0x0067, 0x0087, 0x10C7, 0x0007, 0x52A5,
  0xF642, 0xFE60, 0xDE02, 0x0103, 0x1065, 0x0885, 0x0004, 0x0003, 0x0003, 0x0005, 0x10C6, 0x0047,
  0x0087, 0x10A7, 0x0006, 0x5A85, 0xF640, 0xFE60, 0xFE60, 0xFEA1, 0xFE81, 0xFE80, 0xFE60, 0xF600,
  0xFE40, 0xB4C2, 0x0006, 0x3167, 0x0067, 0x0087, 0x0087, 0x0087, 0x0087, 0x0087, 0x0087, 0x0087,
  0x0067, 0x2947, 0x0006, 0x5AE4, 0xE5E1, 0xFEA0, 0xDDC1, 0x4A44, 0x0005, 0x3185, 0x0005, 0x0003,
  0x0003, 0x0004, 0x0885, 0x08A6, 0x0046, 0x2966, 0x0006, 0x4265, 0xDE01, 0xFEC0, 0xEE40, 0x5284,
  0x0006, 0x2106, 0x0086, 0x08A6, 0x08A6, 0x10A6, 0x0086, 0x3986, 0x0006, 0xAC83, 0xFE20, 0xFE60,
  0xACA2, 0x0004, 0x2945, 0x0005, 0xA4A3, 0xFE60, 0xFE60, 0xB4E2, 0x0005, 0x20E6, 0x18C7, 0x2107,
  0x0006, 0x62E5, 0xF660, 0xFE60, 0xE601, 0x10C3, 0x1864, 0x18A4, 0x0003, 0x0002, 0x0002, 0x0004,
  0x3126, 0x28E7, 0x3107, 0x28E6, 0x0005, 0x93E3, 0xFEA0, 0xFE40, 0xFE60, 0xFE20, 0xFE00, 0xCD21,
  0x0003, 0x4163, 0x3104, 0x30E5, 0x4126, 0x4946, 0x4946, 0x5166, 0x38A6, 0x59C5, 0xC3C3, 0xDC22,
  0xD402, 0xDC22, 0xDC22, 0xD422, 0xD402, 0xD402, 0xDC02, 0xDC22, 0xDC22, 0xDC42, 0xDC42, 0xDC62,
  0xDC61, 0xDC41, 0xDC41, 0xDC41, 0xDC41, 0xDC41, 0xDC41, 0xDC41, 0xDC41, 0xE441, 0xE440, 0xDC40,
  0xE440, 0xE440, 0xE440, 0xF4A0, 0xFCE0, 0xF4C0, 0xF480, 0xF480, 0xF480, 0xF460, 0xF460, 0xF480,
  0xEC80, 0xEC60, 0xEC60, 0xEC60, 0xEC40, 0xEC40, 0xEC40, 0xEC20, 0xE420, 0xE420, 0xE400, 0xE3C0,
  0xE3C0, 0xE3A0, 0xE3A0, 0xE380, 0xE380, 0xE380, 0xEB60, 0xEB40, 0xEB40, 0xEB40, 0xEB20, 0xF320,
  0xF320, 0xFB40, 0xFB00, 0xFB00, 0xFB20, 0xFB20, 0xFB20, 0xFB40, 0xFB40, 0xFB40, 0xFB60, 0xFB80,
  0xFBA0, 0xFBC0, 0xFBC0, 0xFBE0, 0xFC00, 0xFBE0, 0xFD00, 0xFEA0, 0xFEE0, 0xFEA0, 0xFEE0, 0xFEE0,
  0xFEA0, 0xFDE0, 0xFD80, 0xFD80, 0xFD80, 0xFD80, 0xFD80, 0xFDA0, 0xFDC0, 0xFDE0, 0xFE00, 0xFE20,
  0xFE40, 0xFE61, 0xFE81, 0xFF20, 0xFFAB, 0xFFD1, 0xFFD3, 0xFFF2, 0xFF67, 0xFEA0, 0xFE43, 0xFE00,
  0xFDE0, 0xFDC0, 0xFDA0, 0xFD80,
  0x00AE, 0x0195, 0x01FD, 0x019B, 0x01BB, 0x01BB, 0x01BB, 0x019A, 0x01DC, 0x01DC, 0x01BB, 0x01BB,
  0x01BB, 0x01BB, 0x01BB, 0x01DB, 0x01BB, 0x01DC, 0x01DB, 0x0157, 0x0177, 0x0157, 0x0177, 0x01FB,
  0x01FD, 0x01DC, 0x01DC, 0x01DC, 0x01BB, 0x01BB, 0x01BB, 0x01BB, 0x01BB, 0x01BB, 0x01BA, 0x01BA,
  0x01BA, 0x01BA, 0x019A, 0x019A, 0x01BA, 0x019A, 0x0199, 0x01B9, 0x01B9, 0x0138, 0x031B, 0x043E,
  0x043E, 0x045E, 0x047E, 0x045E, 0x045E, 0x047E, 0x049E, 0x04BE, 0x04BE, 0x04FF, 0x053F, 0x055F,
  0x059F, 0x05BF, 0x05FF, 0x05FF, 0x061F, 0x063F, 0x065F, 0x067F, 0x069F, 0x06BF, 0x06DF, 0x06FF,
  0x06FF, 0x071F, 0x073F, 0x071F, 0x071F, 0x073F, 0x075F, 0x077F, 0x077F, 0x077F, 0x079F, 0x079F,
  0x079F, 0x07BF, 0x07BF, 0x07BF, 0x07BF, 0x07BF, 0x07DF, 0x07DF, 0x07DF, 0x07DF, 0x07FF, 0x07FF,
  0x07FF, 0x07FF, 0x07FF, 0x07DF, 0x07DF, 0x07BF, 0x07BF, 0x07BF, 0x07DF, 0x07DF, 0x07DF, 0x07DF,
  0x07BF, 0x07DF, 0x07DF, 0x0578, 0x0007, 0x01CD, 0x008C, 0x00AC, 0x294B, 0x000C, 0x4A49, 0xDDA2,
  0xFEA0, 0xCD63, 0xB4C3, 0xFE60, 0xE5E2, 0xCD83, 0xFE60, 0xD542, 0xB4E4, 0xFE41, 0xFE80, 0x9C45,
  0x0009, 0x210A, 0x00CB, 0x008B, 0x214A, 0x000A, 0x11CA, 0xDDE5, 0xFEA0, 0xE5C2, 0x0003, 0x6303,
  0xF641, 0xFEA0, 0xBD23, 0x0008, 0x0009, 0x1909, 0x0089, 0x00A9, 0x0089, 0x1908, 0x0007, 0x4A65,
  0xEE02, 0xFE60, 0xEE00, 0x2184, 0x0006, 0x0887, 0x0067, 0x0087, 0x0087, 0x1907, 0x0007, 0x7BA5,
  0xFE41, 0xFE40, 0xCD81, 0x0003, 0x2925, 0x10A5, 0x0006, 0x0006, 0x0005, 0x2106, 0x0066, 0x0086,
  0x00A7, 0x0087, 0x0006, 0x7B44, 0xF640, 0xF600, 0xFE40, 0xFE40, 0xFE40, 0xFE40, 0xFE20, 0xFE20,
  0xF620, 0x9C03, 0x0005, 0x3187, 0x0047, 0x0087, 0x0087, 0x0087, 0x0087, 0x0087, 0x0087, 0x0087,
  0x0067, 0x2946, 0x0005, 0x7B83, 0xEE00, 0xFE80, 0xCD61, 0x0924, 0x0006, 0x2925, 0x0004, 0x0004,
  0x0084, 0x18E4, 0x08A5, 0x0086, 0x0066, 0x3186, 0x0007, 0x6B65, 0xEE20, 0xFEA0, 0xDDC1, 0x39E4,
  0x0005, 0x3146, 0x18E6, 0x10A6, 0x0886, 0x10A6, 0x0886, 0x3166, 0x0006, 0xBD02, 0xFE00, 0xFE60,
  0x9C23, 0x0005, 0x3986, 0x0006, 0xB4E3, 0xFE20, 0xFE60, 0xA462, 0x0005, 0x2106, 0x18C7, 0x2907,
  0x0006, 0x7B83, 0xF620, 0xFE40, 0xD5A1, 0x0004, 0x3145, 0x20C5, 0x0004, 0x0003, 0x0004, 0x3125,
  0x28E6, 0x3107, 0x3927, 0x28C6, 0x0005, 0x9C22, 0xFE40, 0xFE00, 0xFE20, 0xFE00, 0xFE00, 0xF5E1,
  0x8364, 0x0005, 0x49A5, 0x3905, 0x4926, 0x4946, 0x4946, 0x5986, 0x2006, 0x7A64, 0xF4C0, 0xFD00,
  0xFCC0, 0xFCE0, 0xFD00, 0xFD00, 0xFCE0, 0xFCE0, 0xFCE0, 0xFD00, 0xFD00, 0xFD00, 0xFD20, 0xFD20,
  0xFD20, 0xFD20, 0xFD20, 0xFD20, 0xFD20, 0xFD40, 0xFD40, 0xFD20, 0xFD20, 0xFD20, 0xFD40, 0xFD40,
  0xFD40, 0xFD20, 0xFD20, 0xFD00, 0xFD20, 0xFD40, 0xFD60, 0xFD60, 0xFD60, 0xFD80, 0xFD80, 0xFDA0,
  0xFDA0, 0xFDA0, 0xFDC0, 0xFDC0, 0xFDC0, 0xFDC0, 0xFDC0, 0xFDC0, 0xFDC0, 0xFDE0, 0xFDC0, 0xFDA0,
  0xFD80, 0xFD60, 0xFD60, 0xFD60, 0xFD60, 0xFD60, 0xFD40, 0xFD40, 0xFD20, 0xFD20, 0xFD20, 0xFD00,
  0xFD20, 0xFC80, 0xFAC0, 0xFB20, 0xFB20, 0xFB40, 0xFB40, 0xFB40, 0xFB60, 0xFB60, 0xFB80, 0xFBA0,
  0xFBC0, 0xFBC0, 0xFBE0, 0xFC00, 0xFC00, 0xFD60, 0xFEC0, 0xFEE0, 0xFEA0, 0xFEE0, 0xFEE0, 0xFE60,
  0xFDA0, 0xFD60, 0xFD60, 0xFD80, 0xFD80, 0xFD60, 0xFD80, 0xFDA0, 0xFDC0, 0xFDE0, 0xFE00, 0xFE20,
  0xFE40, 0xFE62, 0xFF00, 0xFF89, 0xFFAF, 0xFFD2, 0xFFD1, 0xFF88, 0xFEC0, 0xFE42, 0xFE00, 0xFDC0,
  0xFDA0, 0xFDA0, 0xFD80, 0xFD60,
  0x00EF, 0x01FA, 0x01BC, 0x01BB, 0x01BB, 0x01BB, 0x019A, 0x01BB, 0x01FC, 0x01BB, 0x01BB, 0x01BB,
  0x01BB, 0x01BB, 0x01BB, 0x01BB, 0x01DC, 0x01FC, 0x0178, 0x0177, 0x0177, 0x0157, 0x01D9, 0x021D,
  0x01DC, 0x01DC, 0x01DC, 0x01DC, 0x01DB, 0x01BB, 0x01BB, 0x01BB, 0x01BB, 0x01BB, 0x01BB, 0x01BA,
  0x01BA, 0x01BA, 0x019A, 0x01BA, 0x01BA, 0x01BA, 0x0199, 0x01B9, 0x01B9, 0x0199, 0x0219, 0x0258,
  0x0237, 0x0257, 0x0256, 0x0256, 0x0256, 0x0235, 0x0235, 0x0234, 0x0234, 0x0254, 0x0274, 0x0274,
  0x0294, 0x02B4, 0x02D4, 0x02F4, 0x02F4, 0x0334, 0x0334, 0x0354, 0x0374, 0x0395, 0x03B5, 0x03B4,
  0x03D4, 0x03F4, 0x03F5, 0x03F5, 0x03F5, 0x0415, 0x0415, 0x0435, 0x0435, 0x0455, 0x0455, 0x0475,
  0x0476, 0x0476, 0x0496, 0x0496, 0x0496, 0x0496, 0x04B6, 0x04D6, 0x04D6, 0x04D6, 0x04D6, 0x04F6,
  0x04F6, 0x04F6, 0x04F6, 0x04F6, 0x04F6, 0x04F6, 0x04F6, 0x0517, 0x0517, 0x0537, 0x0537, 0x0517,
  0x04F7, 0x0517, 0x04F6, 0x02F1, 0x000B, 0x014D, 0x00AC, 0x00AC, 0x294B, 0x000B, 0x6B29, 0xEE01,
  0xFE80, 0xBCC3, 0x93E3, 0xFE20, 0xFE00, 0xFE00, 0xF5E0, 0x8BA4, 0xB483, 0xFE60, 0xF620, 0x8386,
  0x000A, 0x294B, 0x00AB, 0x008B, 0x318A, 0x0009, 0x9C46, 0xF620, 0xFE60, 0xE5E2, 0xACE3, 0xC543,
  0xF620, 0xFE40, 0xD562, 0x1947, 0x0009, 0x190A, 0x008A, 0x00A9, 0x0089, 0x2948, 0x0007, 0x7365,
  0xF620, 0xFE40, 0xD561, 0x0005, 0x0007, 0x08A8, 0x0088, 0x0088, 0x0088, 0x2128, 0x0008, 0xA484,
  0xFE20, 0xFDE0, 0xB4A1, 0x0004, 0x1886, 0x0006, 0x6B25, 0x83C5, 0x7B85, 0x31A6, 0x0007, 0x08A7,
  0x08A7, 0x0047, 0x0005, 0x9423, 0xFE60, 0xFE00, 0xCD21, 0x7B01, 0x8B82, 0x8B82, 0xDD81, 0xFE60,
  0xF600, 0x8383, 0x0006, 0x3186, 0x0027, 0x0087, 0x0087, 0x0087, 0x0087, 0x0087, 0x0087, 0x0086,
  0x0086, 0x20E6, 0x0006, 0x9423, 0xFE20, 0xFE60, 0xBCC1, 0x0003, 0x0005, 0x0006, 0x6304, 0x83C3,
  0x7B43, 0x39C4, 0x0006, 0x10C6, 0x0046, 0x3986, 0x0007, 0x8C04, 0xF620, 0xFE80, 0xC521, 0x0005,
  0x0006, 0x0006, 0x0006, 0x0066, 0x10A6, 0x08A6, 0x10C6, 0x2906, 0x0005, 0xCD62, 0xFDE0, 0xFE60,
  0x7343, 0x0005, 0x28E5, 0x0005, 0xC542, 0xFDE0, 0xFE20, 0x8BA2, 0x0006, 0x20E6, 0x20C7, 0x2927,
  0x0006, 0x9C23, 0xFE20, 0xFE00, 0xB4A1, 0x0003, 0x3105, 0x0006, 0x6B25, 0x8BC4, 0x8384, 0x49E5,
  0x2046, 0x3926, 0x3926, 0x28A6, 0x0005, 0xB482, 0xFE00, 0xFDC0, 0xE580, 0xC4E0, 0xFDC0, 0xFDE0,
  0xD522, 0x0005, 0x4945, 0x4966, 0x4946, 0x5146, 0x5146, 0x5966, 0x4906, 0x7225, 0xAB43, 0xB343,
  0xAB23, 0xB343, 0xB343, 0xB343, 0xB343, 0xB343, 0xB343, 0xB342, 0xB342, 0xB362, 0xB362, 0xB362,
  0xB342, 0xB342, 0xB362, 0xBB62, 0xBB61, 0xBB81, 0xBB81, 0xBB81, 0xBB61, 0xBB61, 0xC360, 0xCB80,
  0xCB80, 0xDC20, 0xE480, 0xE440, 0xE3E0, 0xDBE0, 0xDBC0, 0xDBA0, 0xDBA0, 0xDBC0, 0xDBC0, 0xDBC0,
  0xDBA0, 0xDBA0, 0xDBA0, 0xDBA0, 0xDB80, 0xDB80, 0xDB60, 0xDB60, 0xDB60, 0xDB60, 0xDB60, 0xDB40,
  0xD320, 0xD300, 0xD300, 0xDB00, 0xDB00, 0xDB00, 0xDB00, 0xDB00, 0xE300, 0xE320, 0xEB20, 0xF340,
  0xFB60, 0xFB40, 0xFB20, 0xFB40, 0xFB40, 0xFB40, 0xFB60, 0xFB60, 0xFB80, 0xFB80, 0xFBA0, 0xFBC0,
  0xFBE0, 0xFC00, 0xFBE0, 0xFC00, 0xFD80, 0xFEC0, 0xFEC0, 0xFEA0, 0xFEE0, 0xFEC0, 0xFE00, 0xFD60,
  0xFD40, 0xFD60, 0xFD60, 0xFD60, 0xFD60, 0xFD60, 0xFD80, 0xFDC0, 0xFDE0, 0xFE00, 0xFE00, 0xFE20,
  0xFE42, 0xFEC0, 0xFF86, 0xFFCE, 0xFFB1, 0xFFD0, 0xFF88, 0xFEA0, 0xFE42, 0xFE00, 0xFDC0, 0xFDA0,
  0xFD80, 0xFD80, 0xFD60, 0xFD20,
  0x0174, 0x01FD, 0x019B, 0x01BB, 0x01BB, 0x01BB, 0x019B, 0x01FC, 0x01DB, 0x01BB, 0x01BB, 0x01BB,
  0x01BB, 0x01BB, 0x01BB, 0x01BB, 0x01FC, 0x01DA, 0x0157, 0x0178, 0x0157, 0x0197, 0x021C, 0x01DD,
  0x01DC, 0x01DC, 0x01DC, 0x01DC, 0x01DB, 0x01BB, 0x01BB, 0x01BB, 0x01BB, 0x01BB, 0x01BB, 0x01BA,
  0x01BA, 0x01BA, 0x01BA, 0x01BA, 0x019A, 0x01BA, 0x01B9, 0x0199, 0x0199, 0x01B9, 0x0158, 0x0095,
  0x0053, 0x0012, 0x0012, 0x0011, 0x0011, 0x0011, 0x0011, 0x0010, 0x0010, 0x000F, 0x000F, 0x000F,
  0x000F, 0x000E, 0x000E, 0x000E, 0x000E, 0x000D, 0x000D, 0x000D, 0x000C, 0x000C, 0x000C, 0x000C,
  0x000B, 0x000B, 0x000B, 0x000B, 0x000B, 0x000B, 0x000B, 0x000A, 0x000A, 0x000A, 0x000A, 0x000A,
  0x000A, 0x0009, 0x0009, 0x0009, 0x0009, 0x0008, 0x0008, 0x0008, 0x0008, 0x0007, 0x0007, 0x0007,
  0x0006, 0x0006, 0x0006, 0x0006, 0x0006, 0x0006, 0x0006, 0x0006, 0x0006, 0x0006, 0x0007, 0x0007,
  0x0007, 0x0006, 0x0006, 0x000B, 0x012D, 0x008C, 0x00CC, 0x00CC, 0x210B, 0x000A, 0x8387, 0xFDE0,
  0xFE40, 0xAC64, 0x62E5, 0xF621, 0xFDE0, 0xFE00, 0xCD01, 0x29C4, 0xCCE2, 0xFE20, 0xE580, 0x5AA5,
  0x0009, 0x296B, 0x006B, 0x216B, 0x000B, 0x19A9, 0xD564, 0xFE00, 0xFDE0, 0xFE60, 0xFEA0, 0xFE80,
  0xFDE0, 0xFDE0, 0xE5A0, 0x4A26, 0x0009, 0x18EA, 0x00AA, 0x00AA, 0x0089, 0x3169, 0x0007, 0x9C25,
  0xFE00, 0xFE40, 0xBCE2, 0x0006, 0x0068, 0x08A8, 0x0088, 0x0088, 0x0088, 0x2128, 0x0007, 0xB4E3,
  0xFDE0, 0xFDE0, 0xBCE2, 0x0005, 0x0006, 0x31E5, 0xE5E2, 0xFE20, 0xEE21, 0x4A44, 0x0006, 0x18E7,
  0x08A7, 0x0006, 0x0005, 0xB4C3, 0xFE41, 0xFE21, 0x9C22, 0x0003, 0x0003, 0x0002, 0xD521, 0xFE20,
  0xEDE1, 0x5AE5, 0x0006, 0x2966, 0x0047, 0x0087, 0x0087, 0x0087, 0x0087, 0x0087, 0x0086, 0x0066,
  0x08C6, 0x1886, 0x0006, 0xACA3, 0xFE40, 0xFE20, 0xBCC1, 0x0003, 0x0005, 0x4A65, 0xDDA2, 0xFE80,
  0xEDE1, 0x6AE4, 0x0005, 0x2946, 0x0046, 0x3965, 0x0005, 0xA463, 0xFDE0, 0xFE40, 0xB4C2, 0x0005,
  0x0007, 0x0927, 0x00A6, 0x10A6, 0x10A6, 0x0886, 0x18E6, 0x20A6, 0x0004, 0xDD61, 0xFDC0, 0xFE20,
  0x7B63, 0x0005, 0x0005, 0x3A44, 0xE5C1, 0xFDE0, 0xFE20, 0x62A3, 0x0005, 0x20C6, 0x18C7, 0x3147,
  0x0006, 0xB4A3, 0xFE20, 0xFDE0, 0xBCA1, 0x0003, 0x0005, 0x39C5, 0xE5E3, 0xFE61, 0xF621, 0x62A4,
  0x0006, 0x4166, 0x3926, 0x2046, 0x0885, 0xCD01, 0xFE00, 0xFDC0, 0x9381, 0x0002, 0xEDC0, 0xFDE0,
  0xF5A0, 0x9383, 0x0006, 0x61C6, 0x5146, 0x5166, 0x5966, 0x5966, 0x5986, 0x5125, 0x2805, 0x2005,
  0x2805, 0x2805, 0x3005, 0x3005, 0x3805, 0x3805, 0x3805, 0x4004, 0x4004, 0x4804, 0x5044, 0x5044,
  0x5863, 0x60A3, 0x68E3, 0x70E3, 0x7103, 0x7922, 0x8142, 0x8962, 0x8982, 0x8982, 0x91A1, 0x9981,
  0xB260, 0xD420, 0xDC80, 0xDB80, 0xD2A0, 0xD280, 0xCA60, 0xCA40, 0xCA40, 0xCA40, 0xCA20, 0xCA20,
  0xCA00, 0xD200, 0xD1E0, 0xD1C0, 0xC9C0, 0xC9C0, 0xC9A0, 0xC9A0, 0xC9A0, 0xC980, 0xC9A0, 0xD1C0,
  0xD1C0, 0xD1C0, 0xD1C0, 0xD1E0, 0xD1E0, 0xD200, 0xDA00, 0xDA20, 0xE220, 0xE220, 0xF240, 0xFA80,
  0xFAA0, 0xFB00, 0xFB40, 0xFB40, 0xFB40, 0xFB60, 0xFB60, 0xFB80, 0xFB80, 0xFBA0, 0xFBC0, 0xFBE0,
  0xFC00, 0xFC00, 0xFC20, 0xFDA0, 0xFEC0, 0xFEA0, 0xFEA0, 0xFEE0, 0xFE80, 0xFDC0, 0xFD20, 0xFD40,
  0xFD40, 0xFD40, 0xFD40, 0xFD40, 0xFD60, 0xFD80, 0xFDA0, 0xFDC0, 0xFDE0, 0xFDE0, 0xFE00, 0xFE21,
  0xFE80, 0xFF42, 0xFFCC, 0xFFB0, 0xFFD0, 0xFF89, 0xFEC0, 0xFE21, 0xFDE0, 0xFDC0, 0xFDA0, 0xFD80,
  0xFD80, 0xFD40, 0xFD00, 0xFCE0,
  0x01FB, 0x01BC, 0x01BB, 0x01BB, 0x01BB, 0x019B, 0x01DC, 0x01FC, 0x01BB, 0x01BB, 0x01BB, 0x01BB,
  0x01BB, 0x01BB, 0x01BB, 0x01DC, 0x01FB, 0x0177, 0x0178, 0x0178, 0x0177, 0x01DA, 0x01FD, 0x01BC,
  0x01DC, 0x01DC, 0x01DC, 0x01DC, 0x01BB, 0x01BB, 0x01BB, 0x01BB, 0x01BB, 0x01BB, 0x01BB, 0x01BA,
  0x01BA, 0x01BA, 0x01BA, 0x019A, 0x019A, 0x01BA, 0x01BA, 0x0199, 0x01BA, 0x01B9, 0x0176, 0x0175,
  0x0195, 0x0174, 0x0174, 0x0173, 0x0173, 0x0173, 0x0173, 0x0172, 0x0172, 0x0172, 0x0172, 0x0172,
  0x0172, 0x0172, 0x0191, 0x0191, 0x0191, 0x0191, 0x0191, 0x0191, 0x01B0, 0x01B0, 0x01B0, 0x01B0,
  0x01B0, 0x01B0, 0x01B0, 0x01AF, 0x01AF, 0x01AF, 0x01CF, 0x01CF, 0x01CF, 0x01CF, 0x01CF, 0x01CF,
  0x01CF, 0x01CF, 0x01CF, 0x01CE, 0x01CE, 0x01CE, 0x01CE, 0x01CE, 0x01CE, 0x01CE, 0x01CE, 0x01CE,
  0x01CE, 0x01CD, 0x01CD, 0x01CD, 0x01CD, 0x01CD, 0x01CD, 0x01CD, 0x01CD, 0x01CD, 0x01CD, 0x01CE,
  0x01CE, 0x01CE, 0x01CE, 0x014D, 0x008C, 0x00CC, 0x00CC, 0x08EC, 0x10AC, 0x000A, 0x9BE6, 0xFDC0,
  0xFDC0, 0x8BA4, 0x0165, 0xE5A1, 0xFE20, 0xFE01, 0x8343, 0x2984, 0xE562, 0xFE00, 0xCD01, 0x31A5,
  0x0009, 0x214A, 0x008B, 0x316B, 0x000C, 0xA468, 0xFE00, 0xFDE0, 0xDD41, 0xCCE2, 0xCCE2, 0xCCE2,
  0xEDA0, 0xFDC0, 0xF5E0, 0x7306, 0x0008, 0x10CA, 0x00AA, 0x00AA, 0x008A, 0x3169, 0x0008, 0xB4C4,
  0xFDE0, 0xFE00, 0xA442, 0x0006, 0x0088, 0x08A8, 0x0089, 0x00A8, 0x0088, 0x2107, 0x0007, 0xA443,
  0xFE00, 0xFDC0, 0xF601, 0xC504, 0xB4C4, 0xDDC2, 0xFDE0, 0xFDA0, 0xC4E0, 0x0004, 0x2905, 0x0066,
  0x10C7, 0x0007, 0x0026, 0xCD42, 0xFE00, 0xF5E0, 0x8BA3, 0x0003, 0x2943, 0x5A82, 0xE540, 0xFDA0,
  0xDD81, 0x29C4, 0x0006, 0x2126, 0x0066, 0x0086, 0x0087, 0x0087, 0x0086, 0x0086, 0x0086, 0x0066,
  0x0086, 0x2906, 0x0005, 0x9402, 0xFE00, 0xFDC0, 0xEDA0, 0xC4C2, 0xAC63, 0xDD61, 0xF580, 0xFE00,
  0xCD22, 0x00E5, 0x0006, 0x2106, 0x0086, 0x3105, 0x0004, 0xB482, 0xFDC0, 0xFDE0, 0xE581, 0xD522,
  0xD523, 0xD543, 0xCD23, 0x5245, 0x0006, 0x18C6, 0x10A6, 0x3126, 0x0005, 0xC4E1, 0xFDC0, 0xFDC0,
  0xE561, 0xAC43, 0xAC23, 0xE582, 0xFDE0, 0xFE20, 0xD541, 0x0004, 0x1085, 0x20C6, 0x20C7, 0x2926,
  0x0006, 0x93E3, 0xFE00, 0xFD80, 0xF580, 0xBC82, 0xAC03, 0xD501, 0xFDA0, 0xFDC0, 0xDD41, 0x0005,
  0x4146, 0x3906, 0x3926, 0x2006, 0x3165, 0xDD41, 0xFDC0, 0xF5A0, 0x6AE2, 0x0003, 0xAC81, 0xFE00,
  0xFD60, 0xD4E1, 0x20A5, 0x5126, 0x59A6, 0x5966, 0x5966, 0x5966, 0x5966, 0x6185, 0x69C5, 0x69C5,
  0x69C5, 0x71C5, 0x71C5, 0x71C5, 0x71E5, 0x79E5, 0x79E4, 0x79E4, 0x79E4, 0x8204, 0x8204, 0x8A04,
  0x8A23, 0x9223, 0x9223, 0x9A43, 0x9A62, 0xA262, 0xA262, 0xA282, 0xAA82, 0xB2C1, 0xBAC1, 0xCAE1,
  0xE440, 0xECE0, 0xE440, 0xE360, 0xE360, 0xE360, 0xE320, 0xE320, 0xE300, 0xE300, 0xE2E0, 0xE2E0,
  0xE2E0, 0xE2C0, 0xE2C0, 0xE2C0, 0xE2C0, 0xE2A0, 0xDAA0, 0xDA80, 0xDA80, 0xDA80, 0xDA80, 0xDA80,
  0xDA80, 0xDA80, 0xDA80, 0xE280, 0xE280, 0xE280, 0xE2A0, 0xEAA0, 0xF2C0, 0xFAE0, 0xFB00, 0xFB00,
  0xFB40, 0xFB40, 0xFB40, 0xFB40, 0xFB60, 0xFB60, 0xFB80, 0xFBA0, 0xFBC0, 0xFBC0, 0xFBE0, 0xFC00,
  0xFBE0, 0xFC60, 0xFDE0, 0xFEE0, 0xFEA0, 0xFEA0, 0xFEC0, 0xFE40, 0xFD60, 0xFD20, 0xFD20, 0xFD20,
  0xFD20, 0xFD40, 0xFD40, 0xFD40, 0xFD60, 0xFD80, 0xFDA0, 0xFDC0, 0xFDC0, 0xFDE0, 0xFE01, 0xFE40,
  0xFF20, 0xFFAA, 0xFFAF, 0xFFCF, 0xFF88, 0xFEC0, 0xFE21, 0xFDE1, 0xFDC0, 0xFDA0, 0xFD80, 0xFD80,
  0xFD40, 0xFD00, 0xFCE0, 0xFCE0,
  0x01FC, 0x01BB, 0x01BB, 0x01BB, 0x01BB, 0x01BB, 0x021D, 0x01BC, 0x01BB, 0x01BB, 0x01BB, 0x01BB,
  0x01BB, 0x01BB, 0x01DC, 0x01FC, 0x0199, 0x0178, 0x0198, 0x0177, 0x01B8, 0x021D, 0x01DC, 0x01DC,
  0x01DC, 0x01DC, 0x01DC, 0x01DC, 0x01DB, 0x01BB, 0x01BB, 0x01BB, 0x01BB, 0x01BB, 0x01BB, 0x01BA,
  0x01BA, 0x01BA, 0x01BA, 0x01BA, 0x01BA, 0x01BA, 0x019A, 0x019A, 0x01BA, 0x0177, 0x0155, 0x0155,
  0x0155, 0x0134, 0x0134, 0x0133, 0x0113, 0x0112, 0x0112, 0x0112, 0x0112, 0x0112, 0x0112, 0x0111,
  0x0111, 0x00F1, 0x00F1, 0x00F0, 0x00F0, 0x00F0, 0x00F0, 0x00F0, 0x00F0, 0x00CF, 0x00CF, 0x00CF,
  0x00CF, 0x00CF, 0x00CF, 0x00CF, 0x00CF, 0x00AF, 0x00AE, 0x00AE, 0x00AE, 0x00AE, 0x00AE, 0x00AE,
  0x00AE, 0x00AE, 0x00AD, 0x008D, 0x008D, 0x008D, 0x008D, 0x008D, 0x008D, 0x008D, 0x008D, 0x008C,
  0x008C, 0x008C, 0x008C, 0x008C, 0x008C, 0x008C, 0x008C, 0x008C, 0x008C, 0x008C, 0x008C, 0x008C,
  0x008C, 0x008C, 0x008C, 0x00AC, 0x00CC, 0x00CC, 0x00AC, 0x192C, 0x000C, 0x008A, 0xC4C5, 0xFE00,
  0xED81, 0x7304, 0x0005, 0xCCE2, 0xFE20, 0xD523, 0x0006, 0x7B65, 0xF5E1, 0xFE20, 0xC4C2, 0x0007,
  0x0009, 0x190A, 0x294A, 0x000A, 0x4A8A, 0xE5C4, 0xFE60, 0xF5C2, 0x5244, 0x0005, 0x0005, 0x0004,
  0xC4C2, 0xFDE0, 0xFE20, 0x9BC5, 0x0008, 0x006A, 0x08CA, 0x00AA, 0x00AA, 0x2929, 0x0008, 0xD563,
  0xFDE0, 0xFDE0, 0x8343, 0x0006, 0x08A8, 0x00A9, 0x00A9, 0x00A8, 0x0088, 0x08A7, 0x0006, 0x39C4,
  0xE581, 0xFE00, 0xFE00, 0xFE40, 0xFE60, 0xFE40, 0xFE00, 0xE580, 0x4A22, 0x0004, 0x18E5, 0x0046,
  0x10A6, 0x0006, 0x1985, 0xE5C1, 0xFE00, 0xED80, 0x5A62, 0x0003, 0x0003, 0x7303, 0xFDA0, 0xFDA0,
  0xCD01, 0x0003, 0x1845, 0x10C6, 0x0066, 0x0086, 0x0086, 0x0086, 0x0086, 0x0086, 0x0086, 0x0086,
  0x0046, 0x2126, 0x0004, 0x39A2, 0xD520, 0xFE00, 0xFDE0, 0xFE20, 0xFE40, 0xFDE0, 0xFDC0, 0xE540,
  0x6AC3, 0x0005, 0x2906, 0x0066, 0x18E5, 0x1805, 0x0004, 0xCD02, 0xFDC0, 0xFD80, 0xFDE0, 0xFE00,
  0xFDE0, 0xFE00, 0xF5C0, 0x5224, 0x0006, 0x2106, 0x0886, 0x3146, 0x0005, 0x72E3, 0xF580, 0xFDA0,
  0xFDA0, 0xFDE0, 0xFE00, 0xFDE0, 0xFDC0, 0xED80, 0x6282, 0x0005, 0x20E6, 0x20C7, 0x20C7, 0x20E6,
  0x1865, 0x10E3, 0xD500, 0xFDA0, 0xFDA0, 0xFDE0, 0xFDE0, 0xFD80, 0xF540, 0xE540, 0x62A3, 0x0005,
  0x4166, 0x3906, 0x4146, 0x1806, 0x4A04, 0xED40, 0xFD80, 0xED81, 0x62A3, 0x0003, 0x4A02, 0xE520,
  0xFDA0, 0xFD80, 0xABC3, 0x0005, 0x61C6, 0x5966, 0x5986, 0x5986, 0x6186, 0x6185, 0x6185, 0x6185,
  0x6185, 0x6985, 0x69A5, 0x69A5, 0x71A5, 0x71A5, 0x71C5, 0x79C5, 0x79C4, 0x81E4, 0x81E4, 0x89E4,
  0x8A03, 0x9203, 0x9223, 0x9A43, 0xA242, 0xA262, 0xAA62, 0xAA62, 0xB282, 0xBAC1, 0xCAC1, 0xE420,
  0xF520, 0xF4C0, 0xEBA0, 0xEB60, 0xEB60, 0xEB60, 0xEB40, 0xEB20, 0xEB20, 0xEB00, 0xEB00, 0xEAE0,
  0xEAC0, 0xE2A0, 0xE2A0, 0xE280, 0xE280, 0xE280, 0xE260, 0xE260, 0xE260, 0xDA60, 0xDA60, 0xE260,
  0xE260, 0xE280, 0xE280, 0xE280, 0xEA80, 0xEAA0, 0xEAA0, 0xF2A0, 0xFAC0, 0xFB00, 0xFB00, 0xFB20,
  0xFB40, 0xFB60, 0xFB60, 0xFB60, 0xFB60, 0xFB80, 0xFBA0, 0xFBC0, 0xFBC0, 0xFBE0, 0xFC00, 0xFBE0,
  0xFC60, 0xFE20, 0xFEE0, 0xFEA0, 0xFEC0, 0xFEA0, 0xFDE0, 0xFD20, 0xFD00, 0xFD00, 0xFD00, 0xFD00,
  0xFD20, 0xFD20, 0xFD20, 0xFD40, 0xFD60, 0xFD80, 0xFDA0, 0xFDA0, 0xFDC0, 0xFDE0, 0xFE21, 0xFEE0,
  0xFFA7, 0xFFCD, 0xFFAE, 0xFF88, 0xFEC0, 0xFE21, 0xFDE1, 0xFDC0, 0xFDA0, 0xFD80, 0xFD60, 0xFD40,
  0xFD00, 0xFCE0, 0xFCE0, 0xFCE0,
  0x01BB, 0x01BB, 0x01BB, 0x01BB, 0x01BB, 0x01FC, 0x01FC, 0x01BB, 0x01DB, 0x01BB, 0x01BB, 0x01DB,
  0x01DB, 0x01DB, 0x01FC, 0x01FB, 0x0178, 0x0199, 0x0178, 0x0178, 0x021C, 0x01FD, 0x01DC, 0x01DC,
  0x01DC, 0x01DC, 0x01DC, 0x01DC, 0x01DB, 0x01DB, 0x01DB, 0x01BB, 0x01BB, 0x01BB, 0x01BB, 0x01BB,
  0x01BA, 0x01BA, 0x01BA, 0x01BA, 0x01BA, 0x01BA, 0x01BA, 0x01BA, 0x0178, 0x0155, 0x0155, 0x0155,
  0x0155, 0x0154, 0x0134, 0x0133, 0x0133, 0x0133, 0x0132, 0x0112, 0x0112, 0x0112, 0x0112, 0x0112,
  0x0111, 0x0111, 0x0111, 0x0111, 0x0111, 0x0111, 0x0111, 0x0110, 0x0110, 0x00F0, 0x00F0, 0x00F0,
  0x00F0, 0x00EF, 0x00F0, 0x00EF, 0x00EF, 0x00EF, 0x00EF, 0x00EF, 0x00EF, 0x00EE, 0x00EE, 0x00EE,
  0x00EE, 0x00CE, 0x00CE, 0x00CE, 0x00CE, 0x00CE, 0x00CE, 0x00CD, 0x00CD, 0x00CD, 0x00CD, 0x00CD,
  0x00CD, 0x00CD, 0x00CD, 0x00CD, 0x00CD, 0x00CD, 0x00CD, 0x00CD, 0x00CD, 0x00CD, 0x00CD, 0x00CD,
  0x00CD, 0x00CD, 0x00CD, 0x00CD, 0x00CD, 0x00CD, 0x00AD, 0x192C, 0x000C, 0x094A, 0xB485, 0xE540,
  0xC482, 0x5225, 0x0007, 0x72E6, 0x93A4, 0x5A65, 0x0006, 0x8385, 0xD542, 0xE540, 0x9BC5, 0x0009,
  0x008A, 0x08CB, 0x296B, 0x000A, 0x83A7, 0xDD42, 0xE582, 0xA404, 0x0007, 0x0867, 0x4186, 0x0006,
  0x9C03, 0xDD01, 0xE540, 0x93A4, 0x0008, 0x004A, 0x10EB, 0x00AB, 0x08EA, 0x1089, 0x0087, 0xBCC3,
  0xDD21, 0xDD22, 0x5A65, 0x0007, 0x00A9, 0x00A9, 0x00A9, 0x00A9, 0x0088, 0x0067, 0x18C7, 0x0005,
  0x5263, 0xC4E2, 0xDD41, 0xDD20, 0xDD20, 0xDD21, 0xBCA2, 0x4A03, 0x0004, 0x2105, 0x0026, 0x0086,
  0x0886, 0x0005, 0x31C4, 0xCD01, 0xE520, 0xC481, 0x2943, 0x0004, 0x0005, 0x7B44, 0xDD41, 0xDCE0,
  0xA402, 0x0004, 0x28E5, 0x0086, 0x0086, 0x0086, 0x0086, 0x0086, 0x0086, 0x0086, 0x0086, 0x0086,
  0x0086, 0x0046, 0x20E5, 0x0003, 0x41E2, 0xBCA1, 0xDD41, 0xDD41, 0xDD21, 0xDD20, 0xBC81, 0x51E2,
  0x0004, 0x20C5, 0x0885, 0x0066, 0x1906, 0x0005, 0x0124, 0xBCA2, 0xDD00, 0xDCE1, 0xDCE0, 0xD4C0,
  0xCC81, 0xDCE1, 0xB421, 0x18A4, 0x0005, 0x20E6, 0x10A6, 0x1086, 0x2925, 0x0004, 0x72C1, 0xC4A0,
  0xDD00, 0xDD00, 0xDD01, 0xD4E0, 0xB441, 0x41A2, 0x0003, 0x2905, 0x20C6, 0x20E7, 0x20E7, 0x20C7,
  0x28E5, 0x0003, 0x2942, 0xBC61, 0xDD00, 0xE501, 0xE501, 0xDCC1, 0xBC40, 0x51E1, 0x0003, 0x3945,
  0x3106, 0x4146, 0x4146, 0x2866, 0x5224, 0xCCA0, 0xDCA0, 0xC461, 0x3163, 0x2004, 0x0003, 0x9341,
  0xDCE0, 0xDCC0, 0xC442, 0x4945, 0x5966, 0x61A6, 0x5986, 0x6186, 0x6186, 0x61A5, 0x69A5, 0x69A5,
  0x69A5, 0x71A5, 0x71C5, 0x71C5, 0x79C5, 0x79C5, 0x79E5, 0x81E4, 0x8204, 0x8A04, 0x8A24, 0x9224,
  0x9224, 0x9A43, 0xA263, 0xA263, 0xAA82, 0xB2A2, 0xB2C2, 0xBAC2, 0xC301, 0xCAC1, 0xEBE0, 0xFD40,
  0xFD80, 0xFC80, 0xF3C0, 0xF3A0, 0xF3A0, 0xF380, 0xF360, 0xF340, 0xF340, 0xF320, 0xF320, 0xF300,
  0xEAE0, 0xEAE0, 0xEAC0, 0xEAA0, 0xEAA0, 0xE280, 0xE280, 0xE280, 0xE280, 0xE280, 0xE280, 0xE280,
  0xE280, 0xE280, 0xEAA0, 0xEAA0, 0xEAC0, 0xF2C0, 0xF2C0, 0xFAE0, 0xFB00, 0xFB20, 0xFB40, 0xFB60,
  0xFB60, 0xFB60, 0xFB80, 0xFB80, 0xFB80, 0xFBA0, 0xFBC0, 0xFBE0, 0xFC00, 0xFC00, 0xFBE0, 0xFC60,
  0xFE20, 0xFEC0, 0xFEA0, 0xFEC0, 0xFE80, 0xFDA0, 0xFCE0, 0xFD00, 0xFCE0, 0xFCE0, 0xFD00, 0xFD00,
  0xFD20, 0xFD00, 0xFD20, 0xFD60, 0xFD80, 0xFD80, 0xFD80, 0xFDA0, 0xFDC0, 0xFE01, 0xFEA0, 0xFF64,
  0xFFAC, 0xFFCD, 0xFF88, 0xFEC0, 0xFE00, 0xFDE1, 0xFDA0, 0xFD80, 0xFD80, 0xFD60, 0xFD20, 0xFCE0,
  0xFCE0, 0xFCE0, 0xFD00, 0xFCC0,
  0x01BB, 0x01BB, 0x01BB, 0x01BB, 0x01BC, 0x01FD, 0x01BB, 0x01BB, 0x01BB, 0x01BB, 0x01DB, 0x01DC,
  0x01DB, 0x01DC, 0x021C, 0x0199, 0x0199, 0x0199, 0x0178, 0x01FA, 0x023E, 0x01DC, 0x01FC, 0x01DC,
  0x01DC, 0x01DC, 0x01DC, 0x01DC, 0x01DC, 0x01DB, 0x01DB, 0x01DB, 0x01BB, 0x01BB, 0x01BB, 0x01BB,
  0x01BA, 0x01BA, 0x01BA, 0x01BA, 0x01BA, 0x01BA, 0x01BB, 0x0199, 0x0135, 0x0155, 0x0155, 0x0155,
  0x0155, 0x0134, 0x0134, 0x0133, 0x0133, 0x0133, 0x0112, 0x0112, 0x0112, 0x0112, 0x0112, 0x0112,
  0x0111, 0x0111, 0x0111, 0x0111, 0x0111, 0x0110, 0x0110, 0x0110, 0x0110, 0x00F0, 0x00F0, 0x00F0,
  0x00F0, 0x00F0, 0x00EF, 0x00EF, 0x00EF, 0x00EF, 0x00EF, 0x00EF, 0x00EF, 0x00EE, 0x00EE, 0x00CE,
  0x00CE, 0x00CE, 0x00CE, 0x00CE, 0x00CE, 0x00CE, 0x00CE, 0x00CE, 0x00CD, 0x00CD, 0x00CD, 0x00CD,
  0x00CD, 0x00CD, 0x00CD, 0x00CD, 0x00CD, 0x00CD, 0x00CD, 0x00CD, 0x00CD, 0x00CD, 0x00CD, 0x00CD,
  0x00CD, 0x00CD, 0x00CD, 0x00CD, 0x00CD, 0x00CD, 0x00CD, 0x00CD, 0x00CC, 0x00CB, 0x0008, 0x0006,
  0x0006, 0x0028, 0x10CA, 0x0009, 0x0008, 0x0007, 0x2108, 0x0007, 0x0006, 0x0006, 0x0008, 0x00AA,
  0x00CC, 0x00CC, 0x00AC, 0x10EB, 0x0049, 0x0007, 0x0006, 0x0007, 0x08A8, 0x10C9, 0x00A9, 0x10A8,
  0x0006, 0x0005, 0x0005, 0x0067, 0x00A9, 0x00AB, 0x00CB, 0x00CB, 0x00CB, 0x00AA, 0x08A9, 0x0006,
  0x0005, 0x0006, 0x0048, 0x0089, 0x00A9, 0x00A9, 0x00A9, 0x00A9, 0x0088, 0x0088, 0x0047, 0x2106,
  0x0005, 0x0004, 0x0084, 0x2983, 0x1163, 0x0003, 0x0004, 0x0004, 0x2905, 0x0006, 0x0086, 0x0066,
  0x0066, 0x0066, 0x0045, 0x0003, 0x0002, 0x0003, 0x0024, 0x0065, 0x0065, 0x0005, 0x0003, 0x0002,
  0x0003, 0x0865, 0x0066, 0x0066, 0x0066, 0x0086, 0x0066, 0x0066, 0x0066, 0x0086, 0x0066, 0x0066,
  0x0066, 0x0066, 0x0025, 0x20E4, 0x0003, 0x0003, 0x0002, 0x2982, 0x2182, 0x0002, 0x0003, 0x0003,
  0x2904, 0x0065, 0x0065, 0x0885, 0x0886, 0x0885, 0x1085, 0x0003, 0x0002, 0x0003, 0x0003, 0x0003,
  0x0003, 0x0003, 0x0004, 0x0885, 0x10A6, 0x10A6, 0x10A6, 0x18A6, 0x0885, 0x2924, 0x0003, 0x0002,
  0x00E2, 0x3182, 0x1942, 0x0002, 0x0003, 0x0003, 0x3124, 0x18A6, 0x20E7, 0x28E7, 0x28E7, 0x28E7,
  0x20C6, 0x2905, 0x0003, 0x0003, 0x0002, 0x2962, 0x3182, 0x0003, 0x0003, 0x0003, 0x3944, 0x30C5,
  0x3926, 0x4147, 0x4147, 0x4126, 0x30E5, 0x0002, 0x0002, 0x0003, 0x30C4, 0x3905, 0x3904, 0x0003,
  0x0002, 0x0003, 0x30E4, 0x5985, 0x5966, 0x61A6, 0x61A6, 0x61A6, 0x69A6, 0x69A6, 0x69A5, 0x71A5,
  0x71C5, 0x71C5, 0x79C5, 0x79C5, 0x79E5, 0x81E5, 0x8205, 0x8A04, 0x8A24, 0x9224, 0x9224, 0x9A44,
  0x9A64, 0xA263, 0xAA83, 0xAA83, 0xB2A2, 0xBAC2, 0xC2E2, 0xCB22, 0xD321, 0xE3A1, 0xFD40, 0xFDE0,
  0xFD20, 0xFC20, 0xFC00, 0xFBE0, 0xFBC0, 0xFBA0, 0xFB80, 0xF360, 0xFB60, 0xFB60, 0xF320, 0xF300,
  0xF2E0, 0xF2E0, 0xEAC0, 0xEAC0, 0xEAA0, 0xEAA0, 0xEAA0, 0xEA80, 0xEA80, 0xEAA0, 0xEAA0, 0xEAA0,
  0xEAA0, 0xEAA0, 0xEAC0, 0xF2C0, 0xF2E0, 0xFAE0, 0xFB00, 0xFB20, 0xFB40, 0xFB60, 0xFB60, 0xFB60,
  0xFB80, 0xFB80, 0xFB80, 0xFBA0, 0xFBC0, 0xFBE0, 0xFBE0, 0xFC00, 0xFC00, 0xFBE0, 0xFCA0, 0xFE40,
  0xFEC0, 0xFE80, 0xFEC0, 0xFE40, 0xFD40, 0xFCE0, 0xFCE0, 0xFCE0, 0xFCE0, 0xFCE0, 0xFD00, 0xFD00,
  0xFD00, 0xFD20, 0xFD40, 0xFD60, 0xFD80, 0xFD60, 0xFD80, 0xFDA0, 0xFDE1, 0xFE60, 0xFF41, 0xFFAA,
  0xFFAD, 0xFFA9, 0xFEE0, 0xFE00, 0xFDC1, 0xFDA0, 0xFD80, 0xFD60, 0xFD40, 0xFD00, 0xFCE0, 0xFCC0,
  0xFCE0, 0xFD00, 0xFCC0, 0xFD40,
  0x01BB, 0x01BB, 0x01BB, 0x01BB, 0x01DC, 0x01BC, 0x01BB, 0x01BB, 0x01BB, 0x01BB, 0x01DB, 0x01DB,
  0x01DC, 0x021C, 0x01BA, 0x0199, 0x0199, 0x0178, 0x01B9, 0x025D, 0x01FD, 0x01FC, 0x01FC, 0x01DC,
  0x01DC, 0x01DC, 0x01DC, 0x01DC, 0x01DC, 0x01DC, 0x01DC, 0x01DB, 0x01BB, 0x01BB, 0x01BB, 0x01BB,
  0x01BB, 0x01BA, 0x01BA, 0x01BA, 0x01BA, 0x01BB, 0x01BA, 0x0155, 0x0135, 0x0155, 0x0135, 0x0135,
  0x0134, 0x0134, 0x0134, 0x0133, 0x0113, 0x0113, 0x0113, 0x0112, 0x0112, 0x0112, 0x0112, 0x0111,
  0x0111, 0x0111, 0x0111, 0x0111, 0x0111, 0x0111, 0x0110, 0x0110, 0x00F0, 0x00F0, 0x00F0, 0x00F0,
  0x00F0, 0x00F0, 0x00EF, 0x00EF, 0x00EF, 0x00EF, 0x00EF, 0x00EF, 0x00EF, 0x00EE, 0x00CE, 0x00CE,
  0x00CE, 0x00CE, 0x00CE, 0x00CE, 0x00CE, 0x00CE, 0x00CE, 0x00CE, 0x00CE, 0x00CE, 0x00CE, 0x00CE,
  0x00CE, 0x00CD, 0x00CE, 0x00CE, 0x00CE, 0x00CE, 0x00CD, 0x00CD, 0x00CE, 0x00EE, 0x00EE, 0x00EE,
  0x00EE, 0x00EE, 0x00EE, 0x00EE, 0x00CD, 0x00CD, 0x00CD, 0x00CD, 0x00CD, 0x00AC, 0x008A, 0x0869,
  0x08A9, 0x00CA, 0x00AB, 0x292A, 0x3989, 0x2109, 0x008A, 0x0089, 0x0869, 0x0869, 0x08AA, 0x00CB,
  0x00CC, 0x00CD, 0x00ED, 0x00CC, 0x006B, 0x0089, 0x1088, 0x18E9, 0x08AA, 0x00AA, 0x00AA, 0x00AA,
  0x08A9, 0x0868, 0x0868, 0x0049, 0x00AA, 0x00AB, 0x00CB, 0x00CC, 0x00CC, 0x00CB, 0x008A, 0x0068,
  0x0828, 0x0828, 0x00A9, 0x00AA, 0x00AA, 0x00AA, 0x00A9, 0x00A9, 0x00A9, 0x0088, 0x0088, 0x0047,
  0x2926, 0x3125, 0x0005, 0x0004, 0x0004, 0x0804, 0x3144, 0x2905, 0x0025, 0x0066, 0x0066, 0x0066,
  0x0066, 0x0066, 0x0045, 0x0024, 0x1004, 0x0804, 0x0064, 0x0045, 0x0065, 0x0025, 0x0004, 0x0804,
  0x0844, 0x0065, 0x0066, 0x0066, 0x0066, 0x0066, 0x0066, 0x0066, 0x0066, 0x0066, 0x0066, 0x0066,
  0x0066, 0x0065, 0x0065, 0x0025, 0x2104, 0x3124, 0x0003, 0x0003, 0x0003, 0x0003, 0x3124, 0x2904,
  0x0045, 0x0065, 0x0885, 0x0886, 0x0886, 0x0885, 0x0065, 0x0864, 0x1064, 0x1043, 0x1043, 0x1064,
  0x1064, 0x1064, 0x1885, 0x10A5, 0x10A6, 0x10C6, 0x10C6, 0x10C6, 0x10A6, 0x0885, 0x3144, 0x3104,
  0x0004, 0x0004, 0x0004, 0x1864, 0x3944, 0x3125, 0x18A5, 0x20E6, 0x20E7, 0x2907, 0x2907, 0x28E7,
  0x28E6, 0x20C5, 0x3124, 0x3944, 0x1823, 0x0003, 0x0003, 0x2063, 0x3944, 0x3944, 0x28E5, 0x3906,
  0x4126, 0x4147, 0x4946, 0x4146, 0x3905, 0x30C4, 0x30C3, 0x30E4, 0x3904, 0x3905, 0x3905, 0x4124,
  0x3904, 0x38E4, 0x40E4, 0x5145, 0x61A6, 0x61A6, 0x69A6, 0x69A6, 0x69A6, 0x71C6, 0x71C5, 0x71C5,
  0x71C5, 0x79C5, 0x79E5, 0x79E5, 0x81E5, 0x8205, 0x8A05, 0x8A24, 0x9224, 0x9A44, 0x9A64, 0xA264,
  0xA284, 0xAA83, 0xB2A3, 0xB2C3, 0xBAE2, 0xC302, 0xCB22, 0xD361, 0xE361, 0xFD20, 0xFE20, 0xFDE0,
  0xFCA0, 0xFC20, 0xFC20, 0xFC00, 0xFBE0, 0xFBC0, 0xFBA0, 0xFB80, 0xFB80, 0xFB40, 0xF300, 0xF300,
  0xF300, 0xF2E0, 0xEAC0, 0xEAC0, 0xEAC0, 0xEAA0, 0xEAA0, 0xEAA0, 0xEAA0, 0xEAA0, 0xEAA0, 0xEAC0,
  0xEAC0, 0xEAC0, 0xF2C0, 0xF2E0, 0xFB00, 0xFB20, 0xFB40, 0xFB60, 0xFB60, 0xFB80, 0xFB80, 0xFB80,
  0xFB80, 0xFBA0, 0xFBC0, 0xFBC0, 0xFBE0, 0xFC00, 0xFC00, 0xFC20, 0xFBE0, 0xFCE0, 0xFE60, 0xFEA0,
  0xFE80, 0xFEA0, 0xFE00, 0xFD00, 0xFCC0, 0xFCE0, 0xFCC0, 0xFCE0, 0xFCE0, 0xFCE0, 0xFCE0, 0xFCE0,
  0xFD00, 0xFD40, 0xFD60, 0xFD60, 0xFD60, 0xFD60, 0xFD80, 0xFDA1, 0xFE20, 0xFF00, 0xFF88, 0xFFAB,
  0xFF88, 0xFEE0, 0xFE00, 0xFDC1, 0xFD80, 0xFD80, 0xFD60, 0xFD20, 0xFD00, 0xFCE0, 0xFCC0, 0xFCC0,
  0xFD00, 0xFCC0, 0xFD41, 0xFF22,
  0x01BB, 0x01BB, 0x01BB, 0x01BB, 0x01DC, 0x01BC, 0x01BB, 0x01BB, 0x01BB, 0x01DB, 0x01DB, 0x01DB,
  0x01FC, 0x01FC, 0x0179, 0x01BA, 0x0199, 0x0179, 0x023C, 0x023E, 0x01DD, 0x01FD, 0x01FD, 0x01FC,
  0x01FC, 0x01DC, 0x01DC, 0x01DC, 0x01DC, 0x01DC, 0x01DC, 0x01DB, 0x01BB, 0x01BB, 0x01BB, 0x01BB,
  0x01BB, 0x01BB, 0x01BA, 0x01BA, 0x01BB, 0x01BA, 0x0156, 0x0134, 0x0155, 0x0135, 0x0135, 0x0134,
  0x0134, 0x0134, 0x0133, 0x0133, 0x0113, 0x0133, 0x0113, 0x0112, 0x0112, 0x0112, 0x0112, 0x0111,
  0x0111, 0x0111, 0x0111, 0x0111, 0x0111, 0x0111, 0x0110, 0x0110, 0x00F0, 0x00F0, 0x0110, 0x00F0,
  0x00F0, 0x00F0, 0x00EF, 0x00EF, 0x00EF, 0x00EF, 0x00EF, 0x00EF, 0x00CE, 0x00EE, 0x00CE, 0x00CE,
  0x00CE, 0x00CE, 0x00CE, 0x00CE, 0x00CE, 0x00CE, 0x00CE, 0x00CE, 0x00CE, 0x00CE, 0x00CE, 0x00CE,
  0x00EE, 0x00EE, 0x00EE, 0x00CE, 0x00CE, 0x012E, 0x012F, 0x010F, 0x010F, 0x010F, 0x010F, 0x010F,
  0x010F, 0x010F, 0x010F, 0x010F, 0x010E, 0x010E, 0x00EE, 0x010E, 0x00EE, 0x00ED, 0x110D, 0x192C,
  0x110C, 0x00EC, 0x00ED, 0x00CC, 0x00AC, 0x00CC, 0x00EC, 0x090C, 0x112C, 0x192C, 0x090C, 0x00ED,
  0x010E, 0x010E, 0x010E, 0x00EE, 0x090C, 0x192C, 0x192B, 0x08EB, 0x00EC, 0x00EC, 0x00ED, 0x00EC,
  0x090C, 0x110B, 0x192B, 0x090C, 0x00EC, 0x00ED, 0x00ED, 0x00ED, 0x00ED, 0x00EC, 0x00EC, 0x110B,
  0x110B, 0x190B, 0x00EB, 0x00EC, 0x00EC, 0x00EB, 0x00CB, 0x00EB, 0x00EB, 0x00EA, 0x0088, 0x0088,
  0x0047, 0x0066, 0x18C5, 0x20E5, 0x20E5, 0x10A5, 0x0045, 0x0025, 0x0066, 0x0066, 0x0086, 0x0066,
  0x0066, 0x0066, 0x0065, 0x10A5, 0x10A5, 0x10A5, 0x0045, 0x0065, 0x0045, 0x0885, 0x18A5, 0x18A5,
  0x0885, 0x0045, 0x0066, 0x0066, 0x0066, 0x0066, 0x0066, 0x0066, 0x0066, 0x0066, 0x0066, 0x0066,
  0x0066, 0x0066, 0x0065, 0x0065, 0x0025, 0x0044, 0x18C4, 0x20E4, 0x20E4, 0x18C4, 0x0044, 0x0045,
  0x0885, 0x0885, 0x0886, 0x08A6, 0x0886, 0x0885, 0x0885, 0x18C5, 0x18C4, 0x18C4, 0x18C4, 0x18C4,
  0x18C4, 0x20E5, 0x2926, 0x2906, 0x2906, 0x2907, 0x2907, 0x28E6, 0x28E6, 0x28E5, 0x28C5, 0x28E5,
  0x3125, 0x3925, 0x3925, 0x3105, 0x28C5, 0x28E5, 0x3106, 0x3107, 0x3907, 0x3907, 0x3927, 0x3927,
  0x3907, 0x3906, 0x30E5, 0x30E5, 0x3925, 0x4144, 0x4144, 0x3924, 0x3905, 0x3905, 0x4146, 0x4946,
  0x4946, 0x5166, 0x5166, 0x5166, 0x4945, 0x4945, 0x4944, 0x4944, 0x4945, 0x4945, 0x5145, 0x5145,
  0x5164, 0x5164, 0x5985, 0x6185, 0x69A6, 0x71C6, 0x71C6, 0x71C6, 0x71C5, 0x79E5, 0x79E5, 0x79E5,
  0x81E5, 0x8205, 0x8205, 0x8205, 0x8A25, 0x8A25, 0x9245, 0x9244, 0x9A44, 0xA264, 0xA284, 0xAAA4,
  0xAAA4, 0xB2A3, 0xBAE3, 0xBB03, 0xC322, 0xCB42, 0xD382, 0xE361, 0xF4A0, 0xFE20, 0xFE60, 0xFD40,
  0xFC60, 0xFC60, 0xFC40, 0xFC00, 0xFBE0, 0xFBC0, 0xFBC0, 0xFBC0, 0xFB80, 0xF320, 0xF320, 0xF320,
  0xF300, 0xF2E0, 0xF2E0, 0xF2C0, 0xEAC0, 0xEAC0, 0xEAC0, 0xEAC0, 0xEAC0, 0xEAC0, 0xF2C0, 0xF2C0,
  0xF2C0, 0xF2E0, 0xF2E0, 0xFB00, 0xFB20, 0xFB40, 0xFB60, 0xFB80, 0xFB80, 0xFBA0, 0xFBA0, 0xFBA0,
  0xFBA0, 0xFBC0, 0xFBE0, 0xFC00, 0xFC00, 0xFC20, 0xFC20, 0xFC00, 0xFD00, 0xFE60, 0xFEA0, 0xFE80,
  0xFE80, 0xFD80, 0xFCC0, 0xFCC0, 0xFCC0, 0xFCC0, 0xFCC0, 0xFCC0, 0xFCE0, 0xFCE0, 0xFCE0, 0xFCE0,
  0xFD20, 0xFD40, 0xFD40, 0xFD40, 0xFD60, 0xFD80, 0xFDA0, 0xFDE0, 0xFEC0, 0xFF86, 0xFFAA, 0xFF88,
  0xFEE0, 0xFE00, 0xFDC1, 0xFD80, 0xFD60, 0xFD40, 0xFD20, 0xFCE0, 0xFCC0, 0xFCC0, 0xFCC0, 0xFCE0,
  0xFCC0, 0xFD40, 0xFF22, 0xFFA2,
  0x01BB, 0x01BB, 0x01BB, 0x01DC, 0x01DC, 0x01DC, 0x01DC, 0x01DB, 0x01DC, 0x01DC, 0x01DB, 0x01DC,
  0x021C, 0x019A, 0x019A, 0x019A, 0x0179, 0x01FA, 0x027E, 0x01FD, 0x021D, 0x01FD, 0x01FD, 0x01FD,
  0x01FD, 0x01FC, 0x01FC, 0x01DC, 0x01DC, 0x01DC, 0x01DC, 0x01DC, 0x01DB, 0x01DB, 0x01DB, 0x01BB,
  0x01BB, 0x01BB, 0x01BA, 0x01BB, 0x01BB, 0x0177, 0x0134, 0x0155, 0x0135, 0x0135, 0x0134, 0x0134,
  0x0134, 0x0133, 0x0133, 0x0133, 0x0133, 0x0113, 0x0112, 0x0112, 0x0112, 0x0112, 0x0112, 0x0111,
  0x0111, 0x0111, 0x0111, 0x0111, 0x0111, 0x0111, 0x0110, 0x00F0, 0x00F0, 0x00F0, 0x00F0, 0x00F0,
  0x00F0, 0x00EF, 0x00EF, 0x00EF, 0x00EF, 0x00EF, 0x00EF, 0x00EE, 0x00CE, 0x00EE, 0x00EE, 0x00EE,
  0x00CE, 0x00EE, 0x00EE, 0x00CE, 0x00CE, 0x00CE, 0x00CE, 0x00CE, 0x00CE, 0x00EE, 0x00EE, 0x00EE,
  0x00EE, 0x00EE, 0x00CE, 0x010E, 0x014F, 0x000E, 0x000E, 0x000E, 0x000E, 0x000E, 0x000E, 0x000E,
  0x000E, 0x000E, 0x000D, 0x000D, 0x000D, 0x000D, 0x000D, 0x002D, 0x002D, 0x000C, 0x000C, 0x000B,
  0x000C, 0x000C, 0x000C, 0x000C, 0x000C, 0x000C, 0x000C, 0x000C, 0x000C, 0x000C, 0x000C, 0x000C,
  0x000D, 0x000D, 0x000D, 0x000D, 0x000C, 0x000B, 0x000B, 0x000B, 0x000B, 0x000B, 0x000C, 0x000C,
  0x000B, 0x000A, 0x000A, 0x000B, 0x000C, 0x000C, 0x000C, 0x000C, 0x000B, 0x000B, 0x000A, 0x000A,
  0x000A, 0x000A, 0x000A, 0x000A, 0x000A, 0x000A, 0x0009, 0x0009, 0x0008, 0x0009, 0x010A, 0x0088,
  0x0087, 0x0067, 0x0046, 0x0046, 0x0046, 0x0046, 0x0066, 0x0066, 0x0066, 0x0066, 0x0086, 0x0066,
  0x0066, 0x0066, 0x0065, 0x0045, 0x0045, 0x0045, 0x0065, 0x0065, 0x0065, 0x0045, 0x0045, 0x0045,
  0x0045, 0x0065, 0x0066, 0x0066, 0x0066, 0x0066, 0x0066, 0x0066, 0x0066, 0x0066, 0x0066, 0x0065,
  0x0065, 0x0065, 0x0065, 0x0065, 0x0065, 0x0065, 0x0044, 0x0044, 0x0044, 0x0065, 0x0085, 0x0885,
  0x0885, 0x0885, 0x10A5, 0x10A6, 0x10A5, 0x10A5, 0x1085, 0x1085, 0x0885, 0x1085, 0x1085, 0x1085,
  0x10A5, 0x20C5, 0x0026, 0x0007, 0x0007, 0x0007, 0x0007, 0x0006, 0x0006, 0x0006, 0x0006, 0x0006,
  0x0006, 0x0006, 0x0006, 0x0006, 0x0006, 0x0006, 0x0007, 0x0007, 0x0007, 0x0027, 0x0047, 0x0047,
  0x0027, 0x0027, 0x0006, 0x0006, 0x0006, 0x0005, 0x0005, 0x0006, 0x0046, 0x0086, 0x10A6, 0x20A6,
  0x20A6, 0x28C6, 0x28C6, 0x28C6, 0x20A6, 0x18A5, 0x1885, 0x1885, 0x20A5, 0x30C6, 0x30C6, 0x30E5,
  0x38E5, 0x38E5, 0x4105, 0x4926, 0x5966, 0x6186, 0x6186, 0x6186, 0x6186, 0x6985, 0x6985, 0x7185,
  0x71A5, 0x79A5, 0x79A5, 0x79C5, 0x81E5, 0x8A05, 0x9224, 0x9A64, 0xA284, 0xA284, 0xAAA4, 0xB2C4,
  0xB2E3, 0xBB03, 0xC323, 0xC322, 0xCB62, 0xD382, 0xDB81, 0xF441, 0xFE01, 0xFE81, 0xFDC0, 0xFCC0,
  0xFC80, 0xFC60, 0xFC40, 0xFC40, 0xFC20, 0xFC00, 0xFC00, 0xFBA0, 0xFB40, 0xFB40, 0xF320, 0xF320,
  0xF300, 0xF300, 0xF2E0, 0xF2E0, 0xF2E0, 0xF2E0, 0xF2E0, 0xF2E0, 0xF2E0, 0xF2E0, 0xF2E0, 0xF2E0,
  0xF2E0, 0xFB00, 0xFB00, 0xFB20, 0xFB40, 0xFB60, 0xFB80, 0xFB80, 0xFBA0, 0xFBA0, 0xFBC0, 0xFBC0,
  0xFBE0, 0xFBE0, 0xFC00, 0xFC20, 0xFC40, 0xFC20, 0xFC00, 0xFD20, 0xFE60, 0xFE80, 0xFE80, 0xFE20,
  0xFD20, 0xFC80, 0xFCC0, 0xFCA0, 0xFCA0, 0xFCA0, 0xFCC0, 0xFCC0, 0xFCC0, 0xFCC0, 0xFCE0, 0xFD20,
  0xFD40, 0xFD20, 0xFD20, 0xFD40, 0xFD60, 0xFD80, 0xFDA0, 0xFE60, 0xFF65, 0xFFA9, 0xFF87, 0xFEE0,
  0xFE00, 0xFDC1, 0xFD80, 0xFD60, 0xFD40, 0xFD20, 0xFCE0, 0xFCC0, 0xFCC0, 0xFCC0, 0xFCE0, 0xFCA0,
  0xFD21, 0xFF22, 0xFFA2, 0xFF82,
  0x01BC, 0x01BB, 0x01DC, 0x01FD, 0x01DC, 0x01DC, 0x01DC, 0x01DC, 0x01DC, 0x01DC, 0x01DC, 0x021D,
  0x01DB, 0x019A, 0x01BA, 0x019A, 0x019A, 0x029D, 0x023E, 0x01FD, 0x021D, 0x021D, 0x01FD, 0x01FD,
  0x01FD, 0x01FD, 0x01FC, 0x01FC, 0x01FC, 0x01DC, 0x01DC, 0x01DC, 0x01DC, 0x01DB, 0x01DB, 0x01DB,
  0x01DB, 0x01BB, 0x01BB, 0x01DB, 0x0198, 0x0134, 0x0135, 0x0135, 0x0134, 0x0134, 0x0134, 0x0134,
  0x0134, 0x0133, 0x0133, 0x0133, 0x0133, 0x0112, 0x0112, 0x0112, 0x0112, 0x0112, 0x0111, 0x0111,
  0x0111, 0x0111, 0x0111, 0x0111, 0x0111, 0x0110, 0x00F0, 0x00F0, 0x00F0, 0x00F0, 0x00F0, 0x00F0,
  0x00F0, 0x00F0, 0x00EF, 0x00EF, 0x00EF, 0x00EF, 0x00EF, 0x00EE, 0x00EE, 0x00CE, 0x00CE, 0x00EE,
  0x00EE, 0x00EE, 0x00EE, 0x00EE, 0x00CE, 0x00CE, 0x00EE, 0x00EE, 0x00CE, 0x00EE, 0x00EE, 0x00EE,
  0x00EE, 0x00EE, 0x012F, 0x010F, 0x000E, 0x00EF, 0x0251, 0x0273, 0x0273, 0x0273, 0x0253, 0x0253,
  0x0253, 0x0253, 0x0253, 0x0233, 0x0232, 0x0233, 0x0233, 0x0233, 0x0232, 0x0232, 0x0212, 0x0212,
  0x0232, 0x0233, 0x0233, 0x0213, 0x0233, 0x0233, 0x0233, 0x0233, 0x0233, 0x0233, 0x0233, 0x0233,
  0x0253, 0x0253, 0x0253, 0x0253, 0x0252, 0x0232, 0x0252, 0x0252, 0x0252, 0x0252, 0x0252, 0x0252,
  0x0252, 0x0252, 0x0252, 0x0252, 0x0252, 0x0273, 0x0273, 0x0273, 0x0252, 0x0252, 0x0252, 0x0251,
  0x0251, 0x0251, 0x0231, 0x0252, 0x0252, 0x0271, 0x0251, 0x0251, 0x022F, 0x000B, 0x0008, 0x00E9,
  0x0088, 0x0087, 0x0087, 0x0087, 0x0086, 0x0066, 0x0066, 0x0066, 0x0086, 0x0086, 0x0066, 0x0066,
  0x0066, 0x0066, 0x0066, 0x0066, 0x0066, 0x0066, 0x0066, 0x0065, 0x0065, 0x0065, 0x0065, 0x0065,
  0x0065, 0x0065, 0x0066, 0x0066, 0x0066, 0x0066, 0x0066, 0x0065, 0x0065, 0x0065, 0x0065, 0x0065,
  0x0065, 0x0065, 0x0065, 0x0065, 0x0065, 0x0065, 0x0065, 0x0065, 0x0085, 0x0885, 0x0885, 0x0885,
  0x0885, 0x10A5, 0x10A5, 0x10A5, 0x10A5, 0x10A5, 0x10A5, 0x10A5, 0x10A5, 0x10A5, 0x18A5, 0x10A5,
  0x20E6, 0x0005, 0x0003, 0x49C7, 0x6267, 0x6A46, 0x6A46, 0x6A26, 0x6A26, 0x6A46, 0x6A46, 0x6A46,
  0x6A26, 0x6A26, 0x6A26, 0x6A26, 0x6A46, 0x6A47, 0x6A47, 0x6A47, 0x6A47, 0x6A47, 0x7247, 0x6A47,
  0x6A47, 0x7246, 0x7246, 0x7246, 0x7246, 0x7246, 0x7245, 0x7246, 0x7266, 0x7A66, 0x7A66, 0x7A66,
  0x7A66, 0x7A66, 0x7A66, 0x7A65, 0x7A65, 0x7A45, 0x7A45, 0x7A45, 0x7A65, 0x8265, 0x8265, 0x8265,
  0x8265, 0x8265, 0x8285, 0x8AA5, 0x8AA6, 0x92C6, 0x92C6, 0x92C6, 0x92C6, 0x92C6, 0x92C5, 0x92C5,
  0x9AC5, 0x9AE5, 0x9AC5, 0x9AC5, 0x9AC5, 0x9AC4, 0x9AA5, 0x9A44, 0xA263, 0xAAC4, 0xB2C4, 0xB2E3,
  0xBB03, 0xC323, 0xCB43, 0xCB62, 0xD3A2, 0xDBC1, 0xEBC1, 0xFDA1, 0xFEC1, 0xFE41, 0xFD20, 0xFCC0,
  0xFCA0, 0xFC80, 0xFC80, 0xFC60, 0xFC40, 0xFC20, 0xFBC0, 0xFB80, 0xFB60, 0xFB40, 0xFB40, 0xF320,
  0xF320, 0xF300, 0xF300, 0xF300, 0xF300, 0xF300, 0xF300, 0xF2E0, 0xF300, 0xF300, 0xF300, 0xFB00,
  0xFB00, 0xFB20, 0xFB40, 0xFB40, 0xFB60, 0xFB80, 0xFBA0, 0xFBA0, 0xFBC0, 0xFBC0, 0xFBE0, 0xFBE0,
  0xFC00, 0xFC00, 0xFC20, 0xFC40, 0xFC20, 0xFC20, 0xFD40, 0xFE60, 0xFE80, 0xFE60, 0xFDE0, 0xFCC0,
  0xFC80, 0xFCA0, 0xFC80, 0xFCA0, 0xFCA0, 0xFCA0, 0xFCA0, 0xFCA0, 0xFCA0, 0xFCC0, 0xFD00, 0xFD20,
  0xFD20, 0xFD20, 0xFD20, 0xFD40, 0xFD60, 0xFDA0, 0xFE20, 0xFF02, 0xFFA8, 0xFF87, 0xFEE0, 0xFE00,
  0xFDA1, 0xFD80, 0xFD60, 0xFD40, 0xFD20, 0xFCE0, 0xFCC0, 0xFCC0, 0xFCC0, 0xFCE0, 0xFCA0, 0xFD21,
  0xFF03, 0xFFA2, 0xFF82, 0xFF83,
  0x01BC, 0x01BC, 0x01DC, 0x01DC, 0x01DC, 0x01DC, 0x01DC, 0x01DC, 0x01DC, 0x01DC, 0x01FD, 0x021D,
  0x019A, 0x01BB, 0x01BA, 0x019A, 0x025C, 0x029E, 0x01FD, 0x021D, 0x021D, 0x021D, 0x021D, 0x01FD,
  0x01FD, 0x01FD, 0x01FC, 0x01FC, 0x01FC, 0x01FC, 0x01DC, 0x01DC, 0x01DC, 0x01DC, 0x01DB, 0x01DB,
  0x01DB, 0x01BB, 0x01DB, 0x01B9, 0x0134, 0x0134, 0x0135, 0x0134, 0x0134, 0x0134, 0x0134, 0x0134,
  0x0133, 0x0133, 0x0133, 0x0113, 0x0112, 0x0112, 0x0112, 0x0112, 0x0112, 0x0112, 0x0111, 0x0111,
  0x0111, 0x0111, 0x0111, 0x0111, 0x0111, 0x00F0, 0x00F0, 0x00F0, 0x00F0, 0x00F0, 0x00F0, 0x00F0,
  0x00F0, 0x00EF, 0x00EF, 0x00EF, 0x00EF, 0x00EF, 0x00EF, 0x00EE, 0x00CE, 0x00CE, 0x00CE, 0x00CE,
  0x00CE, 0x00CE, 0x00EE, 0x00CE, 0x00CE, 0x00EE, 0x00EE, 0x00CE, 0x00EE, 0x00EE, 0x00EE, 0x00EE,
  0x00EE, 0x114F, 0x0930, 0x000F, 0x2AF2, 0x24B9, 0x04BD, 0x047E, 0x045E, 0x043E, 0x043E, 0x043E,
  0x041E, 0x041E, 0x041E, 0x03FE, 0x03FE, 0x041E, 0x041E, 0x03FE, 0x03FE, 0x03FE, 0x03FE, 0x03FE,
  0x041E, 0x041E, 0x041E, 0x03FE, 0x041E, 0x041E, 0x041E, 0x041E, 0x041E, 0x041E, 0x041E, 0x041E,
  0x041E, 0x043E, 0x043E, 0x043E, 0x041E, 0x041E, 0x043E, 0x043E, 0x043E, 0x043E, 0x043E, 0x043E,
  0x043E, 0x043E, 0x043E, 0x043E, 0x043E, 0x043E, 0x043E, 0x043E, 0x043E, 0x041E, 0x041E, 0x041E,
  0x041E, 0x041E, 0x041E, 0x043E, 0x043E, 0x045E, 0x0C3E, 0x0C5E, 0x0C3D, 0x1CDA, 0x232F, 0x0009,
  0x00C9, 0x0088, 0x0087, 0x0087, 0x0087, 0x0087, 0x0087, 0x0086, 0x0066, 0x0066, 0x0066, 0x0066,
  0x0066, 0x0066, 0x0066, 0x0066, 0x0066, 0x0066, 0x0066, 0x0066, 0x0066, 0x0066, 0x0065, 0x0065,
  0x0065, 0x0065, 0x0066, 0x0066, 0x0066, 0x0065, 0x0065, 0x0065, 0x0065, 0x0065, 0x0065, 0x0065,
  0x0065, 0x0065, 0x0065, 0x0065, 0x0065, 0x0065, 0x0065, 0x0885, 0x0885, 0x0885, 0x0885, 0x0885,
  0x0885, 0x10A5, 0x10A5, 0x10A5, 0x10A6, 0x10A5, 0x10A5, 0x18A6, 0x18C6, 0x18C6, 0x18A6, 0x2947,
  0x0000, 0x428B, 0xBD30, 0xE484, 0xEC61, 0xF465, 0xF443, 0xEC43, 0xF443, 0xF443, 0xF443, 0xF423,
  0xF423, 0xF403, 0xEC03, 0xF423, 0xF424, 0xF424, 0xF424, 0xF424, 0xF424, 0xF424, 0xF424, 0xF424,
  0xF424, 0xF423, 0xF443, 0xF443, 0xF443, 0xF422, 0xF422, 0xF422, 0xF442, 0xF422, 0xF422, 0xF442,
  0xF442, 0xF442, 0xF422, 0xF422, 0xF442, 0xF442, 0xF421, 0xF442, 0xF442, 0xF441, 0xF442, 0xF422,
  0xF422, 0xF422, 0xF422, 0xF442, 0xF443, 0xF443, 0xF443, 0xF463, 0xF463, 0xF463, 0xF463, 0xF463,
  0xF463, 0xF463, 0xF462, 0xF462, 0xF462, 0xEC42, 0xDC44, 0xC407, 0xAAE5, 0xB2A3, 0xBB24, 0xBB03,
  0xC323, 0xCB43, 0xCB63, 0xD3A2, 0xDBE2, 0xE3C1, 0xFD21, 0xFEC2, 0xFEC2, 0xFDA0, 0xFD20, 0xFCE0,
  0xFCC0, 0xFCC0, 0xFCA0, 0xFC60, 0xFC40, 0xFC00, 0xFB80, 0xFB80, 0xFB60, 0xFB40, 0xFB40, 0xFB40,
  0xFB20, 0xFB20, 0xF320, 0xF300, 0xF300, 0xF320, 0xFB20, 0xFB00, 0xFB00, 0xFB00, 0xFB00, 0xFB20,
  0xFB20, 0xFB40, 0xFB60, 0xFB80, 0xFBA0, 0xFBA0, 0xFBC0, 0xFBC0, 0xFBC0, 0xFBE0, 0xFBE0, 0xFC00,
  0xFC00, 0xFC20, 0xFC40, 0xFC20, 0xFC40, 0xFD80, 0xFE80, 0xFE80, 0xFE40, 0xFD80, 0xFC60, 0xFC80,
  0xFCA0, 0xFC80, 0xFC80, 0xFC80, 0xFC80, 0xFCA0, 0xFCA0, 0xFC80, 0xFCA0, 0xFCE0, 0xFD00, 0xFD00,
  0xFD00, 0xFD20, 0xFD40, 0xFD60, 0xFD80, 0xFDE0, 0xFEE0, 0xFF85, 0xFF85, 0xFEE0, 0xFE00, 0xFD81,
  0xFD60, 0xFD40, 0xFD20, 0xFD00, 0xFCE0, 0xFCC0, 0xFCC0, 0xFCC0, 0xFCE0, 0xFCA0, 0xFD01, 0xFF03,
  0xFFA3, 0xFF83, 0xFF83, 0xFFA3,
  0x01BC, 0x01DC, 0x01DC, 0x01DC, 0x01DC, 0x01DC, 0x01DC, 0x01DC, 0x01DC, 0x01DC, 0x021D, 0x01DB,
  0x01BB, 0x01BB, 0x019A, 0x01FB, 0x02DE, 0x023E, 0x021E, 0x023E, 0x021D, 0x021D, 0x021D, 0x021D,
  0x021D, 0x01FD, 0x01FD, 0x01FD, 0x01FD, 0x01FC, 0x01DC, 0x01DC, 0x01DC, 0x01DC, 0x01DB, 0x01DB,
  0x01DB, 0x01DC, 0x01BA, 0x0155, 0x0134, 0x0155, 0x0134, 0x0134, 0x0134, 0x0134, 0x0134, 0x0134,
  0x0133, 0x0113, 0x0113, 0x0112, 0x0112, 0x0112, 0x0112, 0x0112, 0x0112, 0x0111, 0x0111, 0x0111,
  0x0111, 0x0111, 0x0111, 0x00F1, 0x00F1, 0x00F0, 0x00F0, 0x00F0, 0x00F0, 0x00F0, 0x00F0, 0x00F0,
  0x00F0, 0x00F0, 0x00EF, 0x00EF, 0x00EF, 0x00EF, 0x00EF, 0x00CF, 0x00CE, 0x00CE, 0x00CE, 0x00CE,
  0x00CE, 0x00CE, 0x00CE, 0x00CE, 0x00CE, 0x00CE, 0x00CE, 0x00CE, 0x00CE, 0x00EE, 0x00EE, 0x00EE,
  0x092F, 0x000F, 0x000F, 0x3B96, 0x459D, 0x0D5F, 0x049F, 0x045F, 0x043F, 0x043F, 0x043F, 0x043F,
  0x043F, 0x041F, 0x041F, 0x041F, 0x043F, 0x043F, 0x043F, 0x043F, 0x043F, 0x043F, 0x045F, 0x045F,
  0x045F, 0x045F, 0x045F, 0x045F, 0x045F, 0x045F, 0x045F, 0x045F, 0x0C5F, 0x0C5F, 0x0C5F, 0x0C5F,
  0x0C5F, 0x0C5F, 0x0C7F, 0x0C7F, 0x0C7F, 0x0C7F, 0x0C7F, 0x0C9F, 0x0C7F, 0x0C7F, 0x0C7F, 0x0C7F,
  0x0C7F, 0x0C7F, 0x0C7F, 0x0C7F, 0x0C5F, 0x0C5F, 0x0C5F, 0x0C5F, 0x0C3F, 0x043F, 0x043F, 0x0C3F,
  0x0C3F, 0x043F, 0x045F, 0x045F, 0x045F, 0x043F, 0x043F, 0x03FF, 0x049F, 0x273F, 0x5DDB, 0x0008,
  0x010A, 0x00A9, 0x0088, 0x0087, 0x0087, 0x0067, 0x0067, 0x0087, 0x00A7, 0x0086, 0x0086, 0x0086,
  0x0086, 0x0086, 0x0086, 0x0086, 0x0086, 0x0086, 0x0086, 0x0086, 0x0086, 0x0086, 0x0086, 0x0086,
  0x0086, 0x0086, 0x0086, 0x0086, 0x0086, 0x0086, 0x0086, 0x0086, 0x0086, 0x0085, 0x0085, 0x0085,
  0x0085, 0x0085, 0x0885, 0x0885, 0x0885, 0x0885, 0x0885, 0x0885, 0x0885, 0x08A6, 0x10A6, 0x10A5,
  0x10A6, 0x10A6, 0x10A6, 0x18C6, 0x10A6, 0x10A6, 0x10A6, 0x18C6, 0x18C6, 0x18C6, 0x18C6, 0x3987,
  0x0003, 0xBBA8, 0xFF76, 0xFE0D, 0xFC00, 0xFC40, 0xFC62, 0xFC82, 0xFC83, 0xFC83, 0xFC63, 0xFC63,
  0xFC42, 0xFC42, 0xFC63, 0xFC42, 0xFC62, 0xFC62, 0xFC61, 0xFC61, 0xFC61, 0xFC61, 0xFC61, 0xFC61,
  0xFC61, 0xFC61, 0xFC61, 0xFC61, 0xFC61, 0xFC61, 0xFC61, 0xFC61, 0xFC61, 0xFC60, 0xFC60, 0xFC80,
  0xFC80, 0xFC80, 0xFC60, 0xFC60, 0xFC60, 0xFC60, 0xFC60, 0xFC60, 0xFC60, 0xFC60, 0xFC60, 0xFC60,
  0xFC40, 0xFC40, 0xFC40, 0xFC40, 0xFC40, 0xFC40, 0xFC40, 0xFC40, 0xFC40, 0xFC40, 0xFC40, 0xFC40,
  0xFC40, 0xFC40, 0xFC40, 0xFC40, 0xFC60, 0xFC40, 0xFC80, 0xFD27, 0xDCC8, 0xB305, 0xBA82, 0xC323,
  0xCB43, 0xCB63, 0xD3A2, 0xDBE2, 0xE3E1, 0xF4A1, 0xFE82, 0xFF02, 0xFE21, 0xFD60, 0xFD20, 0xFD00,
  0xFD00, 0xFCE0, 0xFCA0, 0xFC80, 0xFC40, 0xFBE0, 0xFBA0, 0xFB80, 0xFB80, 0xFB60, 0xFB40, 0xFB40,
  0xFB40, 0xFB40, 0xFB40, 0xFB20, 0xFB20, 0xFB40, 0xFB20, 0xFB20, 0xFB20, 0xFB20, 0xFB20, 0xFB40,
  0xFB40, 0xFB60, 0xFB80, 0xFBA0, 0xFBA0, 0xFBC0, 0xFBC0, 0xFBE0, 0xFBE0, 0xFC00, 0xFC00, 0xFC20,
  0xFC20, 0xFC40, 0xFC00, 0xFC60, 0xFDA0, 0xFE80, 0xFE60, 0xFE20, 0xFD20, 0xFC40, 0xFC80, 0xFC80,
  0xFC80, 0xFC80, 0xFC80, 0xFC80, 0xFC80, 0xFC80, 0xFC80, 0xFC80, 0xFCC0, 0xFCE0, 0xFCE0, 0xFD00,
  0xFD00, 0xFD20, 0xFD40, 0xFD60, 0xFDA0, 0xFE80, 0xFF63, 0xFF83, 0xFEE0, 0xFE00, 0xFD80, 0xFD60,
  0xFD40, 0xFD20, 0xFD00, 0xFCE0, 0xFCC0, 0xFCC0, 0xFCC0, 0xFCE0, 0xFC80, 0xFD21, 0xFF23, 0xFFC3,
  0xFF83, 0xFF83, 0xFFA3, 0xFFA3,
  0x01DC, 0x01DC, 0x01DC, 0x01DC, 0x01DC, 0x01DC, 0x01DC, 0x01DC, 0x01DC, 0x021D, 0x021D, 0x01BB,
  0x01DB, 0x01BB, 0x019B, 0x029D, 0x029F, 0x021E, 0x025E, 0x023E, 0x023E, 0x023E, 0x021D, 0x021D,
  0x021D, 0x021D, 0x01FD, 0x01FD, 0x01FD, 0x01FC, 0x01DC, 0x01DC, 0x01DC, 0x01DC, 0x01DC, 0x01DB,
  0x01DC, 0x01DB, 0x0176, 0x0134, 0x0155, 0x0134, 0x0134, 0x0134, 0x0134, 0x0133, 0x0133, 0x0133,
  0x0133, 0x0133, 0x0113, 0x0112, 0x0112, 0x0112, 0x0112, 0x0112, 0x0112, 0x0111, 0x0111, 0x0111,
  0x0111, 0x0111, 0x0111, 0x0111, 0x0111, 0x0110, 0x00F0, 0x00F0, 0x00F0, 0x00F0, 0x0110, 0x00F0,
  0x0110, 0x0110, 0x0110, 0x010F, 0x010F, 0x010F, 0x00EF, 0x00EF, 0x00EF, 0x00EE, 0x00EE, 0x00EE,
  0x00EE, 0x00EE, 0x00EE, 0x00EE, 0x00EE, 0x00EE, 0x00EE, 0x00EE, 0x00EE, 0x010E, 0x010E, 0x012F,
  0x00AF, 0x28EF, 0x64F8, 0x3E3F, 0x055F, 0x049F, 0x04DF, 0x04DF, 0x04BF, 0x04BF, 0x04BF, 0x04DF,
  0x04DF, 0x04DF, 0x04DF, 0x04FF, 0x04FF, 0x051F, 0x051F, 0x051F, 0x053F, 0x053F, 0x053F, 0x053F,
  0x053F, 0x053F, 0x053F, 0x055F, 0x055F, 0x055F, 0x055F, 0x055F, 0x055F, 0x055F, 0x055F, 0x055F,
  0x055F, 0x057F, 0x059F, 0x059F, 0x059F, 0x059F, 0x059F, 0x059F, 0x059F, 0x059F, 0x059F, 0x057F,
  0x057F, 0x055F, 0x055F, 0x053F, 0x053F, 0x055F, 0x055F, 0x053F, 0x053F, 0x051F, 0x051F, 0x051F,
  0x051F, 0x051F, 0x051F, 0x053F, 0x053F, 0x051F, 0x04DF, 0x0D1E, 0x36DE, 0x573F, 0x647C, 0x210C,
  0x00EA, 0x08EA, 0x08E9, 0x08C8, 0x08C8, 0x08C7, 0x08C7, 0x0087, 0x0005, 0x0026, 0x0006, 0x0026,
  0x0006, 0x0005, 0x0005, 0x0005, 0x0005, 0x0005, 0x0005, 0x0005, 0x0005, 0x0004, 0x0004, 0x0004,
  0x0004, 0x0004, 0x0004, 0x0004, 0x0004, 0x0004, 0x0004, 0x0004, 0x0004, 0x0004, 0x0004, 0x0004,
  0x0004, 0x0004, 0x0004, 0x0025, 0x0025, 0x0045, 0x0025, 0x0025, 0x0025, 0x0045, 0x0045, 0x0065,
  0x0065, 0x0865, 0x0865, 0x0065, 0x18C6, 0x20E6, 0x18E6, 0x20E6, 0x20E6, 0x20E6, 0x2906, 0x2106,
  0x19A8, 0xC140, 0xFD8B, 0xFF55, 0xFDCC, 0xFCC0, 0xFCE2, 0xFCC0, 0xFCC0, 0xFCE0, 0xFCC0, 0xFCC0,
  0xFCC0, 0xFCC0, 0xFCC0, 0xFCC0, 0xFCC0, 0xFCC0, 0xFCC0, 0xFCE0, 0xFCE0, 0xFCE0, 0xFCE0, 0xFCE0,
  0xFCE0, 0xFCE0, 0xFCE0, 0xFCE0, 0xFCE0, 0xFCE0, 0xFCE0, 0xFCE0, 0xFCE0, 0xFD00, 0xFD00, 0xFD00,
  0xFD00, 0xFD00, 0xFCE0, 0xFCE0, 0xFCE0, 0xFCE0, 0xFCE0, 0xFCE0, 0xFCE0, 0xFCE0, 0xFCE0, 0xFCC0,
  0xFCC0, 0xFCC0, 0xFCA0, 0xFCA0, 0xFCA0, 0xFCA0, 0xFC80, 0xFC80, 0xFC80, 0xFC80, 0xFC80, 0xFC80,
  0xFC80, 0xFC60, 0xFC60, 0xFC60, 0xFC60, 0xFC60, 0xFC20, 0xFC20, 0xFCE3, 0xE549, 0xC407, 0xC302,
  0xD383, 0xD3A3, 0xDBE2, 0xE402, 0xF442, 0xFE22, 0xFF23, 0xFEA2, 0xFDA0, 0xFD40, 0xFD40, 0xFD20,
  0xFD00, 0xFCE0, 0xFCC0, 0xFC80, 0xFC20, 0xFBE0, 0xFBC0, 0xFBA0, 0xFB80, 0xFB80, 0xFB60, 0xFB40,
  0xFB60, 0xFB60, 0xFB40, 0xFB40, 0xFB60, 0xFB60, 0xFB60, 0xFB40, 0xFB40, 0xFB40, 0xFB60, 0xFB60,
  0xFB80, 0xFBA0, 0xFBA0, 0xFBC0, 0xFBC0, 0xFBE0, 0xFBE0, 0xFBE0, 0xFC00, 0xFC20, 0xFC20, 0xFC40,
  0xFC40, 0xFC00, 0xFC60, 0xFDE0, 0xFE80, 0xFE40, 0xFDE0, 0xFCC0, 0xFC20, 0xFC60, 0xFC60, 0xFC60,
  0xFC60, 0xFC60, 0xFC80, 0xFC80, 0xFC80, 0xFC80, 0xFC80, 0xFCA0, 0xFCE0, 0xFCE0, 0xFCE0, 0xFCE0,
  0xFD00, 0xFD20, 0xFD40, 0xFD80, 0xFE40, 0xFF41, 0xFF82, 0xFEE0, 0xFE00, 0xFD80, 0xFD60, 0xFD20,
  0xFD00, 0xFCE0, 0xFCC0, 0xFCC0, 0xFCA0, 0xFCA0, 0xFCC0, 0xFC60, 0xFD01, 0xFF23, 0xFFC3, 0xFF83,
  0xFF83, 0xFFA3, 0xFFA3, 0xFFA3,
  0x01DC, 0x01DC, 0x01DC, 0x01DC, 0x01DC, 0x01DC, 0x01DC, 0x01DC, 0x01FD, 0x023D, 0x01DC, 0x01DC,
  0x01DB, 0x01BB, 0x023C, 0x02FF, 0x021E, 0x025E, 0x025E, 0x025E, 0x023E, 0x023E, 0x021D, 0x021D,
  0x021D, 0x021D, 0x021D, 0x01FD, 0x01FD, 0x01FD, 0x01FC, 0x01DC, 0x01DC, 0x01DC, 0x01DC, 0x01DC,
  0x01FC, 0x0197, 0x0133, 0x0135, 0x0134, 0x0134, 0x0134, 0x0134, 0x0134, 0x0133, 0x0133, 0x0133,
  0x0133, 0x0113, 0x0113, 0x0112, 0x0112, 0x0112, 0x0112, 0x0112, 0x0111, 0x0111, 0x0111, 0x0111,
  0x0111, 0x0111, 0x0111, 0x0111, 0x0111, 0x0110, 0x00F0, 0x0110, 0x0130, 0x0110, 0x0110, 0x00F0,
  0x00D0, 0x00D0, 0x00B0, 0x00AF, 0x00AF, 0x00AF, 0x00AF, 0x00AF, 0x008F, 0x008E, 0x008E, 0x008E,
  0x008E, 0x008E, 0x008E, 0x008E, 0x008E, 0x008E, 0x008E, 0x00AE, 0x00AE, 0x00AE, 0x00EF, 0x00EF,
  0x000F, 0x6C97, 0xA79F, 0x061F, 0x15BF, 0x265F, 0x467F, 0x4E7F, 0x4E7F, 0x4E7F, 0x4E9F, 0x4E9F,
  0x4E9F, 0x569F, 0x4E9F, 0x4EBF, 0x4EBF, 0x56BF, 0x56DF, 0x56DF, 0x56DF, 0x5EDF, 0x5EFF, 0x56DF,
  0x5EFF, 0x5EFF, 0x5EFF, 0x5EFF, 0x5EFF, 0x5F1F, 0x5F1F, 0x671F, 0x671F, 0x671F, 0x671F, 0x671F,
  0x671F, 0x673F, 0x673F, 0x673F, 0x673F, 0x673F, 0x673F, 0x673F, 0x673F, 0x673F, 0x671F, 0x671F,
  0x671F, 0x66FF, 0x66FF, 0x66FF, 0x66FF, 0x66FF, 0x66FF, 0x5EFF, 0x5EFF, 0x5EFF, 0x5EDF, 0x5EDF,
  0x5EFF, 0x5EFF, 0x5EFF, 0x66FF, 0x6EFF, 0x7EFF, 0x7EFF, 0x56FF, 0x5F1F, 0x757E, 0x4A5B, 0x198E,
  0x0004, 0x0008, 0x0007, 0x0006, 0x0006, 0x0006, 0x0006, 0x0006, 0x1949, 0x1948, 0x1928, 0x1928,
  0x1928, 0x1928, 0x1927, 0x1927, 0x1928, 0x1928, 0x2968, 0x2988, 0x2968, 0x2968, 0x29A8, 0x2988,
  0x2988, 0x2988, 0x2988, 0x2988, 0x2988, 0x2988, 0x2968, 0x2968, 0x2968, 0x2968, 0x2147, 0x2147,
  0x2147, 0x2147, 0x2127, 0x2127, 0x2127, 0x2127, 0x2147, 0x2147, 0x2127, 0x2127, 0x2147, 0x2127,
  0x2127, 0x2127, 0x2147, 0x2127, 0x00A6, 0x0006, 0x0005, 0x0005, 0x0026, 0x0026, 0x1845, 0x0005,
  0x5164, 0x9926, 0xE320, 0xFE93, 0xFE91, 0xFDE9, 0xFE4E, 0xFE90, 0xFE90, 0xFE90, 0xFE8F, 0xFE6F,
  0xFE6F, 0xFE6F, 0xFE6F, 0xFE6F, 0xFE6F, 0xFE8F, 0xFE8F, 0xFE8F, 0xFE8F, 0xFE8F, 0xFE8E, 0xFE8E,
  0xFE8F, 0xFE8F, 0xFE8E, 0xFE8E, 0xFE8E, 0xFE8E, 0xFE8E, 0xFE8E, 0xFE8E, 0xFEAE, 0xFEAE, 0xFEAE,
  0xFEAE, 0xFE8E, 0xFE8D, 0xFE8D, 0xFE8D, 0xFE6D, 0xFE6D, 0xFE6D, 0xFE6C, 0xFE6D, 0xFE4D, 0xFE4C,
  0xFE4C, 0xFE2C, 0xFE2C, 0xFE0C, 0xFE0C, 0xFE0C, 0xFDEC, 0xFDEB, 0xFDEB, 0xFDEB, 0xFDEB, 0xFDEB,
  0xFDEB, 0xFDEB, 0xFDCB, 0xFDCB, 0xFDCB, 0xFDCB, 0xFDCC, 0xF5CC, 0xF587, 0xFE48, 0xF5E9, 0xD3C2,
  0xD380, 0xDBE2, 0xE401, 0xF400, 0xFDA0, 0xFF21, 0xFF02, 0xFE00, 0xFD80, 0xFD60, 0xFD60, 0xFD40,
  0xFD20, 0xFCE0, 0xFCC0, 0xFC60, 0xFC20, 0xFC00, 0xFBE0, 0xFBC0, 0xFBA0, 0xFB80, 0xFB60, 0xFB60,
  0xFB60, 0xFB60, 0xFB60, 0xFB80, 0xFB80, 0xFB80, 0xFB80, 0xFB80, 0xFB60, 0xFB80, 0xFB80, 0xFBA0,
  0xFBC0, 0xFBC0, 0xFBC0, 0xFBE0, 0xFC00, 0xFC00, 0xFC00, 0xFC00, 0xFC20, 0xFC40, 0xFC40, 0xFC60,
  0xFC20, 0xFCA0, 0xFE00, 0xFEA0, 0xFE40, 0xFD60, 0xFC40, 0xFC20, 0xFC80, 0xFC40, 0xFC40, 0xFC60,
  0xFC60, 0xFC60, 0xFC60, 0xFC80, 0xFC80, 0xFC80, 0xFCA0, 0xFCC0, 0xFCC0, 0xFCC0, 0xFCE0, 0xFCE0,
  0xFD00, 0xFD40, 0xFD60, 0xFDE0, 0xFF01, 0xFF81, 0xFEE0, 0xFE00, 0xFD80, 0xFD60, 0xFD20, 0xFCE0,
  0xFCC0, 0xFCC0, 0xFCA0, 0xFCA0, 0xFCA0, 0xFCE0, 0xFC60, 0xFCE1, 0xFF23, 0xFFC3, 0xFF83, 0xFF83,
  0xFFA3, 0xFFA3, 0xFFA3, 0xFFA3,
  0x01DC, 0x01DC, 0x01DC, 0x01DC, 0x01DC, 0x01DC, 0x01DC, 0x01DC, 0x021D, 0x01FD, 0x01DC, 0x01DC,
  0x01DC, 0x01DC, 0x031E, 0x029F, 0x023E, 0x025E, 0x025E, 0x025E, 0x023E, 0x023E, 0x023E, 0x021D,
  0x021D, 0x021D, 0x021D, 0x01FD, 0x01FD, 0x01FD, 0x01FC, 0x01FC, 0x01DC, 0x01DC, 0x01DC, 0x01FC,
  0x0198, 0x0113, 0x0134, 0x0134, 0x0134, 0x0134, 0x0134, 0x0134, 0x0134, 0x0133, 0x0133, 0x0133,
  0x0133, 0x0113, 0x0112, 0x0112, 0x0112, 0x0112, 0x0112, 0x0112, 0x0112, 0x0112, 0x0111, 0x0111,
  0x0111, 0x0111, 0x0111, 0x0111, 0x0111, 0x0931, 0x0931, 0x00F0, 0x0090, 0x0090, 0x00B0, 0x00F0,
  0x0110, 0x0110, 0x1150, 0x1130, 0x1130, 0x1130, 0x1130, 0x1130, 0x112F, 0x112F, 0x112F, 0x112F,
  0x092F, 0x112F, 0x092F, 0x112F, 0x112F, 0x092F, 0x092F, 0x090F, 0x090E, 0x090E, 0x094F, 0x08CF,
  0x00AF, 0x457C, 0x5D5F, 0x037C, 0x149D, 0x259E, 0x4E1F, 0x5E3F, 0x5E3F, 0x5E5F, 0x5E5F, 0x667F,
  0x667F, 0x667F, 0x667F, 0x667F, 0x669F, 0x669F, 0x669F, 0x6EBF, 0x6EBF, 0x6EDF, 0x6EFF, 0x6EFF,
  0x6F1F, 0x771F, 0x773F, 0x773F, 0x773F, 0x775F, 0x775F, 0x7F5F, 0x7F7F, 0x7F7F, 0x7F7F, 0x7F7F,
  0x7F7F, 0x7F7F, 0x7F7F, 0x7F7F, 0x877F, 0x877F, 0x877F, 0x877F, 0x877F, 0x877F, 0x7F7F, 0x7F7F,
  0x7F7F, 0x7F7F, 0x7F7F, 0x7F7F, 0x7F7F, 0x7F7F, 0x7F5F, 0x7F5F, 0x7F5F, 0x775F, 0x775F, 0x7F7F,
  0x7F7F, 0x7F7F, 0x775F, 0x7F5F, 0x873F, 0x8EDF, 0x8F9F, 0x679F, 0x041F, 0x4B1C, 0x4AFA, 0x3231,
  0x29AA, 0x31AB, 0x31CB, 0x31CA, 0x31A9, 0x2989, 0x3189, 0x2AAE, 0x2A8E, 0x2149, 0x29AA, 0x2989,
  0x29A9, 0x29A9, 0x29A9, 0x29CA, 0x29CA, 0x31EA, 0x3A0A, 0x422A, 0x3A2A, 0x424A, 0x3A09, 0x39E9,
  0x39E9, 0x3A09, 0x39E9, 0x39C8, 0x31C8, 0x31C8, 0x31C8, 0x31C8, 0x31C8, 0x31A8, 0x2967, 0x2947,
  0x2167, 0x2967, 0x31A8, 0x29A9, 0x2168, 0x2168, 0x2988, 0x2988, 0x2988, 0x2989, 0x2988, 0x2968,
  0x2968, 0x2968, 0x1968, 0x49C7, 0x51C6, 0x41C8, 0x41C7, 0x41A7, 0x41A7, 0x41A7, 0x49A7, 0x31A7,
  0x79C6, 0xA160, 0xBB2D, 0xD34A, 0xDAA2, 0xEBC6, 0xFD8E, 0xFE93, 0xFEB3, 0xFEB2, 0xFEB2, 0xFEB1,
  0xFEB1, 0xFED2, 0xFED2, 0xFED2, 0xFED2, 0xFED2, 0xFED2, 0xFED2, 0xFED2, 0xFED2, 0xFED2, 0xFED2,
  0xFED2, 0xFED2, 0xFED2, 0xFED2, 0xFED1, 0xFED1, 0xFED2, 0xFED2, 0xFED2, 0xFED2, 0xFED2, 0xFEB2,
  0xFEB2, 0xFE91, 0xFE91, 0xFE71, 0xFE71, 0xFE50, 0xFE30, 0xFE30, 0xFE10, 0xFE10, 0xFE10, 0xFE10,
  0xFDF0, 0xFDCF, 0xFDCF, 0xFDCF, 0xFDAF, 0xFDAF, 0xFD8F, 0xFD8F, 0xFD8E, 0xFD8E, 0xFD8E, 0xFD8E,
  0xFD8E, 0xFD8E, 0xFD8E, 0xFD8E, 0xFD8E, 0xFD8E, 0xFD6F, 0xFD8D, 0xFECB, 0xFE49, 0xFCA2, 0xEC43,
  0xE403, 0xEC42, 0xF441, 0xFD41, 0xFEE2, 0xFF63, 0xFEA1, 0xFE00, 0xFDC0, 0xFDC0, 0xFDA0, 0xFD80,
  0xFD40, 0xFD20, 0xFCE0, 0xFCA0, 0xFC60, 0xFC40, 0xFC20, 0xFC00, 0xFBE0, 0xFBC0, 0xFBC0, 0xFBC0,
  0xFBC0, 0xFBA0, 0xFBA0, 0xFBA0, 0xFB80, 0xFBA0, 0xFBA0, 0xFBA0, 0xFBA0, 0xFBA0, 0xFBA0, 0xFBC0,
  0xFBE0, 0xFBE0, 0xFC00, 0xFC00, 0xFC00, 0xFC20, 0xFC20, 0xFC40, 0xFC40, 0xFC60, 0xFC60, 0xFC20,
  0xFCC0, 0xFE20, 0xFEA0, 0xFE40, 0xFD40, 0xFC00, 0xFC40, 0xFC60, 0xFC40, 0xFC40, 0xFC60, 0xFC60,
  0xFC60, 0xFC60, 0xFC60, 0xFC60, 0xFC80, 0xFC80, 0xFCA0, 0xFCA0, 0xFCC0, 0xFCC0, 0xFCE0, 0xFCE0,
  0xFD00, 0xFD40, 0xFDA0, 0xFEA0, 0xFF60, 0xFEE0, 0xFE00, 0xFD60, 0xFD40, 0xFD00, 0xFCE0, 0xFCC0,
  0xFCA0, 0xFCA0, 0xFC80, 0xFCA0, 0xFCC0, 0xFC60, 0xFCE0, 0xFF03, 0xFFC3, 0xFF83, 0xFF83, 0xFFA3,
  0xFFA3, 0xFFA3, 0xFFA3, 0xFFA3,
  0x01DC, 0x01DC, 0x01DC, 0x01DC, 0x01DC, 0x01FC, 0x01FC, 0x01FD, 0x021E, 0x01DC, 0x01FC, 0x01DC,
  0x01BC, 0x02DD, 0x033F, 0x023F, 0x027F, 0x025E, 0x025E, 0x025E, 0x023E, 0x023E, 0x023E, 0x021E,
  0x021D, 0x021D, 0x021D, 0x021D, 0x01FD, 0x01FD, 0x01FC, 0x01FC, 0x01FC, 0x01DC, 0x01FD, 0x01BA,
  0x0134, 0x0134, 0x0134, 0x0134, 0x0134, 0x0134, 0x0134, 0x0133, 0x0133, 0x0133, 0x0133, 0x0133,
  0x0113, 0x0112, 0x0112, 0x0112, 0x0112, 0x0112, 0x0112, 0x0112, 0x0112, 0x0112, 0x0112, 0x0112,
  0x0111, 0x0111, 0x0111, 0x0931, 0x0131, 0x0091, 0x0010, 0x00F1, 0x1171, 0x19D1, 0x21F1, 0x2211,
  0x2A10, 0x3230, 0x3A70, 0x3A50, 0x3250, 0x3250, 0x324F, 0x3250, 0x3250, 0x3250, 0x3250, 0x3250,
  0x3250, 0x3270, 0x3270, 0x3271, 0x3271, 0x3271, 0x3271, 0x3270, 0x3270, 0x3270, 0x2A50, 0x29EF,
  0x2AB1, 0x047D, 0x015D, 0x0813, 0x0017, 0x011C, 0x021E, 0x025E, 0x027F, 0x02BF, 0x02BF, 0x02DF,
  0x02FF, 0x031F, 0x033F, 0x035F, 0x037F, 0x039F, 0x039F, 0x03BF, 0x03DF, 0x041F, 0x043F, 0x047F,
  0x049F, 0x049F, 0x04BF, 0x04BF, 0x04DF, 0x04FF, 0x051F, 0x053F, 0x053F, 0x055F, 0x055F, 0x057F,
  0x057F, 0x057F, 0x057F, 0x057F, 0x057F, 0x057F, 0x055F, 0x055F, 0x055F, 0x055F, 0x055F, 0x055F,
  0x055F, 0x053F, 0x055F, 0x055F, 0x055F, 0x053F, 0x053F, 0x053F, 0x053F, 0x053F, 0x053F, 0x055F,
  0x053F, 0x053F, 0x051F, 0x04DF, 0x045E, 0x02DE, 0x057F, 0x679F, 0x043E, 0x2A3A, 0x4299, 0x3A91,
  0x4B10, 0x5331, 0x5351, 0x5351, 0x5330, 0x4B10, 0x42AF, 0x03B4, 0x020C, 0x00E8, 0x016A, 0x0149,
  0x0129, 0x0129, 0x0129, 0x0129, 0x0149, 0x1148, 0x00A7, 0x0087, 0x00E7, 0x08E6, 0x0000, 0x0000,
  0x0001, 0x0000, 0x0000, 0x0000, 0x0000, 0x0000, 0x0000, 0x0000, 0x0000, 0x0000, 0x0000, 0x0001,
  0x0000, 0x0000, 0x08E6, 0x1948, 0x00C7, 0x00E7, 0x00C7, 0x00A6, 0x0906, 0x1928, 0x1948, 0x1127,
  0x0907, 0x2148, 0x0948, 0x31C9, 0x8265, 0x7267, 0x62CB, 0x72EB, 0x6ACA, 0x6ACA, 0x6AA9, 0x6268,
  0x71E5, 0x9981, 0xAACC, 0x99C8, 0x8000, 0xA800, 0xE000, 0xFAA0, 0xFB20, 0xFB40, 0xFB40, 0xFB60,
  0xFB80, 0xFBA0, 0xFBC0, 0xFBC0, 0xFBC0, 0xFBC0, 0xFBE0, 0xFBE0, 0xFBC0, 0xFBE0, 0xFBE0, 0xFBE0,
  0xFC00, 0xFC00, 0xFBE0, 0xFBE0, 0xFBE0, 0xFBE0, 0xFBC0, 0xFBC0, 0xFBC0, 0xFBC0, 0xFBC0, 0xFBC0,
  0xFBA0, 0xFB80, 0xFB60, 0xFB40, 0xFB20, 0xFAE0, 0xFAC0, 0xFAA0, 0xFA80, 0xFA60, 0xFA40, 0xFA00,
  0xF9E0, 0xF9C0, 0xF9A0, 0xF960, 0xF940, 0xF900, 0xF8E0, 0xF0A0, 0xF080, 0xF080, 0xF880, 0xF040,
  0xF020, 0xF040, 0xF040, 0xF000, 0xF000, 0xF000, 0xE800, 0xF000, 0xFDA5, 0xFEA9, 0xFB82, 0xCB26,
  0xABC7, 0xBB85, 0xC3C6, 0xC4C6, 0xC587, 0xC567, 0xC4C6, 0xC4A5, 0xC485, 0xC485, 0xC485, 0xC465,
  0xC425, 0xC425, 0xC3E5, 0xC3C5, 0xC3A5, 0xC3A5, 0xC385, 0xC364, 0xC364, 0xCB64, 0xCB83, 0xD3A3,
  0xE3A2, 0xF3C0, 0xFC00, 0xFC00, 0xFBE0, 0xFBC0, 0xFBA0, 0xFBA0, 0xFBC0, 0xFBE0, 0xFBE0, 0xFC00,
  0xFC00, 0xFC20, 0xFC20, 0xFC40, 0xFC40, 0xFC40, 0xFC60, 0xFC60, 0xFC60, 0xFC60, 0xFC40, 0xFD00,
  0xFE40, 0xFEA0, 0xFE00, 0xFCE0, 0xFC00, 0xFC40, 0xFC60, 0xFC40, 0xFC60, 0xFC40, 0xFC40, 0xFC40,
  0xFC40, 0xFC40, 0xFC60, 0xFC60, 0xFC80, 0xFCA0, 0xFCA0, 0xFCA0, 0xFCC0, 0xFCC0, 0xFCE0, 0xFD00,
  0xFD20, 0xFD60, 0xFE60, 0xFF40, 0xFEE0, 0xFDE0, 0xFD60, 0xFD40, 0xFD00, 0xFCE0, 0xFCC0, 0xFCA0,
  0xFC80, 0xFC80, 0xFC80, 0xFCC0, 0xFC60, 0xFCE1, 0xFF03, 0xFFC3, 0xFF83, 0xFF83, 0xFFA3, 0xFFA3,
  0xFFA3, 0xFFA3, 0xFFA3, 0xFFA3,
  0x01DC, 0x01DC, 0x01DC, 0x01DC, 0x01FD, 0x01FD, 0x01FD, 0x023E, 0x01FD, 0x01FC, 0x01FC, 0x01DC,
  0x023D, 0x037F, 0x027F, 0x027F, 0x027F, 0x027F, 0x025E, 0x025E, 0x023E, 0x023E, 0x023E, 0x023E,
  0x021E, 0x021D, 0x021D, 0x021D, 0x021D, 0x01FD, 0x01FD, 0x01FC, 0x01DC, 0x01FD, 0x01FB, 0x0154,
  0x0134, 0x0134, 0x0134, 0x0134, 0x0134, 0x0134, 0x0134, 0x0133, 0x0133, 0x0133, 0x0133, 0x0133,
  0x0133, 0x0112, 0x0112, 0x0112, 0x0112, 0x0112, 0x0112, 0x0112, 0x0112, 0x0112, 0x0112, 0x0112,
  0x00F1, 0x0952, 0x0132, 0x0051, 0x0031, 0x1151, 0x3232, 0x3A92, 0x3A91, 0x3A90, 0x326E, 0x324D,
  0x324C, 0x3A4C, 0x324D, 0x324D, 0x324D, 0x322D, 0x322D, 0x324D, 0x324D, 0x324D, 0x324E, 0x324E,
  0x326E, 0x326F, 0x328F, 0x3290, 0x3290, 0x3290, 0x2A90, 0x32B0, 0x32B1, 0x32B1, 0x32B1, 0x32D0,
  0x226E, 0x1B7C, 0x227A, 0x016E, 0x01F5, 0x025A, 0x0A7C, 0x127D, 0x0A7D, 0x127D, 0x127D, 0x127D,
  0x127D, 0x129D, 0x129D, 0x12BD, 0x12BE, 0x12BE, 0x12BE, 0x12DE, 0x12DE, 0x12DE, 0x12DE, 0x12DE,
  0x12BE, 0x12BE, 0x12DE, 0x12DE, 0x12FE, 0x12FE, 0x131E, 0x131E, 0x133F, 0x135F, 0x135F, 0x135F,
  0x135F, 0x137F, 0x135F, 0x135F, 0x133F, 0x133F, 0x133F, 0x131F, 0x131F, 0x131F, 0x131F, 0x12FF,
  0x12FF, 0x12FF, 0x131F, 0x131F, 0x131F, 0x131F, 0x131F, 0x131F, 0x133F, 0x133F, 0x133F, 0x133F,
  0x133E, 0x133E, 0x133E, 0x133E, 0x1AFE, 0x21FD, 0x245E, 0x4F3F, 0x143D, 0x21B9, 0x29F5, 0x0021,
  0x21C9, 0x3B11, 0x32B0, 0x32B0, 0x32D0, 0x2A4E, 0x3B11, 0xA5FA, 0xB5D8, 0xADD9, 0xB5D8, 0xB5F8,
  0xADD8, 0xADB8, 0xADB8, 0xAD97, 0xAD97, 0xADB7, 0xADB7, 0xAD97, 0xA597, 0xA576, 0xA577, 0xA577,
  0xA556, 0xA556, 0xA556, 0xA556, 0xAD76, 0xAD97, 0xAD97, 0xAD97, 0xAD77, 0xAD77, 0xAD97, 0xAD97,
  0xAD97, 0xAD76, 0xAD77, 0xAD97, 0xB5B7, 0xB5D8, 0xB5D8, 0xB5B7, 0xAD97, 0xAD97, 0xADB7, 0xADB7,
  0xADB7, 0xB5B7, 0xB5B7, 0xA577, 0xC5D7, 0x9C2E, 0x3987, 0x4A4B, 0x524A, 0x4A2A, 0x4A29, 0x1082,
  0x0000, 0x60E0, 0x9A49, 0x99E6, 0x8160, 0x91A2, 0xCA03, 0xEA43, 0xEA23, 0xEA23, 0xEA23, 0xEA23,
  0xEA42, 0xEA42, 0xEA42, 0xEA42, 0xF262, 0xF263, 0xF283, 0xF283, 0xF282, 0xF282, 0xF282, 0xF282,
  0xF282, 0xF262, 0xF262, 0xF262, 0xF262, 0xF262, 0xF262, 0xF262, 0xF262, 0xF262, 0xF262, 0xF262,
  0xF262, 0xF262, 0xF262, 0xF262, 0xF262, 0xEA42, 0xEA42, 0xEA42, 0xEA42, 0xEA42, 0xEA22, 0xE222,
  0xE222, 0xE202, 0xE202, 0xE202, 0xE202, 0xE202, 0xDA02, 0xDA02, 0xDA02, 0xDA22, 0xDA22, 0xDA22,
  0xDA02, 0xDA02, 0xDA02, 0xDA02, 0xDA02, 0xDA02, 0xD242, 0xD803, 0xF441, 0xFDE0, 0xF361, 0xA146,
  0x52A8, 0x5187, 0x41A7, 0x5147, 0x4807, 0x4807, 0x4887, 0x40E6, 0x4906, 0x4926, 0x4926, 0x4926,
  0x4946, 0x4946, 0x4966, 0x5186, 0x51A6, 0x59A6, 0x59A5, 0x51A5, 0x51A5, 0x59C5, 0x59C5, 0x6205,
  0x7224, 0x8AA3, 0xAB23, 0xD3C2, 0xEC42, 0xFC61, 0xFC20, 0xFC00, 0xFBE0, 0xFC00, 0xFC40, 0xFC40,
  0xFC40, 0xFC40, 0xFC60, 0xFC60, 0xFC60, 0xFC80, 0xFC80, 0xFC80, 0xFC80, 0xFC40, 0xFD20, 0xFE80,
  0xFEA0, 0xFDA0, 0xFC80, 0xFC20, 0xFC60, 0xFC40, 0xFC40, 0xFC40, 0xFC40, 0xFC40, 0xFC40, 0xFC40,
  0xFC40, 0xFC40, 0xFC60, 0xFC80, 0xFC80, 0xFC80, 0xFC80, 0xFCA0, 0xFCC0, 0xFCC0, 0xFCE0, 0xFD00,
  0xFD20, 0xFE00, 0xFF00, 0xFF00, 0xFE00, 0xFD60, 0xFD20, 0xFD00, 0xFCE0, 0xFCC0, 0xFCA0, 0xFC80,
  0xFC80, 0xFC80, 0xFCA0, 0xFC40, 0xFCC1, 0xFF03, 0xFFC3, 0xFF83, 0xFF83, 0xFFA3, 0xFFA3, 0xFFA3,
  0xFFA3, 0xFFA3, 0xFFA3, 0xFFC3,
  0x01DC, 0x01DD, 0x01DC, 0x01FD, 0x01FD, 0x01FD, 0x021E, 0x023E, 0x01FC, 0x01FD, 0x01FD, 0x01BD,
  0x035E, 0x033F, 0x025F, 0x029F, 0x027F, 0x027E, 0x027E, 0x025E, 0x025E, 0x023E, 0x023E, 0x023E,
  0x023E, 0x021D, 0x021D, 0x021D, 0x021D, 0x01FD, 0x01FD, 0x01FC, 0x01FD, 0x021C, 0x0175, 0x0113,
  0x0134, 0x0134, 0x0134, 0x0133, 0x0133, 0x0133, 0x0133, 0x0133, 0x0133, 0x0133, 0x0133, 0x0133,
  0x0133, 0x0112, 0x0112, 0x0112, 0x0112, 0x0112, 0x0112, 0x0112, 0x0112, 0x0132, 0x00F2, 0x0932,
  0x1192, 0x00D2, 0x0011, 0x1992, 0x3A72, 0x4AF2, 0x4AF1, 0x428E, 0x320B, 0x29CA, 0x29AA, 0x29CB,
  0x2A0C, 0x320C, 0x2A0C, 0x2A0C, 0x2A0C, 0x2A0C, 0x2A0D, 0x2A0D, 0x2A0D, 0x2A0D, 0x2A0D, 0x2A0D,
  0x2A2E, 0x2A2E, 0x2A4E, 0x2A4F, 0x2A4F, 0x2A4F, 0x2A4F, 0x2A6F, 0x2A70, 0x2A90, 0x3353, 0x222C,
  0x0021, 0x029A, 0x01B8, 0x004A, 0x0112, 0x0177, 0x01B9, 0x01B9, 0x01B9, 0x01D9, 0x01B8, 0x01B8,
  0x01D9, 0x01D9, 0x01D9, 0x01D9, 0x01F9, 0x01F9, 0x01D9, 0x01FA, 0x01FA, 0x01FA, 0x01FA, 0x01FA,
  0x01FA, 0x01FA, 0x01FA, 0x01FA, 0x021A, 0x021B, 0x021B, 0x021B, 0x023B, 0x025C, 0x025C, 0x025C,
  0x025C, 0x027C, 0x025C, 0x025C, 0x025C, 0x025C, 0x025C, 0x023B, 0x025C, 0x025C, 0x023B, 0x023B,
  0x023B, 0x025B, 0x023B, 0x023B, 0x023B, 0x023B, 0x023B, 0x023B, 0x025B, 0x023B, 0x023B, 0x023B,
  0x023B, 0x023B, 0x025B, 0x025B, 0x025B, 0x01B9, 0x03BE, 0x367F, 0x0BDD, 0x1136, 0x192D, 0x0800,
  0x322B, 0x42F1, 0x326F, 0x328F, 0x326E, 0x016B, 0x7496, 0xCEBC, 0xCEBC, 0xCEBC, 0xCEBC, 0xCEBC,
  0xCEBC, 0xCE9B, 0xC69B, 0xC69B, 0xC69B, 0xC69B, 0xCE9B, 0xC69B, 0xC67B, 0xC67B, 0xC67B, 0xC67B,
  0xBE5B, 0xBE5B, 0xBE5A, 0xBE5B, 0xC67B, 0xC69B, 0xCE9B, 0xC69B, 0xC67B, 0xC67B, 0xC67B, 0xC67B,
  0xC69B, 0xCE9B, 0xC67B, 0xCE9B, 0xCEBB, 0xCEBB, 0xCEBB, 0xCE9B, 0xC67B, 0xC67A, 0xC67A, 0xCE7B,
  0xCE9B, 0xCE9B, 0xCE7B, 0xC65A, 0xCE9B, 0xC5D6, 0x7AC9, 0x2968, 0x4A4A, 0x4A0A, 0x4A4A, 0x41A6,
  0x0000, 0x1000, 0x81C6, 0x8144, 0x7040, 0x88A0, 0xB160, 0xC1A0, 0xC1A0, 0xB980, 0xB980, 0xC180,
  0xC180, 0xC180, 0xC180, 0xC1A0, 0xC1A0, 0xC1C0, 0xC9A0, 0xC1A0, 0xC9A0, 0xC9A0, 0xC9A0, 0xC9A0,
  0xC9A0, 0xC9A0, 0xC9A0, 0xC9C0, 0xC9A0, 0xC9A0, 0xC9A0, 0xC9A0, 0xC9A0, 0xC9A0, 0xC980, 0xC980,
  0xC980, 0xC980, 0xC980, 0xC980, 0xC980, 0xC980, 0xC180, 0xC180, 0xC180, 0xC180, 0xC180, 0xC160,
  0xC160, 0xC160, 0xC160, 0xB960, 0xB960, 0xB960, 0xB960, 0xB960, 0xB960, 0xB960, 0xB960, 0xB960,
  0xB960, 0xB960, 0xB960, 0xB960, 0xB960, 0xB940, 0xB1A0, 0xB800, 0xEB20, 0xFCC0, 0xF2E0, 0x9001,
  0x6A66, 0x9AC7, 0x7A46, 0x6A26, 0x7266, 0x7266, 0x7246, 0x7226, 0x7226, 0x7226, 0x7225, 0x7205,
  0x6A05, 0x7205, 0x7205, 0x7205, 0x7205, 0x71E5, 0x71E5, 0x71E5, 0x71E5, 0x71E5, 0x71E5, 0x69C5,
  0x6184, 0x5944, 0x5144, 0x69C4, 0x92C4, 0xBBA3, 0xE422, 0xFC61, 0xFC80, 0xFC80, 0xFC60, 0xFC60,
  0xFC80, 0xFC80, 0xFC80, 0xFC80, 0xFCA0, 0xFCA0, 0xFCC0, 0xFCA0, 0xFC80, 0xFD60, 0xFEA0, 0xFE80,
  0xFD60, 0xFC60, 0xFC40, 0xFC60, 0xFC40, 0xFC40, 0xFC40, 0xFC40, 0xFC40, 0xFC40, 0xFC20, 0xFC20,
  0xFC40, 0xFC60, 0xFC60, 0xFC60, 0xFC60, 0xFC80, 0xFCA0, 0xFCA0, 0xFCC0, 0xFCC0, 0xFCE0, 0xFD00,
  0xFDA0, 0xFEC0, 0xFF00, 0xFE00, 0xFD40, 0xFD20, 0xFCE0, 0xFCC0, 0xFCA0, 0xFCA0, 0xFC80, 0xFC80,
  0xFC80, 0xFCA0, 0xFC40, 0xFCC1, 0xFF03, 0xFFC3, 0xFF82, 0xFF83, 0xFFA3, 0xFFA3, 0xFFA3, 0xFFA3,
  0xFFA3, 0xFFA3, 0xFFC3, 0xFFC3,
  0x01FD, 0x01FD, 0x01FD, 0x01FD, 0x01FD, 0x01FD, 0x025E, 0x01FD, 0x01FD, 0x01FD, 0x01DD, 0x02DE,
  0x03BF, 0x025F, 0x02BF, 0x029F, 0x029F, 0x027E, 0x027E, 0x025E, 0x025E, 0x025E, 0x023E, 0x023E,
  0x023E, 0x023D, 0x021D, 0x021D, 0x021D, 0x021D, 0x01FD, 0x021D, 0x023D, 0x0197, 0x00F2, 0x0134,
  0x0134, 0x0134, 0x0134, 0x0133, 0x0133, 0x0133, 0x0133, 0x0133, 0x0133, 0x0133, 0x0133, 0x0113,
  0x0112, 0x0112, 0x0112, 0x0112, 0x0112, 0x0112, 0x0112, 0x0112, 0x0132, 0x00F2, 0x1992, 0x0992,
  0x0011, 0x08B2, 0x3AB4, 0x4B54, 0x4B11, 0x3A6D, 0x1989, 0x1949, 0x21AA, 0x29EB, 0x320C, 0x322D,
  0x324D, 0x324D, 0x324D, 0x322D, 0x322D, 0x322D, 0x322D, 0x322D, 0x322D, 0x322D, 0x322D, 0x324D,
  0x324E, 0x324E, 0x324E, 0x324E, 0x2A6F, 0x2A6F, 0x2A6F, 0x3290, 0x3290, 0x32B1, 0x3374, 0x1105,
  0x0000, 0x092F, 0x08F0, 0x08A8, 0x08ED, 0x0932, 0x0933, 0x0933, 0x0933, 0x0932, 0x0932, 0x0932,
  0x0952, 0x0953, 0x0953, 0x0952, 0x0952, 0x0952, 0x0952, 0x0952, 0x0953, 0x0952, 0x0952, 0x0953,
  0x0953, 0x0953, 0x0953, 0x0953, 0x0953, 0x0953, 0x0953, 0x0973, 0x0974, 0x0974, 0x0974, 0x0974,
  0x0974, 0x0974, 0x0974, 0x0974, 0x0974, 0x0974, 0x0974, 0x0974, 0x0974, 0x0974, 0x0974, 0x0974,
  0x0974, 0x0974, 0x0974, 0x0974, 0x0973, 0x0973, 0x0973, 0x0974, 0x0974, 0x0973, 0x0973, 0x0973,
  0x0973, 0x0973, 0x0973, 0x0953, 0x0973, 0x1112, 0x0A76, 0x0CBA, 0x0294, 0x080A, 0x0040, 0x320B,
  0x4B32, 0x4311, 0x42F0, 0x328F, 0x19ED, 0x4310, 0x6C75, 0x5B71, 0x5B71, 0x6391, 0x5B91, 0x5B71,
  0x5B91, 0x5B71, 0x5B91, 0x5B91, 0x6391, 0x6391, 0x5B91, 0x6391, 0x6391, 0x6391, 0x63B1, 0x63B2,
  0x63D2, 0x6BD2, 0x6BD2, 0x63D2, 0x63B1, 0x6391, 0x63B1, 0x63B1, 0x6391, 0x5B91, 0x5B71, 0x5B71,
  0x6391, 0x63B1, 0x63B1, 0x63B1, 0x6391, 0x6370, 0x5B70, 0x6370, 0x6370, 0x6370, 0x6370, 0x6370,
  0x6390, 0x6390, 0x6390, 0x6B90, 0x530F, 0x8473, 0xA450, 0x5A07, 0x29A9, 0x4A6B, 0x528B, 0x5A8B,
  0x41C7, 0x0082, 0x38C1, 0x50C0, 0x48A1, 0x60C1, 0x80E0, 0x9121, 0x8921, 0x8921, 0x9121, 0x9121,
  0x9121, 0x9121, 0x9121, 0x8921, 0x8921, 0x8921, 0x8921, 0x8921, 0x8921, 0x8921, 0x8921, 0x8921,
  0x8921, 0x8921, 0x9121, 0x9121, 0x9121, 0x9121, 0x8921, 0x8921, 0x8921, 0x9121, 0x9121, 0x8921,
  0x8921, 0x8921, 0x8921, 0x9121, 0x9121, 0x9121, 0x9121, 0x9121, 0x9121, 0x9121, 0x9121, 0x9101,
  0x9101, 0x9101, 0x9101, 0x9101, 0x8901, 0x8901, 0x8901, 0x9101, 0x9101, 0x9101, 0x8901, 0x8901,
  0x8901, 0x8901, 0x9101, 0x9101, 0x9101, 0x8901, 0x8921, 0x8801, 0xBA00, 0xD340, 0xBA01, 0x4800,
  0x0080, 0xA2E7, 0x8AA8, 0x59E6, 0x6A27, 0x6A07, 0x6A06, 0x6A26, 0x6A26, 0x6A06, 0x6A06, 0x6A06,
  0x6206, 0x6A06, 0x6A06, 0x6A06, 0x6A06, 0x6A05, 0x6A05, 0x6A05, 0x6A05, 0x6A05, 0x6A05, 0x69E5,
  0x69E5, 0x7205, 0x7205, 0x71E4, 0x6944, 0x6124, 0x8243, 0xBB62, 0xE442, 0xFCC1, 0xFCC0, 0xFCA0,
  0xFCA0, 0xFCC0, 0xFCC0, 0xFCC0, 0xFCC0, 0xFCE0, 0xFCC0, 0xFCA0, 0xFDA0, 0xFEA0, 0xFE40, 0xFD20,
  0xFC40, 0xFC60, 0xFC80, 0xFC40, 0xFC60, 0xFC40, 0xFC40, 0xFC40, 0xFC40, 0xFC20, 0xFC20, 0xFC40,
  0xFC60, 0xFC40, 0xFC60, 0xFC60, 0xFC80, 0xFC80, 0xFCA0, 0xFCA0, 0xFCC0, 0xFCE0, 0xFD00, 0xFD60,
  0xFE80, 0xFEE0, 0xFE20, 0xFD40, 0xFD00, 0xFCE0, 0xFCC0, 0xFCA0, 0xFC80, 0xFC80, 0xFC60, 0xFC60,
  0xFCA0, 0xFC40, 0xFCC1, 0xFF03, 0xFFC3, 0xFF82, 0xFF83, 0xFFA3, 0xFFA3, 0xFFA3, 0xFFA3, 0xFFA3,
  0xFFA3, 0xFFA3, 0xFFC3, 0xFFA3,
  0x01FD, 0x01FD, 0x01FD, 0x01FD, 0x01FD, 0x023E, 0x023E, 0x021D, 0x021D, 0x01FD, 0x021D, 0x03DF,
  0x02FF, 0x029F, 0x02BF, 0x029F, 0x029F, 0x027F, 0x027E, 0x027E, 0x025E, 0x025E, 0x025E, 0x023E,
  0x023E, 0x023E, 0x021D, 0x021D, 0x021D, 0x021D, 0x021D, 0x025E, 0x01D9, 0x0113, 0x0134, 0x0134,
  0x0133, 0x0133, 0x0133, 0x0133, 0x0133, 0x0133, 0x0133, 0x0133, 0x0133, 0x0133, 0x0112, 0x0112,
  0x0112, 0x0112, 0x0112, 0x0112, 0x0112, 0x0112, 0x0112, 0x0112, 0x00F2, 0x19B3, 0x0092, 0x0011,
  0x4274, 0x5C38, 0x5418, 0x3314, 0x19EE, 0x116A, 0x29CB, 0x29CB, 0x29CB, 0x29CB, 0x2A0C, 0x2A0C,
  0x2A0C, 0x2A0C, 0x2A0C, 0x2A0C, 0x2A0C, 0x29EC, 0x29EC, 0x29EC, 0x29EC, 0x29EC, 0x21EC, 0x220D,
  0x2A0D, 0x2A2D, 0x2A2D, 0x2A2D, 0x222E, 0x222E, 0x2A4F, 0x2A4F, 0x2A6F, 0x2A6F, 0x2270, 0x222E,
  0x11CD, 0x01AD, 0x0004, 0x0000, 0x0000, 0x0003, 0x0005, 0x0004, 0x0003, 0x0001, 0x0000, 0x0002,
  0x0003, 0x0003, 0x0003, 0x0001, 0x0000, 0x0000, 0x0000, 0x0001, 0x0000, 0x0000, 0x0000, 0x0001,
  0x0002, 0x0001, 0x0002, 0x0003, 0x0002, 0x0002, 0x0002, 0x0002, 0x0003, 0x0003, 0x0004, 0x0003,
  0x0002, 0x0002, 0x0003, 0x0003, 0x0002, 0x0001, 0x0003, 0x0003, 0x0003, 0x0002, 0x0001, 0x0001,
  0x0002, 0x0004, 0x0004, 0x0003, 0x0003, 0x0003, 0x0002, 0x0002, 0x0002, 0x0001, 0x0002, 0x0003,
  0x0003, 0x0004, 0x0004, 0x0000, 0x0000, 0x0000, 0x0007, 0x2A4C, 0x19CA, 0x0949, 0x198B, 0x32B0,
  0x32D1, 0x226F, 0x1A4F, 0x2A6F, 0x5330, 0x5BD2, 0x530F, 0x5350, 0x5B70, 0x5B70, 0x5B50, 0x5B50,
  0x5B50, 0x5B70, 0x5B70, 0x5B70, 0x5B70, 0x5B70, 0x5B50, 0x5B70, 0x5B70, 0x5B70, 0x5B70, 0x5B70,
  0x5B70, 0x6390, 0x6390, 0x5B70, 0x5B4F, 0x5B2F, 0x5B2F, 0x5B2F, 0x5B4F, 0x5B4F, 0x5B4F, 0x5B4F,
  0x5B4F, 0x5B4F, 0x5B4F, 0x5B4F, 0x5B4F, 0x5B4F, 0x5B4F, 0x5B4F, 0x5B4F, 0x634F, 0x634F, 0x634F,
  0x5B4F, 0x5B4F, 0x5B2F, 0x5B2F, 0x632E, 0x42CD, 0x7BD0, 0x8B8D, 0x5A08, 0x39C8, 0x422A, 0x4A4B,
  0x528B, 0x7A68, 0x4964, 0x0000, 0x0000, 0x0000, 0x0000, 0x0000, 0x0000, 0x0000, 0x0000, 0x0000,
  0x0000, 0x0000, 0x0000, 0x0000, 0x0000, 0x0000, 0x0000, 0x0000, 0x0000, 0x0000, 0x0000, 0x0000,
  0x0000, 0x0000, 0x0000, 0x0000, 0x0000, 0x0000, 0x0000, 0x0000, 0x0000, 0x0000, 0x0000, 0x0000,
  0x0000, 0x0000, 0x0000, 0x0000, 0x0000, 0x0000, 0x0800, 0x0800, 0x0000, 0x0000, 0x0000, 0x0000,
  0x0000, 0x0000, 0x0000, 0x0000, 0x0000, 0x0000, 0x0000, 0x0000, 0x0000, 0x0000, 0x0000, 0x0000,
  0x0000, 0x0000, 0x1000, 0x1000, 0x0800, 0x0000, 0x0000, 0x0000, 0x4000, 0x6920, 0x40E0, 0x6181,
  0x7205, 0x7267, 0x6A47, 0x61E6, 0x61E6, 0x61E6, 0x61E6, 0x61E5, 0x61E5, 0x61C5, 0x61C5, 0x61C5,
  0x61C5, 0x61C5, 0x61C5, 0x61C5, 0x61C5, 0x61C4, 0x61C4, 0x61C4, 0x61C4, 0x61C4, 0x61A4, 0x61A4,
  0x61A4, 0x61A4, 0x61A4, 0x69C4, 0x7204, 0x7A24, 0x81E4, 0x89C4, 0xAAA3, 0xD3C2, 0xF4A1, 0xFD01,
  0xFD00, 0xFCE0, 0xFCE0, 0xFD00, 0xFD00, 0xFCE0, 0xFCE0, 0xFE00, 0xFEA0, 0xFE00, 0xFCC0, 0xFC40,
  0xFC80, 0xFC80, 0xFC60, 0xFC60, 0xFC40, 0xFC40, 0xFC40, 0xFC20, 0xFC20, 0xFC20, 0xFC40, 0xFC40,
  0xFC40, 0xFC40, 0xFC40, 0xFC60, 0xFC80, 0xFC80, 0xFC80, 0xFCA0, 0xFCC0, 0xFCE0, 0xFD20, 0xFE40,
  0xFEE0, 0xFE00, 0xFD20, 0xFD00, 0xFCE0, 0xFCA0, 0xFC80, 0xFC80, 0xFC60, 0xFC60, 0xFC60, 0xFCA0,
  0xFC40, 0xFCE1, 0xFF03, 0xFFC3, 0xFF83, 0xFF83, 0xFFA3, 0xFFA3, 0xFFA3, 0xFFA3, 0xFFA3, 0xFFA3,
  0xFFA3, 0xFFA3, 0xFFA3, 0xFFA3,
  0x01FD, 0x01FD, 0x01FD, 0x01FD, 0x021E, 0x025F, 0x021E, 0x021E, 0x021D, 0x01DD, 0x037E, 0x03BF,
  0x027F, 0x02FF, 0x02BF, 0x02BF, 0x029F, 0x029F, 0x029F, 0x027E, 0x027E, 0x025E, 0x025E, 0x025E,
  0x025E, 0x023E, 0x023D, 0x023D, 0x021D, 0x021D, 0x025E, 0x021A, 0x0113, 0x0134, 0x0134, 0x0133,
  0x0133, 0x0133, 0x0133, 0x0133, 0x0133, 0x0133, 0x0133, 0x0133, 0x0133, 0x0113, 0x0112, 0x0112,
  0x0112, 0x0112, 0x0112, 0x0112, 0x0112, 0x0112, 0x0112, 0x0112, 0x19B3, 0x0012, 0x0011, 0x7477,
  0x861D, 0x5D5E, 0x2399, 0x1273, 0x222F, 0x19AC, 0x116A, 0x1169, 0x198A, 0x21CB, 0x29EC, 0x2A0C,
  0x2A0C, 0x2A0C, 0x2A0C, 0x2A0C, 0x2A0C, 0x2A0C, 0x220C, 0x220C, 0x21EC, 0x21EC, 0x21ED, 0x220D,
  0x220D, 0x220D, 0x220D, 0x220E, 0x222E, 0x222F, 0x224F, 0x224F, 0x224F, 0x224F, 0x224F, 0x2270,
  0x2AB2, 0x13FC, 0x0339, 0x01F1, 0x0210, 0x0A31, 0x0A10, 0x01EF, 0x01EF, 0x0210, 0x0210, 0x0210,
  0x0210, 0x0210, 0x01F0, 0x01F0, 0x01F0, 0x01F0, 0x01F0, 0x01F0, 0x01F0, 0x01F0, 0x01F0, 0x01F0,
  0x01F0, 0x01F0, 0x01F0, 0x01F0, 0x01F0, 0x0210, 0x0210, 0x0210, 0x0210, 0x0210, 0x0210, 0x0210,
  0x0A10, 0x0A31, 0x0A30, 0x1230, 0x1251, 0x1251, 0x0A30, 0x0A30, 0x0A31, 0x1231, 0x1231, 0x1231,
  0x1231, 0x1231, 0x1231, 0x1231, 0x1231, 0x1231, 0x1231, 0x1231, 0x1231, 0x1231, 0x1231, 0x1251,
  0x1252, 0x1252, 0x1A52, 0x1A72, 0x22B3, 0x22D4, 0x4C38, 0x85DB, 0x5459, 0x32F4, 0x3AB0, 0x3AF1,
  0x4311, 0x4311, 0x5B71, 0x7413, 0x7C54, 0x6BD2, 0x6BD2, 0x6BD2, 0x63B1, 0x63B1, 0x63B2, 0x63D2,
  0x63D2, 0x63D2, 0x63D2, 0x63B2, 0x63B1, 0x63B1, 0x63B1, 0x6391, 0x6391, 0x63B1, 0x63B1, 0x63B1,
  0x63B1, 0x63B1, 0x6391, 0x6390, 0x6370, 0x5B70, 0x5B50, 0x5B50, 0x5B50, 0x5B70, 0x6370, 0x6390,
  0x6390, 0x6390, 0x6370, 0x6370, 0x6370, 0x6370, 0x6370, 0x6370, 0x6370, 0x6370, 0x6B90, 0x6B90,
  0x6B90, 0x6390, 0x6370, 0x6370, 0x6370, 0x6B6F, 0x5B2F, 0x83F1, 0x93EF, 0x730C, 0x5ACC, 0x5AAB,
  0x52AC, 0x9B0A, 0xA2E9, 0x7248, 0x59C6, 0x61C5, 0x8246, 0x9286, 0x8A45, 0x8225, 0x7A25, 0x7A05,
  0x7205, 0x7205, 0x7205, 0x7205, 0x7205, 0x7205, 0x71E5, 0x71E5, 0x71E5, 0x71E5, 0x71E5, 0x71E4,
  0x71C4, 0x71C4, 0x69C4, 0x71C4, 0x71C4, 0x71C4, 0x69C4, 0x69A4, 0x69A4, 0x6183, 0x6183, 0x69A4,
  0x69A4, 0x69A4, 0x69A4, 0x69A4, 0x69A4, 0x69A4, 0x69C4, 0x69A4, 0x69A4, 0x69A4, 0x69C4, 0x69C4,
  0x69A4, 0x69A3, 0x6983, 0x6183, 0x69A3, 0x69A4, 0x69A4, 0x69A3, 0x6183, 0x6183, 0x6183, 0x6983,
  0x69A3, 0x69A3, 0x6983, 0x6983, 0x6182, 0x6982, 0x71C3, 0x71A3, 0xBAE4, 0xE3A4, 0xBAC3, 0x7205,
  0x7A67, 0x6A27, 0x6206, 0x6A06, 0x6206, 0x6206, 0x6206, 0x61E6, 0x61E5, 0x61E5, 0x61E5, 0x61E5,
  0x61E5, 0x61E5, 0x61C5, 0x61C4, 0x61C4, 0x61C4, 0x69C4, 0x69C4, 0x69C4, 0x61C4, 0x61A4, 0x61A4,
  0x61A4, 0x69A4, 0x69C3, 0x69C3, 0x71A3, 0x71A0, 0x81A0, 0x9A00, 0xB260, 0xD323, 0xEC03, 0xF4E2,
  0xFD42, 0xFD61, 0xFD20, 0xFD20, 0xFD00, 0xFD20, 0xFE40, 0xFEC0, 0xFDC0, 0xFCA0, 0xFC80, 0xFCA0,
  0xFC80, 0xFC60, 0xFC60, 0xFC60, 0xFC40, 0xFC40, 0xFC20, 0xFC20, 0xFC20, 0xFC40, 0xFC40, 0xFC40,
  0xFC40, 0xFC40, 0xFC60, 0xFC60, 0xFC60, 0xFC80, 0xFC80, 0xFCA0, 0xFCC0, 0xFCE0, 0xFE00, 0xFEC0,
  0xFE20, 0xFD20, 0xFCE0, 0xFCC0, 0xFCA0, 0xFC80, 0xFC60, 0xFC60, 0xFC60, 0xFC60, 0xFC80, 0xFC20,
  0xFCC1, 0xFF03, 0xFFC3, 0xFF83, 0xFF83, 0xFFA3, 0xFFA3, 0xFFA3, 0xFFA3, 0xFFA3, 0xFFA3, 0xFFA3,
  0xFFA3, 0xFFA3, 0xFFA2, 0xFF82,
  0x01FD, 0x01FD, 0x01FD, 0x01FD, 0x025E, 0x025E, 0x023E, 0x023E, 0x01FE, 0x02BE, 0x043F, 0x02DF,
  0x02FF, 0x02DF, 0x02DF, 0x02BF, 0x02BF, 0x02BF, 0x029F, 0x027F, 0x027E, 0x027E, 0x025E, 0x025E,
  0x025E, 0x023E, 0x023E, 0x023D, 0x021D, 0x025E, 0x025C, 0x0133, 0x0113, 0x0134, 0x0133, 0x0133,
  0x0133, 0x0133, 0x0133, 0x0133, 0x0113, 0x0113, 0x0113, 0x0133, 0x0133, 0x0112, 0x0112, 0x0112,
  0x0112, 0x0112, 0x0112, 0x0112, 0x0112, 0x0112, 0x0112, 0x1192, 0x0012, 0x29B2, 0x957A, 0xB75F,
  0x86FF, 0x351D, 0x23B9, 0x2AF4, 0x2A50, 0x3A6E, 0x4ACE, 0x5B2F, 0x6B6F, 0x6BB0, 0x73B0, 0x73B0,
  0x6BB0, 0x6BB0, 0x73B0, 0x73B0, 0x73B0, 0x73D1, 0x73D1, 0x73B0, 0x73B0, 0x73B0, 0x73B0, 0x6BB0,
  0x6B90, 0x6B90, 0x6BB1, 0x73B1, 0x73D1, 0x73D2, 0x73D2, 0x6BB1, 0x6BB1, 0x6BB1, 0x6BD2, 0x73D2,
  0x73D2, 0x6C79, 0x6CBB, 0x6C37, 0x6C17, 0x6C37, 0x6437, 0x6416, 0x6417, 0x6C57, 0x6C58, 0x6C57,
  0x6C37, 0x6437, 0x6417, 0x6417, 0x6437, 0x6437, 0x6437, 0x6417, 0x6417, 0x6417, 0x6417, 0x6417,
  0x6417, 0x6417, 0x6437, 0x6417, 0x6417, 0x6C37, 0x6C37, 0x6437, 0x6C37, 0x6C37, 0x6C37, 0x6C37,
  0x6C57, 0x6C78, 0x7478, 0x7478, 0x7498, 0x7498, 0x7478, 0x6C77, 0x6C78, 0x7498, 0x7498, 0x7498,
  0x7478, 0x6C78, 0x6C58, 0x6C58, 0x6C58, 0x7478, 0x7478, 0x6C78, 0x6C58, 0x7478, 0x7478, 0x7478,
  0x7478, 0x7478, 0x7478, 0x7498, 0x7CD9, 0x84FA, 0x95BC, 0xA63C, 0x8519, 0x7C34, 0x7C32, 0x8474,
  0x94F5, 0x94F5, 0x94F5, 0x94F5, 0x8CB4, 0x8C94, 0x8C94, 0x8473, 0x8453, 0x8453, 0x8473, 0x8493,
  0x8C94, 0x8C94, 0x8473, 0x8473, 0x8473, 0x8473, 0x8473, 0x8452, 0x8452, 0x8453, 0x8473, 0x8C73,
  0x8473, 0x8453, 0x8452, 0x8452, 0x8452, 0x8432, 0x7C11, 0x7C11, 0x7C32, 0x8432, 0x8452, 0x8452,
  0x8472, 0x8472, 0x8452, 0x8452, 0x8452, 0x8432, 0x8432, 0x8432, 0x8452, 0x8452, 0x8452, 0x8C52,
  0x8452, 0x8452, 0x8431, 0x8431, 0x8431, 0x8452, 0x8C52, 0x8452, 0x94B3, 0x9CB2, 0x9472, 0x9472,
  0x8411, 0x9C0F, 0xB42F, 0xAC2F, 0xA40F, 0xA40E, 0xBC4E, 0xCC8F, 0xCC8F, 0xCC90, 0xC48F, 0xC46F,
  0xC44F, 0xBC4F, 0xBC4F, 0xBC4F, 0xBC4F, 0xBC4F, 0xBC4F, 0xBC4F, 0xBC4F, 0xBC4F, 0xBC2E, 0xBC4F,
  0xBC4F, 0xBC2F, 0xBC0E, 0xB40E, 0xBC2E, 0xB42E, 0xB42F, 0xB42E, 0xAC0E, 0xABEE, 0xABEE, 0xAC0E,
  0xB40E, 0xB42F, 0xB42F, 0xAC0F, 0xAC0F, 0xAC0F, 0xAC0F, 0xAC2F, 0xB42F, 0xB40E, 0xB42E, 0xB40E,
  0xB40E, 0xABEE, 0xABCD, 0xABEE, 0xABEE, 0xAC0E, 0xB3EE, 0xABEE, 0xABED, 0xABED, 0xABEE, 0xB40E,
  0xAC0E, 0xABED, 0xABCD, 0xA3CD, 0xA3CD, 0xABEE, 0xAC0E, 0xB3ED, 0xD44D, 0xE48C, 0xB3EC, 0x838D,
  0x838E, 0x838D, 0x838D, 0x838D, 0x838E, 0x838D, 0x83AD, 0x83AE, 0x838D, 0x838D, 0x838D, 0x838D,
  0x838D, 0x7B8D, 0x7B8D, 0x7B8D, 0x7B6D, 0x7B6D, 0x838D, 0x838D, 0x838D, 0x7B6C, 0x7B6C, 0x7B6D,
  0x838D, 0x838D, 0x838D, 0x8B8D, 0x8B6B, 0x934A, 0x932A, 0xAB07, 0xCB23, 0xEBA0, 0xF460, 0xFCC3,
  0xF4E3, 0xF522, 0xFD80, 0xFD60, 0xFD60, 0xFE60, 0xFEA0, 0xFD80, 0xFCA0, 0xFCC0, 0xFCC0, 0xFCA0,
  0xFC80, 0xFC80, 0xFC60, 0xFC60, 0xFC40, 0xFC20, 0xFC20, 0xFC40, 0xFC40, 0xFC40, 0xFC40, 0xFC40,
  0xFC40, 0xFC40, 0xFC60, 0xFC60, 0xFC60, 0xFC80, 0xFC80, 0xFCA0, 0xFCC0, 0xFDA0, 0xFE80, 0xFE20,
  0xFD20, 0xFCE0, 0xFCC0, 0xFCA0, 0xFC80, 0xFC60, 0xFC60, 0xFC60, 0xFC60, 0xFCA0, 0xFC20, 0xFCA0,
  0xFEE3, 0xFFC3, 0xFF82, 0xFF83, 0xFFA3, 0xFFA3, 0xFFA3, 0xFFA3, 0xFFA3, 0xFFA3, 0xFFA3, 0xFFA3,
  0xFF82, 0xFF82, 0xFF81, 0xFF81,
  0x01FD, 0x021D, 0x01FD, 0x023E, 0x027F, 0x025E, 0x023E, 0x023E, 0x01FE, 0x045F, 0x039F, 0x02BF,
  0x02FF, 0x02DF, 0x02DF, 0x02DF, 0x02BF, 0x02BF, 0x029F, 0x029F, 0x027F, 0x027E, 0x025E, 0x025E,
  0x025E, 0x025E, 0x023E, 0x021E, 0x025F, 0x02BD, 0x0175, 0x00D2, 0x0154, 0x0133, 0x0133, 0x0133,
  0x0133, 0x0133, 0x0113, 0x0113, 0x0113, 0x0113, 0x0113, 0x0113, 0x0112, 0x0112, 0x0112, 0x0112,
  0x0112, 0x0112, 0x0112, 0x0112, 0x0112, 0x0112, 0x1172, 0x0011, 0x29F2, 0x6D3B, 0x9F3F, 0xAF7F,
  0x8EDF, 0x5DFF, 0x3C5B, 0x32F3, 0x428E, 0x4ACD, 0x52CD, 0x52ED, 0x5B0D, 0x5B0D, 0x630D, 0x5B0C,
  0x5AEC, 0x5AEC, 0x5B0C, 0x5AEC, 0x5B0C, 0x630C, 0x630D, 0x630C, 0x5AEC, 0x630C, 0x630C, 0x5AEC,
  0x5AEC, 0x5AEC, 0x5B0C, 0x630D, 0x630D, 0x630D, 0x630D, 0x5B0C, 0x5AEC, 0x5AEC, 0x5B0C, 0x630D,
  0x5AEC, 0x5ACA, 0x5AEA, 0x5B0D, 0x5AED, 0x5AED, 0x52ED, 0x52ED, 0x52ED, 0x5B0D, 0x5B2E, 0x5B0D,
  0x52ED, 0x52ED, 0x52ED, 0x52ED, 0x530E, 0x530E, 0x530D, 0x52ED, 0x52ED, 0x52ED, 0x52ED, 0x52ED,
  0x52ED, 0x52ED, 0x530E, 0x530E, 0x530E, 0x5B0E, 0x5B0E, 0x530D, 0x530D, 0x5B0D, 0x5B0D, 0x530D,
  0x5B0D, 0x5B2E, 0x5B2E, 0x5B2E, 0x5B2E, 0x634E, 0x632E, 0x5B2D, 0x5B0D, 0x5B2D, 0x5B2E, 0x5B2E,
  0x5B2E, 0x5B2E, 0x5B0D, 0x530D, 0x530E, 0x5B0E, 0x5B0E, 0x5B0E, 0x5B0E, 0x5B2E, 0x5B2E, 0x5B2E,
  0x5B0D, 0x5B0D, 0x5B0D, 0x5B2D, 0x634D, 0x634E, 0x632C, 0x5ACB, 0x5AEB, 0x632C, 0x632D, 0x6B4D,
  0x738E, 0x738E, 0x632D, 0x5B0C, 0x632D, 0x632D, 0x630C, 0x630C, 0x630C, 0x630C, 0x630C, 0x632C,
  0x632D, 0x6B2D, 0x632C, 0x630C, 0x630C, 0x630C, 0x630C, 0x630C, 0x630C, 0x630C, 0x630C, 0x630C,
  0x630C, 0x630C, 0x62EC, 0x630C, 0x630C, 0x5AEB, 0x5AEB, 0x5AEB, 0x5AEC, 0x630C, 0x630C, 0x630C,
  0x630C, 0x630C, 0x630C, 0x630C, 0x630C, 0x630C, 0x62EC, 0x630C, 0x630C, 0x630C, 0x630C, 0x630C,
  0x630C, 0x630C, 0x62EB, 0x62EB, 0x630C, 0x630C, 0x630C, 0x630C, 0x5AEB, 0x5AEC, 0x632D, 0x6B2D,
  0x6B0C, 0x5AEC, 0x5AEB, 0x630B, 0x6B0B, 0x6AEB, 0x62EB, 0x630B, 0x6B2C, 0x6B4C, 0x6B2C, 0x6B2C,
  0x6B2C, 0x6B0B, 0x6B0B, 0x6B0B, 0x6B0B, 0x6B0B, 0x6B0B, 0x6B0B, 0x6B0B, 0x630B, 0x630B, 0x630B,
  0x6B0C, 0x6B0B, 0x630B, 0x62EB, 0x62EB, 0x630B, 0x630B, 0x630B, 0x630B, 0x62EB, 0x62EB, 0x62EB,
  0x630B, 0x630B, 0x630B, 0x630B, 0x630B, 0x630B, 0x630B, 0x630C, 0x6B0C, 0x630B, 0x630B, 0x630B,
  0x62EB, 0x62CB, 0x62CB, 0x62EB, 0x62EB, 0x62EB, 0x62EB, 0x62EB, 0x62EB, 0x62EB, 0x62EB, 0x6AEB,
  0x62EB, 0x62EB, 0x62CB, 0x62CB, 0x62EB, 0x62EB, 0x62EB, 0x62EB, 0x52CA, 0x42AA, 0x52CA, 0x62EB,
  0x5ACB, 0x5AAA, 0x5ACB, 0x5ACB, 0x5ACB, 0x5ACB, 0x5ACB, 0x5AEB, 0x5AEB, 0x5ACB, 0x5ACB, 0x5ACB,
  0x5ACB, 0x5ACB, 0x5ACB, 0x5ACB, 0x5ACB, 0x5ACB, 0x5ACB, 0x5ACB, 0x5ACB, 0x5AAA, 0x5ACA, 0x5ACB,
  0x5ACB, 0x5ACB, 0x5ACB, 0x5AEB, 0x5ACA, 0x6AEA, 0x7B6C, 0x93CC, 0xC44C, 0xF4CA, 0xFD65, 0xFD40,
  0xF4A2, 0xE403, 0xDC61, 0xFDC0, 0xFEA0, 0xFE60, 0xFD40, 0xFCC0, 0xFCE0, 0xFCC0, 0xFCA0, 0xFCA0,
  0xFC80, 0xFC80, 0xFC60, 0xFC40, 0xFC40, 0xFC40, 0xFC40, 0xFC40, 0xFC40, 0xFC40, 0xFC40, 0xFC40,
  0xFC40, 0xFC60, 0xFC60, 0xFC60, 0xFC60, 0xFC80, 0xFCA0, 0xFCA0, 0xFD60, 0xFE60, 0xFE00, 0xFD00,
  0xFCE0, 0xFCC0, 0xFC80, 0xFC60, 0xFC60, 0xFC60, 0xFC40, 0xFC40, 0xFCA0, 0xFC40, 0xFCA1, 0xFEE3,
  0xFFC3, 0xFF83, 0xFF83, 0xFFA3, 0xFFA3, 0xFFA3, 0xFFA3, 0xFFA3, 0xFFA3, 0xFFA3, 0xFFA3, 0xFF82,
  0xFF81, 0xFF81, 0xFF81, 0xFF81,
  0x021D, 0x021E, 0x021E, 0x027F, 0x027F, 0x025E, 0x025E, 0x01FF, 0x03BF, 0x047F, 0x029F, 0x033F,
  0x02FF, 0x02FF, 0x02DF, 0x02DF, 0x02DF, 0x02BF, 0x029F, 0x029F, 0x027F, 0x027F, 0x027E, 0x027E,
  0x025E, 0x025E, 0x023E, 0x025E, 0x02DE, 0x01F7, 0x0092, 0x0154, 0x0113, 0x0133, 0x0133, 0x0133,
  0x0133, 0x0113, 0x0113, 0x0113, 0x0113, 0x0112, 0x0112, 0x0112, 0x0112, 0x0112, 0x0112, 0x0112,
  0x0112, 0x0112, 0x0112, 0x0112, 0x00F2, 0x0972, 0x0011, 0x21D1, 0x545A, 0x4D9F, 0x667F, 0xA75F,
  0xAF7F, 0x75FD, 0x3B74, 0x29CA, 0x2166, 0x10C4, 0x0001, 0x0000, 0x0000, 0x0000, 0x0000, 0x0000,
  0x0000, 0x0000, 0x0000, 0x0000, 0x0000, 0x0000, 0x0000, 0x0000, 0x0000, 0x0000, 0x0000, 0x0000,
  0x0000, 0x0000, 0x0000, 0x0000, 0x0000, 0x0000, 0x0000, 0x0000, 0x0000, 0x0000, 0x0000, 0x0000,
  0x0000, 0x0000, 0x0000, 0x0000, 0x0000, 0x0000, 0x0000, 0x0000, 0x0000, 0x0000, 0x0000, 0x0000,
  0x0000, 0x0000, 0x0000, 0x0000, 0x0000, 0x0000, 0x0000, 0x0000, 0x0000, 0x0000, 0x0000, 0x0000,
  0x0000, 0x0000, 0x0000, 0x0000, 0x0000, 0x0000, 0x0000, 0x0000, 0x0000, 0x0000, 0x0000, 0x0000,
  0x0000, 0x0000, 0x0000, 0x0000, 0x0000, 0x0000, 0x0000, 0x0000, 0x0000, 0x0000, 0x0000, 0x0000,
  0x0000, 0x0000, 0x0000, 0x0000, 0x0000, 0x0000, 0x0000, 0x0000, 0x0000, 0x0000, 0x0000, 0x0000,
  0x0000, 0x0000, 0x0000, 0x0000, 0x0000, 0x0000, 0x0000, 0x0000, 0x0000, 0x0000, 0x0000, 0x0000,
  0x0000, 0x0000, 0x0000, 0x0000, 0x0000, 0x0000, 0x0000, 0x0000, 0x0000, 0x0000, 0x0000, 0x0000,
  0x0000, 0x0000, 0x0000, 0x0000, 0x0000, 0x0000, 0x0000, 0x0000, 0x0000, 0x0000, 0x0000, 0x0000,
  0x0000, 0x0000, 0x0000, 0x0001, 0x0021, 0x0862, 0x0882, 0x1082, 0x1082, 0x0841, 0x0000, 0x0000,
  0x0000, 0x0000, 0x0000, 0x0000, 0x0000, 0x0000, 0x0000, 0x0000, 0x0000, 0x0000, 0x0000, 0x0000,
  0x0000, 0x0000, 0x0000, 0x0000, 0x0000, 0x0000, 0x0000, 0x0000, 0x0000, 0x0000, 0x0000, 0x0000,
  0x0000, 0x0000, 0x0000, 0x0000, 0x0000, 0x0000, 0x0000, 0x0000, 0x0000, 0x0000, 0x0000, 0x0000,
  0x0000, 0x0000, 0x0000, 0x0000, 0x0000, 0x0000, 0x0000, 0x0000, 0x0000, 0x0000, 0x0000, 0x0000,
  0x0000, 0x0000, 0x0000, 0x0000, 0x0000, 0x0000, 0x0000, 0x0000, 0x0000, 0x0000, 0x0000, 0x0000,
  0x0000, 0x0000, 0x0000, 0x0000, 0x0000, 0x0000, 0x0000, 0x0000, 0x0000, 0x0000, 0x0000, 0x0000,
  0x0000, 0x0000, 0x0000, 0x0000, 0x0000, 0x0000, 0x0000, 0x0000, 0x0000, 0x0000, 0x0000, 0x0000,
  0x0000, 0x0000, 0x0000, 0x0000, 0x0000, 0x0000, 0x0000, 0x0000, 0x0000, 0x0000, 0x0000, 0x0000,
  0x0000, 0x0000, 0x0000, 0x0000, 0x0000, 0x0000, 0x0000, 0x0000, 0x0000, 0x0000, 0x0000, 0x0000,
  0x0000, 0x0000, 0x0000, 0x0000, 0x0000, 0x0000, 0x0000, 0x0000, 0x0000, 0x0000, 0x0000, 0x0000,
  0x0000, 0x0000, 0x0000, 0x0000, 0x0000, 0x0000, 0x0000, 0x0104, 0x4AA9, 0x93EB, 0xD52B, 0xFE09,
  0xFD40, 0xEBE0, 0xC282, 0xCC60, 0xFE40, 0xFD40, 0xFCE0, 0xFD00, 0xFCE0, 0xFCC0, 0xFCA0, 0xFCA0,
  0xFC80, 0xFC80, 0xFC60, 0xFC40, 0xFC40, 0xFC40, 0xFC40, 0xFC20, 0xFC40, 0xFC40, 0xFC40, 0xFC40,
  0xFC40, 0xFC60, 0xFC60, 0xFC60, 0xFC60, 0xFC80, 0xFCA0, 0xFD20, 0xFE20, 0xFE00, 0xFD00, 0xFCC0,
  0xFCA0, 0xFC80, 0xFC60, 0xFC60, 0xFC40, 0xFC40, 0xFC40, 0xFC80, 0xFC40, 0xFCA0, 0xFEE3, 0xFFC3,
  0xFF83, 0xFF83, 0xFFA3, 0xFFA3, 0xFFA3, 0xFFA3, 0xFFA3, 0xFFA3, 0xFFA3, 0xFFA3, 0xFF82, 0xFF82,
  0xFF61, 0xFF61, 0xFF60, 0xFF40,
  0x021E, 0x021E, 0x027E, 0x029F, 0x027F, 0x027F, 0x025F, 0x029F, 0x04DF, 0x035F, 0x031F, 0x033F,
  0x031F, 0x02FF, 0x02FF, 0x02FF, 0x02DF, 0x02BF, 0x029F, 0x029F, 0x029F, 0x027F, 0x027E, 0x027E,
  0x027E, 0x025E, 0x025F, 0x02FE, 0x0278, 0x0052, 0x0154, 0x0133, 0x0133, 0x0133, 0x0133, 0x0133,
  0x0133, 0x0113, 0x0113, 0x0112, 0x0112, 0x0112, 0x0112, 0x0112, 0x0112, 0x0112, 0x0112, 0x0112,
  0x0112, 0x0112, 0x0112, 0x0111, 0x0952, 0x0092, 0x1151, 0x4BD8, 0x345E, 0x04BF, 0x565F, 0xA73F,
  0x95D8, 0x42CC, 0x0000, 0x0000, 0x0024, 0x0064, 0x10E5, 0x1926, 0x2146, 0x2146, 0x2146, 0x2146,
  0x2146, 0x2146, 0x2146, 0x2146, 0x2146, 0x2146, 0x2146, 0x2146, 0x2146, 0x2146, 0x2146, 0x2146,
  0x2146, 0x2146, 0x2146, 0x2146, 0x2146, 0x2146, 0x2146, 0x2146, 0x2146, 0x2146, 0x2146, 0x2146,
  0x2146, 0x2147, 0x2167, 0x2167, 0x2167, 0x2167, 0x2167, 0x2167, 0x2167, 0x2167, 0x2167, 0x2167,
  0x2167, 0x2167, 0x2167, 0x2167, 0x2167, 0x2167, 0x2167, 0x2167, 0x2167, 0x2167, 0x2167, 0x2167,
  0x2167, 0x2167, 0x2167, 0x2167, 0x2167, 0x2167, 0x2167, 0x2168, 0x2168, 0x2168, 0x2168, 0x2168,
  0x2188, 0x2188, 0x2187, 0x2167, 0x2167, 0x2167, 0x2167, 0x2167, 0x2167, 0x2167, 0x2167, 0x2167,
  0x2167, 0x2167, 0x2167, 0x2167, 0x2167, 0x2167, 0x2167, 0x2167, 0x2167, 0x2967, 0x2967, 0x2967,
  0x2167, 0x2967, 0x2967, 0x2967, 0x2987, 0x2987, 0x29A8, 0x31A7, 0x2987, 0x3187, 0x3187, 0x31A8,
  0x39C8, 0x39C8, 0x3187, 0x3186, 0x3186, 0x3186, 0x2966, 0x3166, 0x3166, 0x3186, 0x3186, 0x3186,
  0x3186, 0x3186, 0x3186, 0x2986, 0x2986, 0x2986, 0x2966, 0x2966, 0x2966, 0x2966, 0x2966, 0x2965,
  0x3186, 0x10C3, 0x0000, 0x0000, 0x0000, 0x0000, 0x0000, 0x0000, 0x0000, 0x0000, 0x0000, 0x31A7,
  0x2945, 0x2945, 0x2945, 0x2945, 0x2965, 0x2965, 0x2965, 0x2965, 0x2965, 0x2965, 0x2965, 0x2965,
  0x2965, 0x2965, 0x2945, 0x2945, 0x2945, 0x2945, 0x2965, 0x2965, 0x2965, 0x2945, 0x2965, 0x3165,
  0x2965, 0x2945, 0x3145, 0x3165, 0x3165, 0x3145, 0x3165, 0x3165, 0x3165, 0x3165, 0x3165, 0x3165,
  0x3165, 0x3165, 0x3165, 0x3165, 0x3165, 0x3165, 0x3165, 0x3165, 0x3165, 0x3165, 0x3165, 0x3165,
  0x3165, 0x3165, 0x3145, 0x3145, 0x3145, 0x3165, 0x3165, 0x3165, 0x3145, 0x3145, 0x3145, 0x3145,
  0x3165, 0x3965, 0x3145, 0x3145, 0x3145, 0x3145, 0x3145, 0x3965, 0x3965, 0x3965, 0x3965, 0x3965,
  0x3945, 0x3944, 0x3944, 0x3944, 0x3944, 0x3944, 0x3944, 0x3944, 0x3944, 0x3944, 0x3944, 0x3944,
  0x3944, 0x3944, 0x3944, 0x3944, 0x3944, 0x3944, 0x3944, 0x3944, 0x3944, 0x3944, 0x3144, 0x3144,
  0x3144, 0x3124, 0x3144, 0x3144, 0x3144, 0x3144, 0x3144, 0x3144, 0x3144, 0x3144, 0x3144, 0x3144,
  0x3144, 0x3124, 0x3124, 0x3124, 0x3124, 0x3124, 0x3144, 0x3144, 0x3144, 0x3124, 0x3124, 0x3124,
  0x3124, 0x3124, 0x3124, 0x3124, 0x3123, 0x3103, 0x28C1, 0x1800, 0x0000, 0x0000, 0x09A6, 0xA46A,
  0xED8B, 0xF462, 0xCAE0, 0xA182, 0xBB80, 0xFD40, 0xFD00, 0xFD00, 0xFCE0, 0xFCC0, 0xFCA0, 0xFCA0,
  0xFC80, 0xFC80, 0xFC60, 0xFC40, 0xFC40, 0xFC40, 0xFC40, 0xFC40, 0xFC40, 0xFC40, 0xFC60, 0xFC60,
  0xFC60, 0xFC60, 0xFC60, 0xFC60, 0xFC80, 0xFC80, 0xFCE0, 0xFDE0, 0xFE00, 0xFD00, 0xFCC0, 0xFCA0,
  0xFC80, 0xFC60, 0xFC40, 0xFC40, 0xFC40, 0xFC40, 0xFC80, 0xFC40, 0xFCA0, 0xFEC3, 0xFFC3, 0xFF83,
  0xFF83, 0xFFA3, 0xFFA3, 0xFFA3, 0xFFA3, 0xFFA3, 0xFFA3, 0xFFA3, 0xFFA3, 0xFF82, 0xFF81, 0xFF61,
  0xFF61, 0xFF40, 0xFF40, 0xFF20,
  0x021E, 0x023E, 0x02BF, 0x02BF, 0x029F, 0x029F, 0x021F, 0x045F, 0x045F, 0x02FF, 0x035F, 0x033F,
  0x033F, 0x031F, 0x031F, 0x02FF, 0x02DF, 0x02BF, 0x02BF, 0x029F, 0x029F, 0x029F, 0x027F, 0x027E,
  0x027E, 0x025E, 0x031F, 0x02DA, 0x0093, 0x0134, 0x0134, 0x0133, 0x0133, 0x0133, 0x0113, 0x0113,
  0x0113, 0x0113, 0x0113, 0x0112, 0x0112, 0x0112, 0x0112, 0x0112, 0x0112, 0x0112, 0x0112, 0x0112,
  0x0112, 0x0112, 0x0112, 0x0132, 0x0132, 0x0010, 0x4314, 0x3B9A, 0x037C, 0x1CBF, 0x6E5F, 0x74F5,
  0x1000, 0x0000, 0x10E6, 0x1927, 0x1926, 0x1906, 0x1905, 0x10E5, 0x10C5, 0x10A4, 0x10E5, 0x1106,
  0x1106, 0x1106, 0x1106, 0x1106, 0x1106, 0x1106, 0x1106, 0x1106, 0x1106, 0x1106, 0x1106, 0x1106,
  0x1106, 0x1106, 0x1106, 0x1106, 0x1126, 0x1126, 0x1126, 0x1126, 0x1126, 0x1126, 0x1126, 0x1126,
  0x1126, 0x1126, 0x1126, 0x1126, 0x1126, 0x1126, 0x1126, 0x1126, 0x1106, 0x1126, 0x1126, 0x1126,
  0x1126, 0x1126, 0x1126, 0x1127, 0x1127, 0x1127, 0x1127, 0x1127, 0x1127, 0x1127, 0x1107, 0x1106,
  0x1106, 0x1107, 0x1107, 0x1107, 0x1107, 0x1107, 0x1127, 0x1127, 0x1127, 0x1127, 0x1127, 0x1107,
  0x1107, 0x1107, 0x1107, 0x1107, 0x1106, 0x1106, 0x1106, 0x10E6, 0x10E6, 0x1106, 0x1107, 0x1106,
  0x1106, 0x10E6, 0x10E6, 0x10E6, 0x10E6, 0x10E6, 0x1106, 0x1107, 0x1107, 0x1107, 0x1107, 0x1107,
  0x1107, 0x1907, 0x1907, 0x1907, 0x1927, 0x2127, 0x2127, 0x2147, 0x2947, 0x2967, 0x3167, 0x2967,
  0x2947, 0x2947, 0x2947, 0x2926, 0x2946, 0x2946, 0x2946, 0x2126, 0x2126, 0x2125, 0x18E4, 0x18A3,
  0x18A3, 0x18C3, 0x10A3, 0x18A3, 0x18A3, 0x18C3, 0x18C3, 0x18C3, 0x18C3, 0x10A3, 0x18C3, 0x20E4,
  0x0000, 0x4208, 0x94B2, 0xA514, 0xAD54, 0xAD34, 0xAD54, 0xAD55, 0xA534, 0x9CF3, 0x738E, 0x0000,
  0x2124, 0x10A2, 0x10A2, 0x10A3, 0x10A3, 0x18A3, 0x18C3, 0x18A3, 0x18C3, 0x18A3, 0x18A3, 0x10A3,
  0x10A3, 0x18A2, 0x20A2, 0x20C2, 0x20C2, 0x20C2, 0x20A2, 0x20A2, 0x20A2, 0x28A2, 0x20A2, 0x20A2,
  0x28C2, 0x28C3, 0x28C3, 0x28C3, 0x28C3, 0x28C3, 0x28C3, 0x28C3, 0x28A2, 0x28A2, 0x28C2, 0x28C2,
  0x28C2, 0x28C3, 0x28C2, 0x28C2, 0x28C2, 0x28C2, 0x28C2, 0x28C2, 0x28C2, 0x28C2, 0x28C2, 0x28C2,
  0x28C2, 0x28C2, 0x28C2, 0x28C2, 0x28C2, 0x28C2, 0x28C2, 0x28C2, 0x28C2, 0x28C2, 0x28C2, 0x28C2,
  0x28C2, 0x28C2, 0x30C2, 0x30C2, 0x30C2, 0x30C2, 0x30C2, 0x30C2, 0x30C2, 0x30C2, 0x30C2, 0x30C2,
  0x30E2, 0x30E2, 0x30E2, 0x30E2, 0x30C2, 0x30C2, 0x30C2, 0x30C2, 0x30C2, 0x30C2, 0x30C2, 0x30C2,
  0x30C2, 0x30C2, 0x30C2, 0x30C2, 0x30C2, 0x30C2, 0x30C2, 0x30C2, 0x30C2, 0x30C2, 0x30C2, 0x30C2,
  0x30C2, 0x30C2, 0x30C2, 0x30C2, 0x30C2, 0x30C2, 0x30C2, 0x30C2, 0x30C2, 0x30C2, 0x30C2, 0x30C2,
  0x30C2, 0x30C2, 0x30C1, 0x30C1, 0x30C2, 0x30C1, 0x30C1, 0x30C2, 0x30C1, 0x30C1, 0x30C1, 0x30C1,
  0x30C1, 0x30C1, 0x28A1, 0x20A2, 0x28A2, 0x28C2, 0x28E2, 0x3103, 0x3964, 0x3901, 0x0000, 0x0000,
  0x734A, 0xDCCB, 0xD321, 0xA200, 0x8901, 0xD480, 0xFD60, 0xFCE0, 0xFCE0, 0xFCC0, 0xFCA0, 0xFCA0,
  0xFC80, 0xFC80, 0xFC60, 0xFC60, 0xFC40, 0xFC40, 0xFC40, 0xFC40, 0xFC40, 0xFC40, 0xFC60, 0xFC60,
  0xFC60, 0xFC60, 0xFC60, 0xFC60, 0xFC80, 0xFCC0, 0xFDA0, 0xFE00, 0xFD20, 0xFCA0, 0xFCA0, 0xFC80,
  0xFC60, 0xFC40, 0xFC40, 0xFC20, 0xFC40, 0xFC80, 0xFC40, 0xFC60, 0xFEC3, 0xFFC3, 0xFF83, 0xFF83,
  0xFFA3, 0xFFA3, 0xFFA3, 0xFFA3, 0xFFA3, 0xFFA3, 0xFFA3, 0xFFA3, 0xFF82, 0xFF61, 0xFF61, 0xFF40,
  0xFF40, 0xFF20, 0xFF20, 0xFF20,
  0x021E, 0x02BF, 0x02DF, 0x02BF, 0x02BF, 0x027F, 0x035F, 0x04FF, 0x033F, 0x037F, 0x035F, 0x033F,
  0x033F, 0x033F, 0x033F, 0x031F, 0x02DF, 0x02DF, 0x02BF, 0x029F, 0x029F, 0x029F, 0x029F, 0x029E,
  0x025F, 0x02FF, 0x033C, 0x0114, 0x0114, 0x0154, 0x0113, 0x0133, 0x0133, 0x0113, 0x0113, 0x0113,
  0x0113, 0x0112, 0x0112, 0x0112, 0x0112, 0x0112, 0x0112, 0x0112, 0x0112, 0x0112, 0x0112, 0x0112,
  0x0112, 0x0112, 0x0112, 0x0972, 0x0011, 0x2A72, 0x3B14, 0x1276, 0x02BA, 0x4CDD, 0x5C54, 0x0000,
  0x0000, 0x21A8, 0x1906, 0x10E5, 0x10E5, 0x10E5, 0x18E5, 0x18E5, 0x1967, 0x19A8, 0x1967, 0x18E5,
  0x18C4, 0x10C5, 0x10C5, 0x18C5, 0x10C5, 0x10C5, 0x10C5, 0x10C5, 0x10C5, 0x10C5, 0x10A5, 0x10C5,
  0x18C5, 0x10C5, 0x10C5, 0x18C5, 0x10C5, 0x10C5, 0x10C5, 0x10C5, 0x10C5, 0x10C5, 0x18C5, 0x10C5,
  0x10C5, 0x10C5, 0x10C5, 0x10E6, 0x10C6, 0x10E6, 0x10E6, 0x10E6, 0x10E6, 0x10E6, 0x10C6, 0x10C6,
  0x10E6, 0x10E6, 0x10C6, 0x10C6, 0x10E6, 0x10E6, 0x10E6, 0x10E6, 0x10E6, 0x10E6, 0x10E6, 0x10E6,
  0x10E6, 0x10E6, 0x10E7, 0x10E7, 0x10E7, 0x10E6, 0x10E6, 0x10E6, 0x10E6, 0x10E7, 0x10E6, 0x10E6,
  0x10E6, 0x10E6, 0x10E6, 0x10E6, 0x10E6, 0x10E6, 0x10E6, 0x10E6, 0x10E6, 0x10E6, 0x10E6, 0x10E6,
  0x10E6, 0x10E6, 0x10E6, 0x10E6, 0x10E6, 0x10E6, 0x1106, 0x1907, 0x1907, 0x1907, 0x1907, 0x1907,
  0x1907, 0x1907, 0x1907, 0x2128, 0x2128, 0x2128, 0x2148, 0x2128, 0x2929, 0x2929, 0x294A, 0x3149,
  0x3149, 0x2928, 0x2928, 0x2907, 0x20E7, 0x20E6, 0x20E6, 0x2106, 0x20E6, 0x20E5, 0x2147, 0x2168,
  0x2126, 0x18E3, 0x18E4, 0x18E4, 0x18E4, 0x18E3, 0x18E4, 0x18E3, 0x18E3, 0x18E3, 0x18C3, 0x2965,
  0x0000, 0x5AEB, 0xE73C, 0xE73C, 0xC638, 0xD69A, 0xD69A, 0xCE59, 0xD6BA, 0xF79D, 0x9CF3, 0x0000,
  0x39C7, 0x18A3, 0x18C3, 0x18C3, 0x18C3, 0x18C3, 0x18C3, 0x18C3, 0x18C3, 0x18C3, 0x10C3, 0x28E3,
  0x3903, 0x30E3, 0x18C3, 0x10C3, 0x18C3, 0x10C3, 0x10C3, 0x08C3, 0x08C3, 0x08C3, 0x10C3, 0x10C3,
  0x10C3, 0x10C3, 0x10C3, 0x10C3, 0x10C3, 0x10C3, 0x10C3, 0x10C3, 0x10C3, 0x10C3, 0x10C3, 0x18C3,
  0x18C3, 0x18C3, 0x18C3, 0x18C3, 0x18C3, 0x18C3, 0x18C3, 0x18C3, 0x18C3, 0x18C3, 0x18C3, 0x18C3,
  0x18C3, 0x18C3, 0x18C3, 0x18C3, 0x18C3, 0x18C3, 0x18C3, 0x18C3, 0x18C3, 0x18C3, 0x20C3, 0x20C3,
  0x20C3, 0x20C3, 0x20C2, 0x20C2, 0x28C2, 0x28C2, 0x28C2, 0x28C2, 0x28C2, 0x28C3, 0x20C3, 0x28E3,
  0x20C3, 0x20C3, 0x20C3, 0x20C3, 0x20C3, 0x20C2, 0x20C2, 0x20C2, 0x20C2, 0x20C2, 0x20C2, 0x20C2,
  0x20C2, 0x20C2, 0x20C2, 0x20C2, 0x20C2, 0x20C2, 0x20C2, 0x20C2, 0x20C2, 0x20C2, 0x20C2, 0x20C2,
  0x20C2, 0x28C2, 0x20C2, 0x20C2, 0x20C2, 0x20C2, 0x20C2, 0x28C2, 0x28C2, 0x28C2, 0x20C2, 0x28C2,
  0x20C2, 0x28C2, 0x28C2, 0x28C2, 0x20C2, 0x20C2, 0x28C2, 0x28C2, 0x28C2, 0x28C2, 0x28C2, 0x28C2,
  0x28C2, 0x30E2, 0x4102, 0x4102, 0x30E2, 0x28C2, 0x28C2, 0x28A1, 0x20A1, 0x20C2, 0x3163, 0x30E0,
  0x0000, 0x52C8, 0xC42B, 0xAA20, 0x99C0, 0xA241, 0xED20, 0xFD20, 0xFCE0, 0xFCC0, 0xFCA0, 0xFCA0,
  0xFC80, 0xFC80, 0xFC60, 0xFC60, 0xFC40, 0xFC60, 0xFC40, 0xFC40, 0xFC40, 0xFC40, 0xFC60, 0xFC60,
  0xFC60, 0xFC60, 0xFC80, 0xFC80, 0xFCA0, 0xFD60, 0xFE00, 0xFD20, 0xFCA0, 0xFCA0, 0xFC60, 0xFC60,
  0xFC40, 0xFC40, 0xFC20, 0xFC20, 0xFC60, 0xFC40, 0xFC60, 0xFEA2, 0xFFC3, 0xFF83, 0xFF83, 0xFFA3,
  0xFFA3, 0xFFA3, 0xFFA3, 0xFFA3, 0xFFA3, 0xFFA3, 0xFF83, 0xFF82, 0xFF61, 0xFF61, 0xFF40, 0xFF20,
  0xFF20, 0xFF20, 0xFF20, 0xFF20,
  0x027F, 0x02FF, 0x02DF, 0x02BF, 0x02DF, 0x029F, 0x04DF, 0x041F, 0x037F, 0x039F, 0x035F, 0x035F,
  0x033F, 0x035F, 0x035F, 0x031F, 0x02FF, 0x02DF, 0x02BF, 0x02BF, 0x02BF, 0x029F, 0x029F, 0x025F,
  0x02DF, 0x039D, 0x0195, 0x0093, 0x0174, 0x0114, 0x0133, 0x0133, 0x0133, 0x0113, 0x0113, 0x0113,
  0x0113, 0x0112, 0x0112, 0x0112, 0x0112, 0x0112, 0x0112, 0x0112, 0x0112, 0x0112, 0x0112, 0x0112,
  0x0112, 0x0112, 0x0132, 0x00F1, 0x0112, 0x2AF4, 0x2271, 0x0152, 0x2B59, 0x4BB4, 0x0800, 0x0001,
  0x2188, 0x10C5, 0x10C5, 0x10E5, 0x10E5, 0x10C4, 0x1947, 0x1988, 0x1800, 0x1800, 0x1800, 0x1800,
  0x1000, 0x1000, 0x1000, 0x1000, 0x1000, 0x1000, 0x1000, 0x1000, 0x1000, 0x1000, 0x1000, 0x1000,
  0x1000, 0x1000, 0x1000, 0x1000, 0x1000, 0x1000, 0x1000, 0x1000, 0x1000, 0x1000, 0x1000, 0x1000,
  0x1000, 0x1000, 0x1000, 0x1000, 0x1000, 0x1000, 0x1000, 0x1000, 0x1000, 0x1000, 0x1000, 0x1000,
  0x1000, 0x1000, 0x1000, 0x1000, 0x1000, 0x1000, 0x1000, 0x1000, 0x1000, 0x1000, 0x1000, 0x1000,
  0x1000, 0x1001, 0x1001, 0x1001, 0x1001, 0x1000, 0x1000, 0x1001, 0x1000, 0x1000, 0x1000, 0x1000,
  0x1000, 0x1000, 0x1000, 0x1000, 0x1000, 0x1000, 0x1001, 0x1002, 0x1001, 0x1000, 0x1000, 0x1000,
  0x1000, 0x1000, 0x1000, 0x1000, 0x1000, 0x1001, 0x1001, 0x1802, 0x1802, 0x1804, 0x1805, 0x1806,
  0x1807, 0x2008, 0x2809, 0x280A, 0x280A, 0x280A, 0x280B, 0x280B, 0x280D, 0x300E, 0x302E, 0x280E,
  0x180D, 0x080C, 0x000B, 0x0009, 0x0008, 0x0008, 0x0007, 0x2005, 0x1802, 0x2000, 0x2000, 0x2000,
  0x20A2, 0x1927, 0x18C3, 0x18E3, 0x18E4, 0x18C3, 0x18E3, 0x18C3, 0x18C3, 0x18E3, 0x18C3, 0x2965,
  0x0000, 0x2965, 0xCE59, 0xBDD7, 0x0000, 0x0000, 0x0000, 0x0000, 0x7BEF, 0xD699, 0x6B4D, 0x0000,
  0x39A7, 0x1082, 0x18C3, 0x18C3, 0x18C3, 0x18C3, 0x18C3, 0x18C3, 0x18C3, 0x10C3, 0x30E3, 0x18C3,
  0x0023, 0x0023, 0x0083, 0x0083, 0x0083, 0x0063, 0x0083, 0x0063, 0x0063, 0x0083, 0x0083, 0x0063,
  0x0063, 0x0063, 0x0063, 0x0063, 0x0063, 0x0063, 0x0063, 0x0063, 0x0063, 0x0063, 0x0063, 0x0063,
  0x0063, 0x0063, 0x0063, 0x0063, 0x0063, 0x0063, 0x0063, 0x0063, 0x0063, 0x0063, 0x0043, 0x0043,
  0x0043, 0x0063, 0x0063, 0x0063, 0x0063, 0x0063, 0x0063, 0x0063, 0x0063, 0x0063, 0x0043, 0x0042,
  0x0042, 0x0042, 0x0022, 0x0022, 0x0022, 0x0042, 0x0042, 0x0042, 0x0062, 0x0062, 0x0062, 0x0062,
  0x0062, 0x0062, 0x0062, 0x0062, 0x0062, 0x0042, 0x0042, 0x0022, 0x0022, 0x0042, 0x0022, 0x0022,
  0x0022, 0x0022, 0x0042, 0x0042, 0x0022, 0x0022, 0x0022, 0x0022, 0x0022, 0x0022, 0x0022, 0x0022,
  0x0022, 0x0022, 0x0022, 0x0022, 0x0022, 0x0022, 0x0022, 0x0022, 0x0022, 0x0022, 0x0022, 0x0022,
  0x0002, 0x0002, 0x0002, 0x0002, 0x0022, 0x0022, 0x0022, 0x0022, 0x0022, 0x0022, 0x0022, 0x0022,
  0x0042, 0x0002, 0x0002, 0x0002, 0x28C2, 0x4102, 0x28C2, 0x28C2, 0x28C2, 0x28A2, 0x2081, 0x28E2,
  0x3922, 0x0000, 0x630A, 0xBBEA, 0xA9C0, 0x99A1, 0xBB80, 0xFD40, 0xFCC0, 0xFCC0, 0xFCA0, 0xFCA0,
  0xFC80, 0xFC80, 0xFC80, 0xFC60, 0xFC60, 0xFC60, 0xFC40, 0xFC40, 0xFC40, 0xFC60, 0xFC60, 0xFC60,
  0xFC60, 0xFC60, 0xFC80, 0xFCA0, 0xFD40, 0xFDC0, 0xFD20, 0xFC80, 0xFCA0, 0xFC60, 0xFC40, 0xFC40,
  0xFC20, 0xFC20, 0xFC20, 0xFC60, 0xFC40, 0xFC60, 0xFEA2, 0xFFC3, 0xFF83, 0xFF83, 0xFFA3, 0xFFA3,
  0xFFA3, 0xFFA3, 0xFFA3, 0xFFA3, 0xFFA3, 0xFF82, 0xFF82, 0xFF61, 0xFF40, 0xFF20, 0xFF20, 0xFF20,
  0xFF20, 0xFF00, 0xFF00, 0xFF00,
  0x031F, 0x02FF, 0x02FF, 0x02FF, 0x025F, 0x043F, 0x04FF, 0x035F, 0x03BF, 0x039F, 0x037F, 0x037F,
  0x035F, 0x037F, 0x035F, 0x031F, 0x02FF, 0x02FF, 0x02DF, 0x02DF, 0x02BF, 0x02BF, 0x027F, 0x02BF,
  0x03DE, 0x0256, 0x0013, 0x0174, 0x0114, 0x0134, 0x0133, 0x0133, 0x0113, 0x0113, 0x0113, 0x0112,
  0x0112, 0x0112, 0x0112, 0x0112, 0x0112, 0x0112, 0x0112, 0x0112, 0x0112, 0x0112, 0x0112, 0x0112,
  0x0112, 0x0111, 0x0132, 0x0011, 0x1213, 0x1A71, 0x116D, 0x0A14, 0x3B75, 0x21A7, 0x0000, 0x1927,
  0x10E5, 0x10E5, 0x10E5, 0x10E5, 0x10A4, 0x1188, 0x10C5, 0x1800, 0x1188, 0x13F3, 0x14F8, 0x0D59,
  0x0D59, 0x0D39, 0x0D39, 0x0D39, 0x0D39, 0x0D39, 0x0D39, 0x0D39, 0x0D39, 0x0D39, 0x0D39, 0x0D19,
  0x0D19, 0x0D19, 0x0D39, 0x0D39, 0x0D39, 0x0D39, 0x0D39, 0x0D59, 0x0D59, 0x0D79, 0x0D59, 0x0D59,
  0x0D5A, 0x0D7A, 0x0D7A, 0x0D5A, 0x0D5A, 0x0D5A, 0x0D3A, 0x0D3A, 0x0D19, 0x0D3A, 0x0D3A, 0x0D3A,
  0x0D3A, 0x0D3A, 0x0D3A, 0x0D3A, 0x0D3A, 0x0D3A, 0x0D1A, 0x0D1A, 0x0D1A, 0x0D1A, 0x0CFA, 0x0CFA,
  0x0CFA, 0x0CDA, 0x0CDA, 0x0CDA, 0x0CDA, 0x0CDA, 0x0CBA, 0x0CBA, 0x0CBA, 0x0CBA, 0x0C9A, 0x0C9A,
  0x0C9A, 0x0C9A, 0x0C7A, 0x0C7A, 0x0C5A, 0x0C5A, 0x0C5A, 0x0C5A, 0x0C5A, 0x0C3A, 0x0C3A, 0x0C1A,
  0x0C1A, 0x0C1A, 0x0C1A, 0x0C1A, 0x141A, 0x141A, 0x0C1A, 0x0BFA, 0x141A, 0x143A, 0x1C3A, 0x245B,
  0x347B, 0x3CBB, 0x44DB, 0x551B, 0x5D5B, 0x65BB, 0x7DFC, 0x965C, 0xAE7C, 0xC69C, 0xD69C, 0xD69C,
  0xD69C, 0xD69C, 0xD69B, 0xD69B, 0xD69B, 0xD69B, 0xBE7B, 0x9E3A, 0x8E1A, 0x6D9A, 0x3458, 0x2AF2,
  0x1800, 0x1800, 0x1947, 0x18E3, 0x18E4, 0x18C3, 0x18C3, 0x18C3, 0x18C3, 0x18C3, 0x18C3, 0x2945,
  0x0000, 0x0000, 0xBDD7, 0xBDD7, 0x5269, 0xB595, 0x9492, 0x5AAA, 0x6B6D, 0xCE79, 0x31A6, 0x0000,
  0x3186, 0x10A3, 0x18C3, 0x18C3, 0x18C3, 0x18C3, 0x18C3, 0x18C3, 0x10C3, 0x30E3, 0x00A3, 0x0063,
  0x8182, 0xBA02, 0xCA22, 0xCA21, 0xCA21, 0xCA21, 0xCA41, 0xD241, 0xD241, 0xD241, 0xD261, 0xD261,
  0xD281, 0xD282, 0xD281, 0xD281, 0xD281, 0xD281, 0xD281, 0xD281, 0xD281, 0xD281, 0xD281, 0xD2A1,
  0xD2A1, 0xD2A1, 0xCA81, 0xCA81, 0xCAA1, 0xD2A1, 0xD2A1, 0xD2A1, 0xD2A1, 0xD2C1, 0xD2C1, 0xD2C1,
  0xD2C1, 0xD2E1, 0xD2E1, 0xD2E1, 0xD2E1, 0xD2E1, 0xD2E1, 0xD2E1, 0xD2E1, 0xD2E1, 0xD2E1, 0xD2E1,
  0xD2E1, 0xD2E1, 0xD301, 0xD301, 0xD301, 0xD301, 0xD301, 0xD301, 0xD301, 0xD301, 0xD301, 0xD301,
  0xD301, 0xD301, 0xD301, 0xD321, 0xD301, 0xD301, 0xD301, 0xD301, 0xD301, 0xD301, 0xD301, 0xD301,
  0xD301, 0xD301, 0xD301, 0xD301, 0xD301, 0xD301, 0xD301, 0xD301, 0xD301, 0xD301, 0xD301, 0xD301,
  0xD301, 0xD301, 0xD2E1, 0xD2E1, 0xD2E1, 0xD301, 0xD301, 0xD301, 0xD301, 0xD301, 0xD2E1, 0xD2E1,
  0xD301, 0xD301, 0xD301, 0xD301, 0xD301, 0xD301, 0xD301, 0xD301, 0xD301, 0xD301, 0xD301, 0xD2E1,
  0xD2E1, 0xCAA1, 0xBA61, 0x81C1, 0x0002, 0x0002, 0x4102, 0x30C2, 0x28C2, 0x28C2, 0x28C2, 0x28A1,
  0x28C2, 0x3102, 0x0000, 0x93AA, 0xBB25, 0xA1A0, 0xAA21, 0xECC0, 0xFD00, 0xFCC0, 0xFCC0, 0xFCA0,
  0xFC80, 0xFC80, 0xFC80, 0xFC60, 0xFC60, 0xFC60, 0xFC60, 0xFC60, 0xFC60, 0xFC60, 0xFC60, 0xFC60,
  0xFC60, 0xFC80, 0xFC80, 0xFD00, 0xFDC0, 0xFD40, 0xFC80, 0xFC80, 0xFC60, 0xFC40, 0xFC40, 0xFC20,
  0xFC20, 0xFC20, 0xFC60, 0xFC40, 0xFC60, 0xFE82, 0xFFC3, 0xFF83, 0xFF83, 0xFFA3, 0xFFA3, 0xFFA3,
  0xFFA3, 0xFFA3, 0xFFA3, 0xFFA3, 0xFF82, 0xFF61, 0xFF61, 0xFF40, 0xFF20, 0xFF20, 0xFF20, 0xFF00,
  0xFF00, 0xFF00, 0xFF00, 0xFF20,
  0x033F, 0x031F, 0x02FF, 0x02DF, 0x031F, 0x055F, 0x03DF, 0x03DF, 0x03BF, 0x03BF, 0x039F, 0x037F,
  0x039F, 0x039F, 0x035F, 0x033F, 0x031F, 0x02FF, 0x02FF, 0x02DF, 0x02DF, 0x029F, 0x029F, 0x041F,
  0x0318, 0x0012, 0x0174, 0x0134, 0x0134, 0x0133, 0x0133, 0x0113, 0x0113, 0x0113, 0x0113, 0x0112,
  0x0112, 0x0112, 0x0112, 0x0112, 0x0112, 0x0112, 0x0112, 0x0112, 0x0112, 0x0112, 0x0112, 0x0112,
  0x0112, 0x0111, 0x0111, 0x00D1, 0x0A33, 0x11CD, 0x002B, 0x32D3, 0x2A6E, 0x0800, 0x10C5, 0x1906,
  0x10E5, 0x10E5, 0x1106, 0x10A4, 0x1188, 0x1000, 0x1000, 0x0C14, 0x059B, 0x05DC, 0x057B, 0x0518,
  0x04F7, 0x04F8, 0x04F8, 0x04D8, 0x04D7, 0x04D7, 0x04F7, 0x04D7, 0x04D7, 0x04D7, 0x04D7, 0x04D7,
  0x04B7, 0x04D7, 0x04D7, 0x04D7, 0x04D7, 0x04D7, 0x04D7, 0x04F7, 0x04F7, 0x04F7, 0x04F7, 0x04F7,
  0x04F8, 0x0518, 0x0518, 0x04F8, 0x04F8, 0x04F8, 0x04D8, 0x04D8, 0x04D8, 0x04D8, 0x04D8, 0x04D8,
  0x04D8, 0x04D8, 0x04D8, 0x04D8, 0x04D8, 0x04D8, 0x04B8, 0x04B8, 0x04B8, 0x04B8, 0x0498, 0x0498,
  0x0498, 0x0478, 0x0478, 0x0478, 0x0478, 0x0478, 0x0458, 0x0458, 0x0458, 0x0458, 0x0438, 0x0438,
  0x0438, 0x0438, 0x0418, 0x0418, 0x03F8, 0x03F8, 0x03F8, 0x03F8, 0x03F8, 0x03F8, 0x03D8, 0x03D8,
  0x03D8, 0x03B8, 0x03B8, 0x03B8, 0x03D8, 0x03D8, 0x03D8, 0x03B8, 0x03D8, 0x03D8, 0x0BD8, 0x13F8,
  0x2438, 0x2C58, 0x3478, 0x3CB8, 0x4CF8, 0x5D58, 0x6DB8, 0x85D8, 0x9DF8, 0xAE18, 0xBDF8, 0xBDF8,
  0xC5F8, 0xC618, 0xC618, 0xC618, 0xC618, 0xC618, 0xADF8, 0x8DD8, 0x85B8, 0x5D38, 0x349A, 0x249D,
  0x141B, 0x1A2E, 0x1800, 0x1947, 0x18C3, 0x18E4, 0x18E3, 0x18C3, 0x18C3, 0x18C3, 0x18E3, 0x2104,
  0x2104, 0x0000, 0x8C72, 0xDEDB, 0xAD75, 0xE73C, 0xFFDF, 0xAD55, 0xCE38, 0xBDB6, 0x0000, 0x2125,
  0x20E4, 0x18C3, 0x18C3, 0x18C3, 0x18C3, 0x18C3, 0x18C3, 0x08C3, 0x30C3, 0x0063, 0x38E3, 0xCA21,
  0xEA80, 0xD240, 0xC200, 0xC1E0, 0xC1E0, 0xC1E0, 0xC1E0, 0xC200, 0xC200, 0xC200, 0xC200, 0xC220,
  0xC220, 0xC240, 0xC240, 0xC240, 0xC240, 0xC240, 0xC240, 0xC240, 0xC240, 0xC240, 0xC240, 0xC240,
  0xC260, 0xC260, 0xC240, 0xC240, 0xC260, 0xC260, 0xC260, 0xC260, 0xC260, 0xC260, 0xC280, 0xC280,
  0xC280, 0xC280, 0xC280, 0xC280, 0xC2A0, 0xC2A0, 0xC2A0, 0xC280, 0xC280, 0xC280, 0xC2A0, 0xC2A0,
  0xC2A0, 0xC2A0, 0xC2C0, 0xC2C0, 0xC2C0, 0xC2C0, 0xC2C0, 0xC2A0, 0xC2A0, 0xC2C0, 0xC2C0, 0xC2A0,
  0xC2A0, 0xC2C0, 0xC2C0, 0xC2C0, 0xC2C0, 0xC2C0, 0xC2C0, 0xC2C0, 0xC2C0, 0xC2C0, 0xC2C0, 0xC2C0,
  0xC2C0, 0xC2A0, 0xC2A0, 0xC2C0, 0xC2C0, 0xC2C0, 0xC2C0, 0xC2C0, 0xC2C0, 0xC2C0, 0xC2A0, 0xC2C0,
  0xC2C0, 0xC2A0, 0xC2A0, 0xC2A0, 0xC2A0, 0xC2A0, 0xC2C0, 0xC2C0, 0xC2A0, 0xC2A0, 0xC2A0, 0xC2A0,
  0xC2A0, 0xC2C0, 0xC2C0, 0xC2A0, 0xC2A0, 0xC2C0, 0xC2C0, 0xC2A0, 0xC2A0, 0xC2A0, 0xC2A0, 0xC2A0,
  0xBA80, 0xCA80, 0xD2C0, 0xE320, 0xD2E0, 0x71A1, 0x0002, 0x38E2, 0x30C2, 0x28C2, 0x28C2, 0x28C2,
  0x28A2, 0x28E2, 0x1800, 0x00E2, 0xB3A7, 0xC280, 0xBA40, 0xD3E0, 0xFD20, 0xFCA0, 0xFCC0, 0xFCA0,
  0xFCA0, 0xFCA0, 0xFC80, 0xFC60, 0xFC60, 0xFC60, 0xFC60, 0xFC60, 0xFC60, 0xFC60, 0xFC60, 0xFC60,
  0xFC80, 0xFC80, 0xFCE0, 0xFD80, 0xFD40, 0xFC80, 0xFC80, 0xFC60, 0xFC40, 0xFC20, 0xFC20, 0xFC20,
  0xFC20, 0xFC60, 0xFC40, 0xFC40, 0xFE62, 0xFFC3, 0xFF83, 0xFF83, 0xFFA3, 0xFFA3, 0xFFA3, 0xFFA3,
  0xFFA3, 0xFFA3, 0xFFA3, 0xFF82, 0xFF61, 0xFF40, 0xFF40, 0xFF20, 0xFF20, 0xFF00, 0xFF00, 0xFF00,
  0xFEE0, 0xFF00, 0xFF40, 0xFEA0,
  0x033F, 0x031F, 0x033F, 0x027F, 0x051F, 0x04BF, 0x03BF, 0x03FF, 0x03DF, 0x03BF, 0x03BF, 0x039F,
  0x03BF, 0x039F, 0x035F, 0x033F, 0x033F, 0x031F, 0x02FF, 0x02FF, 0x02DF, 0x027F, 0x03FF, 0x03DA,
  0x0013, 0x0154, 0x0154, 0x0113, 0x0133, 0x0133, 0x0113, 0x0113, 0x0113, 0x0113, 0x0113, 0x0112,
  0x0112, 0x0112, 0x0112, 0x0112, 0x0112, 0x0112, 0x0112, 0x0111, 0x0111, 0x0111, 0x0111, 0x0111,
  0x0111, 0x0132, 0x00D1, 0x0152, 0x0A33, 0x014C, 0x092C, 0x32B0, 0x2167, 0x0000, 0x1106, 0x10E5,
  0x10E5, 0x1106, 0x18C5, 0x1988, 0x1800, 0x1146, 0x0D3A, 0x059C, 0x0456, 0x02CE, 0x0042, 0x0000,
  0x0000, 0x0000, 0x0000, 0x0000, 0x0000, 0x0000, 0x0000, 0x0000, 0x0000, 0x0000, 0x0000, 0x0000,
  0x0000, 0x0000, 0x0000, 0x0000, 0x0000, 0x0000, 0x0000, 0x0000, 0x0000, 0x0000, 0x0000, 0x0000,
  0x0000, 0x0000, 0x0000, 0x0000, 0x0000, 0x0000, 0x0000, 0x0000, 0x0000, 0x0000, 0x0000, 0x0000,
  0x0000, 0x0000, 0x0000, 0x0000, 0x0000, 0x0000, 0x0000, 0x0000, 0x0000, 0x0000, 0x0000, 0x0000,
  0x0000, 0x0000, 0x0000, 0x0000, 0x0000, 0x0000, 0x0000, 0x0000, 0x0000, 0x0000, 0x0000, 0x0000,
  0x0000, 0x0000, 0x0000, 0x0000, 0x0000, 0x0000, 0x0000, 0x0000, 0x0000, 0x0000, 0x0000, 0x0000,
  0x0000, 0x0000, 0x0000, 0x0000, 0x0000, 0x0000, 0x0000, 0x0000, 0x0000, 0x0000, 0x0000, 0x0000,
  0x0000, 0x0000, 0x0000, 0x0000, 0x0000, 0x0000, 0x0000, 0x0000, 0x0000, 0x0000, 0x0000, 0x0000,
  0x0000, 0x0000, 0x0000, 0x0000, 0x0000, 0x0000, 0x0000, 0x0000, 0x0000, 0x0000, 0x0800, 0x0A4F,
  0x0BFA, 0x0C7E, 0x120E, 0x1800, 0x1927, 0x18C3, 0x18E4, 0x18C3, 0x18C3, 0x18C3, 0x18E3, 0x18C3,
  0x2945, 0x0000, 0x0000, 0xA514, 0xCE59, 0xA534, 0xB5D7, 0xC618, 0xBDD7, 0x3186, 0x0000, 0x2965,
  0x1082, 0x18C3, 0x18C3, 0x18C3, 0x18C3, 0x18C3, 0x08C3, 0x30E3, 0x0083, 0x28C2, 0xD220, 0xE240,
  0x8960, 0x1020, 0x0000, 0x0000, 0x0000, 0x0000, 0x0000, 0x0000, 0x0000, 0x0000, 0x0000, 0x0000,
  0x0000, 0x0000, 0x0000, 0x0000, 0x0000, 0x0000, 0x0000, 0x0000, 0x0000, 0x0000, 0x0000, 0x0000,
  0x0000, 0x0000, 0x0000, 0x0000, 0x0000, 0x0000, 0x0000, 0x0000, 0x0000, 0x0000, 0x0000, 0x0000,
  0x0000, 0x0000, 0x0000, 0x0000, 0x0000, 0x0000, 0x0000, 0x0000, 0x0000, 0x0000, 0x0000, 0x0000,
  0x0000, 0x0000, 0x0000, 0x0000, 0x0000, 0x0000, 0x0000, 0x0000, 0x0000, 0x0000, 0x0000, 0x0000,
  0x0000, 0x0000, 0x0000, 0x0000, 0x0000, 0x0000, 0x0000, 0x0000, 0x0000, 0x0000, 0x0000, 0x0000,
  0x0000, 0x0000, 0x0000, 0x0000, 0x0000, 0x0000, 0x0000, 0x0000, 0x0000, 0x0000, 0x0000, 0x0000,
  0x0000, 0x0000, 0x0000, 0x0000, 0x0000, 0x0000, 0x0000, 0x0000, 0x0000, 0x0000, 0x0000, 0x0000,
  0x0000, 0x0000, 0x0000, 0x0000, 0x0000, 0x0000, 0x0000, 0x0000, 0x0000, 0x0000, 0x0000, 0x0000,
  0x0000, 0x0000, 0x38A0, 0x89C0, 0xCAC0, 0xEB60, 0xA261, 0x0002, 0x3902, 0x30C2, 0x28C2, 0x28C2,
  0x28A2, 0x20A1, 0x28E2, 0x0000, 0x72A4, 0xDB63, 0xCA80, 0xC300, 0xF500, 0xFCE0, 0xFCC0, 0xFCC0,
  0xFCC0, 0xFCA0, 0xFC80, 0xFC80, 0xFC80, 0xFC80, 0xFC60, 0xFC60, 0xFC60, 0xFC60, 0xFC60, 0xFC60,
  0xFC80, 0xFCC0, 0xFD60, 0xFD60, 0xFC80, 0xFC80, 0xFC60, 0xFC20, 0xFC20, 0xFC20, 0xFC20, 0xFC20,
  0xFC60, 0xFC40, 0xFC40, 0xFE61, 0xFFC2, 0xFF83, 0xFF83, 0xFFA3, 0xFFA3, 0xFFA3, 0xFFA3, 0xFFA3,
  0xFFA3, 0xFFA3, 0xFF82, 0xFF61, 0xFF40, 0xFF40, 0xFF20, 0xFF20, 0xFF00, 0xFF00, 0xFF00, 0xFEE0,
  0xFF20, 0xFF00, 0xFE00, 0xFCC0,
  0x033F, 0x035F, 0x02DF, 0x041F, 0x059F, 0x03FF, 0x043F, 0x03FF, 0x03FF, 0x03DF, 0x03DF, 0x03DF,
  0x03BF, 0x037F, 0x037F, 0x035F, 0x033F, 0x031F, 0x031F, 0x02FF, 0x029F, 0x03DF, 0x045C, 0x0014,
  0x00F4, 0x0174, 0x0113, 0x0133, 0x0133, 0x0133, 0x0113, 0x0113, 0x0113, 0x0113, 0x0113, 0x0112,
  0x0112, 0x0112, 0x0112, 0x0112, 0x0112, 0x0112, 0x0112, 0x0111, 0x0111, 0x0111, 0x0111, 0x0111,
  0x0111, 0x0131, 0x00B1, 0x0193, 0x0A13, 0x00CC, 0x2210, 0x2A6E, 0x10C3, 0x0863, 0x1106, 0x10E5,
  0x10E5, 0x10C5, 0x1147, 0x18C5, 0x1002, 0x0D9B, 0x05BC, 0x028D, 0x0000, 0x0000, 0x0000, 0x0000,
  0x0000, 0x0000, 0x0000, 0x0000, 0x0000, 0x0000, 0x0000, 0x0000, 0x0000, 0x0000, 0x0000, 0x0000,
  0x0000, 0x0000, 0x0000, 0x0000, 0x0000, 0x0000, 0x0000, 0x0000, 0x0000, 0x0000, 0x0000, 0x0000,
  0x0000, 0x0000, 0x0000, 0x0000, 0x0000, 0x0000, 0x0000, 0x0000, 0x0000, 0x0000, 0x0000, 0x0000,
  0x0000, 0x0000, 0x0001, 0x00A4, 0x00A4, 0x0063, 0x0000, 0x0002, 0x0063, 0x0000, 0x0000, 0x0000,
  0x0000, 0x0002, 0x00A3, 0x0000, 0x0022, 0x0083, 0x0000, 0x0000, 0x0083, 0x0042, 0x0083, 0x00C4,
  0x00C4, 0x0083, 0x0001, 0x0083, 0x00A4, 0x0062, 0x0000, 0x0000, 0x0000, 0x0000, 0x0000, 0x0082,
  0x0021, 0x0000, 0x0000, 0x0000, 0x0000, 0x0000, 0x0000, 0x0000, 0x0000, 0x0000, 0x0000, 0x0000,
  0x0000, 0x0000, 0x0000, 0x0000, 0x0000, 0x0000, 0x0000, 0x0000, 0x0000, 0x0000, 0x0001, 0x0002,
  0x0002, 0x0001, 0x0001, 0x0000, 0x0000, 0x0000, 0x0000, 0x0000, 0x0000, 0x0000, 0x0000, 0x0000,
  0x0000, 0x03B9, 0x0C5D, 0x18A0, 0x18C4, 0x1905, 0x18C3, 0x18C3, 0x18C3, 0x18C3, 0x18C3, 0x18E4,
  0x1082, 0x31A7, 0x0000, 0x0000, 0xCE59, 0xB596, 0x5ACB, 0xE71C, 0x18E4, 0x0000, 0x4229, 0x0000,
  0x18C3, 0x18C3, 0x18C3, 0x18C3, 0x18C3, 0x18C3, 0x20C3, 0x20C3, 0x0063, 0xC201, 0xDA20, 0x2820,
  0x0000, 0x0000, 0x0000, 0x0000, 0x0000, 0x0000, 0x0000, 0x0000, 0x0000, 0x0000, 0x0000, 0x0000,
  0x0000, 0x0000, 0x0000, 0x0000, 0x0000, 0x0000, 0x0000, 0x0000, 0x0000, 0x0000, 0x0000, 0x0000,
  0x0000, 0x0000, 0x0000, 0x0000, 0x0000, 0x0000, 0x0000, 0x0000, 0x0000, 0x0000, 0x0000, 0x0000,
  0x0000, 0x1820, 0x1840, 0x1820, 0x0000, 0x0000, 0x1820, 0x0800, 0x0000, 0x0000, 0x0000, 0x0000,
  0x1820, 0x1000, 0x0000, 0x1820, 0x0800, 0x0000, 0x1000, 0x1820, 0x1000, 0x2040, 0x2040, 0x2040,
  0x1000, 0x1820, 0x2040, 0x1820, 0x0800, 0x0000, 0x0800, 0x0000, 0x0000, 0x1820, 0x2040, 0x0000,
  0x0000, 0x0000, 0x0000, 0x0000, 0x0000, 0x0000, 0x0000, 0x0000, 0x0000, 0x0000, 0x0000, 0x0000,
  0x0000, 0x0000, 0x0000, 0x0000, 0x0000, 0x0000, 0x0000, 0x0000, 0x0000, 0x0000, 0x0000, 0x0000,
  0x0000, 0x0000, 0x0000, 0x0000, 0x0000, 0x0000, 0x0000, 0x0000, 0x0000, 0x0000, 0x0000, 0x0000,
  0x0000, 0x0000, 0x0000, 0x0000, 0x0000, 0xAA40, 0xFBA0, 0xA241, 0x0002, 0x3902, 0x30C2, 0x28C2,
  0x28C2, 0x20A2, 0x20A2, 0x1861, 0x0102, 0xC384, 0xCA80, 0xA1E0, 0xE460, 0xFD00, 0xFCC0, 0xFCC0,
  0xFCA0, 0xFCA0, 0xFC80, 0xFC80, 0xFC80, 0xFC80, 0xFC80, 0xFC80, 0xFC80, 0xFC60, 0xFC60, 0xFC80,
  0xFCA0, 0xFD40, 0xFD60, 0xFCA0, 0xFC60, 0xFC60, 0xFC40, 0xFC20, 0xFC20, 0xFC20, 0xFC20, 0xFC60,
  0xFC60, 0xFC40, 0xFE41, 0xFFC2, 0xFFA2, 0xFF83, 0xFFA3, 0xFFA3, 0xFFA3, 0xFFA3, 0xFFA3, 0xFFA3,
  0xFFA2, 0xFF82, 0xFF61, 0xFF40, 0xFF40, 0xFF20, 0xFF20, 0xFF00, 0xFF00, 0xFEE0, 0xFF00, 0xFF20,
  0xFEA0, 0xFD60, 0xFC20, 0xFBC0,
  0x035F, 0x035F, 0x033F, 0x059F, 0x049F, 0x043F, 0x043F, 0x041F, 0x041F, 0x03FF, 0x03FF, 0x03FF,
  0x03BF, 0x039F, 0x039F, 0x037F, 0x035F, 0x033F, 0x033F, 0x02BF, 0x039F, 0x04BD, 0x01B5, 0x0015,
  0x0195, 0x0114, 0x0134, 0x0133, 0x0133, 0x0133, 0x0133, 0x0113, 0x0113, 0x0133, 0x0113, 0x0112,
  0x0112, 0x0112, 0x0112, 0x0112, 0x0112, 0x0112, 0x0112, 0x0111, 0x0111, 0x0111, 0x0111, 0x0111,
  0x0111, 0x0131, 0x0090, 0x01D3, 0x0213, 0x00EF, 0x2292, 0x2A0C, 0x1060, 0x10C5, 0x10E5, 0x10E5,
  0x10E5, 0x10E5, 0x1188, 0x1000, 0x0CF8, 0x05FD, 0x01E9, 0x0000, 0x00A4, 0x0126, 0x00E5, 0x00A3,
  0x0083, 0x0083, 0x0083, 0x0083, 0x0083, 0x0083, 0x0083, 0x0083, 0x0083, 0x0083, 0x0083, 0x0083,
  0x0083, 0x0083, 0x0083, 0x0083, 0x0083, 0x0083, 0x0083, 0x0083, 0x0083, 0x0083, 0x0083, 0x0083,
  0x0083, 0x0083, 0x0083, 0x0083, 0x0083, 0x0083, 0x0083, 0x0083, 0x0083, 0x0083, 0x0083, 0x0083,
  0x0083, 0x0084, 0x0063, 0x0000, 0x0000, 0x0084, 0x0146, 0x0043, 0x0043, 0x0083, 0x0084, 0x0063,
  0x00A4, 0x00A4, 0x0044, 0x00C5, 0x0001, 0x0002, 0x00C5, 0x00E5, 0x0003, 0x0001, 0x0003, 0x0000,
  0x0000, 0x0000, 0x0064, 0x0002, 0x0000, 0x0084, 0x0106, 0x0084, 0x0003, 0x00A4, 0x0167, 0x0084,
  0x0002, 0x0064, 0x0063, 0x0043, 0x0043, 0x0063, 0x0043, 0x0043, 0x0043, 0x0063, 0x0063, 0x0063,
  0x0063, 0x0063, 0x0063, 0x0083, 0x0084, 0x00A4, 0x08A4, 0x08C4, 0x10C4, 0x10C4, 0x10A4, 0x18A3,
  0x18A3, 0x18A3, 0x18C3, 0x18C3, 0x18C3, 0x18C3, 0x10A3, 0x10A3, 0x08A3, 0x08A3, 0x08C5, 0x00E7,
  0x0000, 0x0002, 0x047D, 0x0B97, 0x1800, 0x1148, 0x18A2, 0x18C4, 0x18C3, 0x18C3, 0x18C3, 0x18C3,
  0x2124, 0x0000, 0x0000, 0x9CF3, 0xD6BA, 0x5ACB, 0x0000, 0xC638, 0xBDF7, 0x0000, 0x0000, 0x2965,
  0x1082, 0x18C3, 0x18C3, 0x18C3, 0x18C3, 0x10C3, 0x38E3, 0x0063, 0x8962, 0xEA20, 0x8100, 0x0000,
  0x4060, 0x2840, 0x1800, 0x1800, 0x1800, 0x1800, 0x1800, 0x1000, 0x1000, 0x1000, 0x1800, 0x1800,
  0x1800, 0x1820, 0x1820, 0x1820, 0x1820, 0x1820, 0x1820, 0x1820, 0x1820, 0x1820, 0x1820, 0x1820,
  0x1820, 0x1820, 0x1820, 0x1820, 0x1820, 0x1820, 0x1820, 0x1820, 0x1820, 0x1820, 0x1820, 0x1820,
  0x1820, 0x1000, 0x0000, 0x0000, 0x38C0, 0x2040, 0x1800, 0x1820, 0x2020, 0x1820, 0x1820, 0x2040,
  0x1800, 0x2040, 0x1800, 0x0000, 0x2880, 0x2040, 0x2860, 0x0000, 0x1800, 0x0000, 0x0000, 0x0000,
  0x1800, 0x1800, 0x0000, 0x0000, 0x30A0, 0x2860, 0x1800, 0x2020, 0x30A0, 0x1820, 0x0000, 0x30A0,
  0x2040, 0x1800, 0x2020, 0x1820, 0x1820, 0x1820, 0x1820, 0x1820, 0x1820, 0x1820, 0x1820, 0x1820,
  0x1820, 0x1820, 0x1820, 0x1820, 0x1820, 0x1820, 0x1820, 0x1820, 0x1820, 0x1820, 0x1820, 0x1820,
  0x1820, 0x1820, 0x1820, 0x1820, 0x1820, 0x1820, 0x1820, 0x1820, 0x1820, 0x1820, 0x1820, 0x1820,
  0x1820, 0x2020, 0x2840, 0x3080, 0x0000, 0x0000, 0xA240, 0xF3A0, 0x7181, 0x0062, 0x30E2, 0x28C1,
  0x28C2, 0x28C2, 0x28C2, 0x28C1, 0x0002, 0x9B24, 0xBA80, 0x7000, 0xC3E0, 0xFD20, 0xFCC0, 0xFCC0,
  0xFCA0, 0xFCA0, 0xFC80, 0xFC80, 0xFC80, 0xFC80, 0xFC80, 0xFC80, 0xFC80, 0xFC80, 0xFC80, 0xFC80,
  0xFD00, 0xFD60, 0xFCC0, 0xFC60, 0xFC60, 0xFC40, 0xFC40, 0xFC20, 0xFC20, 0xFC40, 0xFC60, 0xFC60,
  0xFC40, 0xFE21, 0xFFC2, 0xFFA2, 0xFF82, 0xFFA2, 0xFFA3, 0xFFA3, 0xFFA3, 0xFFA3, 0xFFA3, 0xFFA2,
  0xFF81, 0xFF60, 0xFF40, 0xFF40, 0xFF20, 0xFF20, 0xFF00, 0xFF00, 0xFEE0, 0xFF20, 0xFF20, 0xFE20,
  0xFCC0, 0xFBC0, 0xFBA0, 0xFB40,
  0x037F, 0x02FF, 0x051F, 0x055F, 0x043F, 0x047F, 0x045F, 0x045F, 0x041F, 0x041F, 0x041F, 0x03FF,
  0x03DF, 0x03BF, 0x039F, 0x039F, 0x035F, 0x035F, 0x02FF, 0x035F, 0x051E, 0x02D7, 0x0014, 0x01D5,
  0x0114, 0x0134, 0x0134, 0x0134, 0x0133, 0x0133, 0x0133, 0x0113, 0x0113, 0x0113, 0x0112, 0x0112,
  0x0112, 0x0112, 0x0112, 0x0112, 0x0112, 0x0112, 0x0112, 0x0111, 0x0111, 0x0111, 0x0111, 0x0111,
  0x0111, 0x0131, 0x0090, 0x01F4, 0x01F3, 0x0173, 0x2293, 0x21A9, 0x1020, 0x1106, 0x18E5, 0x10E5,
  0x10E5, 0x1188, 0x1000, 0x0B0F, 0x05FE, 0x030F, 0x0000, 0x00E5, 0x0083, 0x0000, 0x0000, 0x0000,
  0x0001, 0x0000, 0x0000, 0x0000, 0x0000, 0x0000, 0x0000, 0x0000, 0x0000, 0x0000, 0x0000, 0x0001,
  0x0001, 0x0001, 0x0001, 0x0001, 0x0001, 0x0001, 0x0001, 0x0001, 0x0000, 0x0000, 0x0000, 0x0001,
  0x0001, 0x0001, 0x0001, 0x0001, 0x0001, 0x0001, 0x0001, 0x0001, 0x0001, 0x0001, 0x0001, 0x0001,
  0x0001, 0x0002, 0x0000, 0x0000, 0x0000, 0x0000, 0x0000, 0x0001, 0x0000, 0x0001, 0x0002, 0x0001,
  0x0063, 0x0000, 0x0000, 0x0000, 0x00E5, 0x0000, 0x0001, 0x0000, 0x0000, 0x0084, 0x0000, 0x0000,
  0x0003, 0x0044, 0x0000, 0x0000, 0x0000, 0x0000, 0x0000, 0x0001, 0x0083, 0x0000, 0x0000, 0x0000,
  0x0001, 0x0002, 0x0001, 0x0001, 0x0001, 0x0001, 0x0001, 0x0001, 0x0001, 0x0000, 0x0000, 0x0000,
  0x0001, 0x0000, 0x0000, 0x0000, 0x0000, 0x0000, 0x0000, 0x0000, 0x0000, 0x0000, 0x0001, 0x0001,
  0x0001, 0x0001, 0x0001, 0x0001, 0x0001, 0x0000, 0x0000, 0x0000, 0x0000, 0x0000, 0x0000, 0x0001,
  0x0085, 0x0000, 0x02B2, 0x047E, 0x1149, 0x1000, 0x1906, 0x18C3, 0x18C3, 0x18C3, 0x18C3, 0x18E3,
  0x2104, 0x0000, 0x8431, 0xDEFB, 0x630C, 0x5289, 0x9CB2, 0x0000, 0xCE79, 0xBDD7, 0x0000, 0x2965,
  0x18E3, 0x18A3, 0x18C3, 0x18C3, 0x10C3, 0x30E3, 0x00C3, 0x00E3, 0xDA01, 0xC9A0, 0x0000, 0x1020,
  0x1800, 0x0000, 0x0000, 0x0000, 0x0000, 0x0000, 0x0000, 0x0000, 0x0000, 0x0000, 0x0000, 0x0000,
  0x0000, 0x0000, 0x0000, 0x0000, 0x0000, 0x0000, 0x0000, 0x0000, 0x0000, 0x0000, 0x0000, 0x0000,
  0x0000, 0x0000, 0x0000, 0x0000, 0x0000, 0x0000, 0x0000, 0x0800, 0x0800, 0x0800, 0x0800, 0x0800,
  0x0800, 0x0000, 0x0000, 0x0000, 0x0000, 0x0800, 0x0000, 0x0000, 0x1000, 0x0800, 0x1800, 0x0000,
  0x0000, 0x0000, 0x2060, 0x0000, 0x0000, 0x2880, 0x0000, 0x1000, 0x0000, 0x0000, 0x1000, 0x1000,
  0x1000, 0x0000, 0x0000, 0x0000, 0x0000, 0x0000, 0x1820, 0x1000, 0x0000, 0x0000, 0x0000, 0x0000,
  0x0000, 0x1800, 0x0000, 0x0800, 0x0800, 0x0800, 0x0800, 0x0800, 0x0800, 0x0800, 0x0800, 0x0800,
  0x0800, 0x0800, 0x0800, 0x0800, 0x0800, 0x0800, 0x0800, 0x0800, 0x0800, 0x0800, 0x0800, 0x0800,
  0x0800, 0x0800, 0x0800, 0x0800, 0x0800, 0x0800, 0x0800, 0x0800, 0x0800, 0x0800, 0x0800, 0x0800,
  0x0800, 0x0800, 0x0000, 0x0000, 0x2840, 0x2860, 0x0000, 0xCAE0, 0xD340, 0x0021, 0x30C2, 0x30C2,
  0x30C2, 0x30C2, 0x30E2, 0x28C1, 0x0001, 0x7A63, 0xA261, 0x4800, 0xB380, 0xFD20, 0xFCC0, 0xFCC0,
  0xFCC0, 0xFCA0, 0xFC80, 0xFC80, 0xFC80, 0xFC80, 0xFC80, 0xFC80, 0xFC80, 0xFC80, 0xFC80, 0xFCE0,
  0xFD40, 0xFCE0, 0xFC80, 0xFC60, 0xFC60, 0xFC40, 0xFC40, 0xFC40, 0xFC40, 0xFC60, 0xFC80, 0xFC40,
  0xFE20, 0xFFA1, 0xFFA2, 0xFF82, 0xFFA2, 0xFFA2, 0xFFA2, 0xFFA2, 0xFFA2, 0xFFA2, 0xFF82, 0xFF81,
  0xFF60, 0xFF40, 0xFF40, 0xFF20, 0xFF20, 0xFF20, 0xFEE0, 0xFEE0, 0xFF40, 0xFEE0, 0xFDA0, 0xFC40,
  0xFB80, 0xFB60, 0xFB00, 0xFAE0,
  0x033F, 0x03FF, 0x05BF, 0x047F, 0x049F, 0x047F, 0x045F, 0x045F, 0x043F, 0x041F, 0x041F, 0x03FF,
  0x03FF, 0x03DF, 0x03BF, 0x039F, 0x039F, 0x035F, 0x031F, 0x04FF, 0x03B9, 0x0014, 0x01D5, 0x0135,
  0x0134, 0x0134, 0x0134, 0x0133, 0x0133, 0x0113, 0x0113, 0x0113, 0x0113, 0x0113, 0x0112, 0x0112,
  0x0112, 0x0112, 0x0112, 0x0112, 0x0112, 0x0112, 0x0111, 0x0111, 0x0111, 0x0111, 0x0111, 0x0111,
  0x0111, 0x0111, 0x00D1, 0x0214, 0x01F4, 0x01D5, 0x1A52, 0x2165, 0x1081, 0x10E6, 0x10E5, 0x10E5,
  0x18E5, 0x1988, 0x1000, 0x0D3A, 0x04F9, 0x0000, 0x0000, 0x0083, 0x0000, 0x0001, 0x0001, 0x0001,
  0x0001, 0x0001, 0x0001, 0x0001, 0x0001, 0x0001, 0x0001, 0x0001, 0x0001, 0x0001, 0x0001, 0x0001,
  0x0001, 0x0001, 0x0001, 0x0001, 0x0001, 0x0001, 0x0001, 0x0001, 0x0001, 0x0001, 0x0001, 0x0001,
  0x0001, 0x0001, 0x0001, 0x0001, 0x0001, 0x0001, 0x0001, 0x0001, 0x0001, 0x0001, 0x0001, 0x0002,
  0x0063, 0x0000, 0x02EE, 0x059A, 0x05BA, 0x0578, 0x022A, 0x030E, 0x0537, 0x0126, 0x0000, 0x0146,
  0x0000, 0x0412, 0x061B, 0x026B, 0x02AC, 0x0598, 0x0104, 0x0209, 0x0557, 0x0390, 0x04F6, 0x05FB,
  0x061B, 0x0473, 0x030F, 0x0518, 0x0599, 0x0558, 0x02ED, 0x0000, 0x0084, 0x0001, 0x03D2, 0x0DDA,
  0x036F, 0x0000, 0x0002, 0x0022, 0x0001, 0x0001, 0x0001, 0x0001, 0x0001, 0x0001, 0x0001, 0x0001,
  0x0001, 0x0001, 0x0001, 0x0001, 0x0001, 0x0001, 0x0001, 0x0001, 0x0001, 0x0001, 0x0001, 0x0001,
  0x0001, 0x0001, 0x0001, 0x0001, 0x0001, 0x0001, 0x0001, 0x0001, 0x0001, 0x0001, 0x0001, 0x0001,
  0x0022, 0x0000, 0x0000, 0x0399, 0x03B9, 0x1000, 0x1928, 0x18C3, 0x18C3, 0x18C3, 0x10C3, 0x2945,
  0x0000, 0x0000, 0xB596, 0xB596, 0x4A49, 0xF79E, 0xFFDF, 0xA514, 0x7BCF, 0xCE79, 0x3186, 0x0000,
  0x3166, 0x1082, 0x18C3, 0x18C3, 0x10C3, 0x38E3, 0x0043, 0xA182, 0xEA00, 0x68C0, 0x0000, 0x3020,
  0x0000, 0x0000, 0x0000, 0x0000, 0x0000, 0x0000, 0x0000, 0x0000, 0x0000, 0x0000, 0x0000, 0x0000,
  0x0000, 0x0000, 0x0000, 0x0000, 0x0000, 0x0000, 0x0000, 0x0000, 0x0800, 0x0800, 0x0800, 0x0800,
  0x0800, 0x0800, 0x0800, 0x0800, 0x0800, 0x0800, 0x0800, 0x0800, 0x0800, 0x0800, 0x1000, 0x0000,
  0x2880, 0xC340, 0xD380, 0xD3A0, 0x9AA0, 0x0000, 0xBB60, 0x71C0, 0x0000, 0x2860, 0x0000, 0x4920,
  0xD360, 0x9A80, 0x0000, 0xC360, 0x8240, 0x0000, 0xB340, 0xA2E0, 0x8200, 0xDBE0, 0xD3C0, 0xCB80,
  0x61A0, 0xB300, 0xDBC0, 0xD3A0, 0xA2C0, 0x0000, 0x2840, 0x0000, 0x71E0, 0xCB60, 0xD360, 0x9260,
  0x0000, 0x1820, 0x1800, 0x0800, 0x1000, 0x1000, 0x1000, 0x1000, 0x1000, 0x0800, 0x0800, 0x0800,
  0x0800, 0x0800, 0x0800, 0x0800, 0x0800, 0x0800, 0x0800, 0x0800, 0x0800, 0x0800, 0x0800, 0x0800,
  0x0800, 0x0800, 0x0800, 0x0800, 0x0800, 0x0800, 0x0800, 0x0800, 0x0800, 0x0800, 0x0800, 0x0800,
  0x0800, 0x0800, 0x0800, 0x1000, 0x0000, 0x2860, 0x0000, 0x48C0, 0xF3A0, 0x79E1, 0x0042, 0x38E2,
  0x30E2, 0x30E2, 0x28E2, 0x28C1, 0x0001, 0x59C3, 0x8A01, 0x4800, 0xAB40, 0xFD20, 0xFCC0, 0xFCC0,
  0xFCC0, 0xFCA0, 0xFCA0, 0xFC80, 0xFC80, 0xFC80, 0xFC80, 0xFC80, 0xFC80, 0xFC80, 0xFCC0, 0xFD40,
  0xFCE0, 0xFC80, 0xFC80, 0xFC60, 0xFC60, 0xFC40, 0xFC40, 0xFC40, 0xFC60, 0xFC80, 0xFC40, 0xFE00,
  0xFFA1, 0xFFA1, 0xFF82, 0xFFA2, 0xFFA2, 0xFFA2, 0xFFA2, 0xFFA2, 0xFFA2, 0xFF82, 0xFF61, 0xFF40,
  0xFF40, 0xFF40, 0xFF20, 0xFF20, 0xFF00, 0xFEE0, 0xFF00, 0xFF40, 0xFE80, 0xFD00, 0xFBE0, 0xFB80,
  0xFB20, 0xFAE0, 0xFAE0, 0xFAE0,
  0x033F, 0x057F, 0x04FF, 0x049F, 0x04BF, 0x047F, 0x047F, 0x047F, 0x045F, 0x043F, 0x043F, 0x041F,
  0x03FF, 0x03FF, 0x03DF, 0x03BF, 0x039F, 0x033F, 0x04DF, 0x047B, 0x0015, 0x01B6, 0x0155, 0x0134,
  0x0134, 0x0134, 0x0134, 0x0133, 0x0133, 0x0113, 0x0113, 0x0112, 0x0113, 0x0112, 0x0112, 0x0112,
  0x0112, 0x0112, 0x0112, 0x0112, 0x0112, 0x0112, 0x0111, 0x0111, 0x0111, 0x0111, 0x0111, 0x0111,
  0x0111, 0x0111, 0x00D1, 0x0214, 0x01D4, 0x0216, 0x1A31, 0x2943, 0x10A3, 0x10E5, 0x10E5, 0x10E5,
  0x1147, 0x1802, 0x1148, 0x05DD, 0x0392, 0x0000, 0x0001, 0x0022, 0x0001, 0x0001, 0x0001, 0x0001,
  0x0001, 0x0001, 0x0001, 0x0001, 0x0001, 0x0001, 0x0001, 0x0001, 0x0001, 0x0001, 0x0001, 0x0001,
  0x0001, 0x0001, 0x0001, 0x0001, 0x0001, 0x0001, 0x0001, 0x0001, 0x0001, 0x0001, 0x0001, 0x0001,
  0x0001, 0x0001, 0x0001, 0x0001, 0x0001, 0x0001, 0x0001, 0x0001, 0x0001, 0x0001, 0x0001, 0x0022,
  0x0063, 0x0000, 0x03F3, 0x061D, 0x02AE, 0x0558, 0x0579, 0x0453, 0x067D, 0x0188, 0x0000, 0x0001,
  0x00C5, 0x05DA, 0x073F, 0x0473, 0x0000, 0x061B, 0x04B5, 0x0537, 0x05FA, 0x02AC, 0x063B, 0x0517,
  0x032E, 0x01E8, 0x0455, 0x05BB, 0x01EA, 0x0559, 0x059A, 0x0126, 0x0000, 0x024B, 0x0538, 0x0EFF,
  0x0412, 0x0000, 0x0022, 0x0042, 0x0001, 0x0001, 0x0001, 0x0001, 0x0001, 0x0001, 0x0001, 0x0001,
  0x0001, 0x0001, 0x0001, 0x0001, 0x0001, 0x0001, 0x0001, 0x0001, 0x0001, 0x0001, 0x0001, 0x0001,
  0x0001, 0x0001, 0x0001, 0x0001, 0x0001, 0x0001, 0x0001, 0x0001, 0x0001, 0x0001, 0x0001, 0x0001,
  0x0001, 0x0023, 0x0000, 0x01CE, 0x043E, 0x124F, 0x1800, 0x1127, 0x10A2, 0x18C3, 0x10A3, 0x2965,
  0x0000, 0x39C7, 0xC638, 0xA534, 0x8C51, 0xDEDB, 0xD679, 0xBDB6, 0x8C31, 0xCE59, 0x738E, 0x0000,
  0x39A7, 0x1082, 0x18C3, 0x10A3, 0x30C3, 0x0083, 0x28E2, 0xE200, 0xB9A0, 0x0001, 0x1800, 0x1000,
  0x0000, 0x0000, 0x0000, 0x0000, 0x0000, 0x0000, 0x0000, 0x0000, 0x0000, 0x0000, 0x0000, 0x0000,
  0x0000, 0x0000, 0x0000, 0x0000, 0x0000, 0x0000, 0x0800, 0x0800, 0x0800, 0x0800, 0x0800, 0x0800,
  0x0800, 0x0800, 0x0800, 0x0800, 0x0800, 0x0800, 0x0800, 0x0800, 0x0800, 0x0800, 0x1000, 0x0000,
  0x2060, 0xEC00, 0xA2A0, 0x8A60, 0xF440, 0x71E0, 0xEC40, 0x9260, 0x0000, 0x2880, 0x0000, 0x9240,
  0xF420, 0xD3A0, 0x0000, 0xBB20, 0xE400, 0x7200, 0xF480, 0x7200, 0xB2E0, 0xEC00, 0x69C0, 0x7A00,
  0x6180, 0xDBE0, 0xAAE0, 0x8A60, 0xEC20, 0x8200, 0x0000, 0x2860, 0xB300, 0xB300, 0xA2A0, 0xE3E0,
  0x6180, 0x0000, 0x30A0, 0x0000, 0x1000, 0x1000, 0x1000, 0x1000, 0x1000, 0x0800, 0x0800, 0x0800,
  0x0800, 0x0800, 0x0800, 0x0800, 0x0800, 0x0800, 0x0800, 0x0800, 0x0800, 0x0800, 0x0800, 0x0800,
  0x0800, 0x0800, 0x0800, 0x0800, 0x0800, 0x0800, 0x0800, 0x0800, 0x0800, 0x0800, 0x0800, 0x0800,
  0x0800, 0x0800, 0x0800, 0x0800, 0x1000, 0x0000, 0x3080, 0x0000, 0xDB20, 0xBAC1, 0x0002, 0x38E2,
  0x30C2, 0x30C2, 0x28C2, 0x28C1, 0x0861, 0x4163, 0x81C1, 0x5000, 0xA300, 0xFD20, 0xFCC0, 0xFCE0,
  0xFCC0, 0xFCA0, 0xFCA0, 0xFC80, 0xFC80, 0xFC80, 0xFC80, 0xFCA0, 0xFCA0, 0xFCC0, 0xFD20, 0xFCE0,
  0xFC80, 0xFC80, 0xFC60, 0xFC60, 0xFC60, 0xFC60, 0xFC40, 0xFC60, 0xFC80, 0xFC40, 0xFDE0, 0xFF81,
  0xFFA1, 0xFF82, 0xFFA2, 0xFFA2, 0xFFA2, 0xFFA2, 0xFFA2, 0xFF82, 0xFF82, 0xFF61, 0xFF40, 0xFF40,
  0xFF40, 0xFF20, 0xFF20, 0xFF00, 0xFEE0, 0xFF20, 0xFF00, 0xFE00, 0xFC60, 0xFB60, 0xFB40, 0xFB00,
  0xFAE0, 0xFAE0, 0xFAC0, 0xFAC0,
  0x04DF, 0x059F, 0x049F, 0x04DF, 0x04BF, 0x04BF, 0x049F, 0x049F, 0x047F, 0x045F, 0x045F, 0x043F,
  0x041F, 0x041F, 0x03FF, 0x03DF, 0x035F, 0x049F, 0x051D, 0x0017, 0x0136, 0x0196, 0x0135, 0x0155,
  0x0134, 0x0134, 0x0133, 0x0133, 0x0133, 0x0133, 0x0113, 0x0113, 0x0112, 0x0112, 0x0112, 0x0112,
  0x0112, 0x0112, 0x0112, 0x0112, 0x0112, 0x0111, 0x0111, 0x0111, 0x0111, 0x0111, 0x0111, 0x0111,
  0x0111, 0x0111, 0x00D1, 0x01F4, 0x01B3, 0x0237, 0x2251, 0x2141, 0x10A4, 0x10E6, 0x18E5, 0x10C5,
  0x1188, 0x1800, 0x130F, 0x05FC, 0x02AD, 0x0000, 0x0083, 0x0000, 0x0001, 0x0001, 0x0001, 0x0001,
  0x0001, 0x0001, 0x0001, 0x0001, 0x0001, 0x0001, 0x0001, 0x0001, 0x0001, 0x0001, 0x0001, 0x0001,
  0x0001, 0x0001, 0x0001, 0x0001, 0x0001, 0x0001, 0x0001, 0x0001, 0x0001, 0x0001, 0x0001, 0x0001,
  0x0001, 0x0001, 0x0001, 0x0001, 0x0001, 0x0001, 0x0001, 0x0001, 0x0001, 0x0002, 0x0001, 0x0043,
  0x0043, 0x0000, 0x0413, 0x05FB, 0x026D, 0x05BA, 0x05FB, 0x0433, 0x067C, 0x0209, 0x0126, 0x0000,
  0x0412, 0x05B9, 0x0495, 0x0578, 0x0000, 0x032F, 0x069E, 0x067E, 0x02EE, 0x0000, 0x063B, 0x05DA,
  0x0516, 0x01E7, 0x03F3, 0x061C, 0x036F, 0x05BA, 0x059A, 0x0044, 0x0000, 0x0126, 0x01A9, 0x061B,
  0x03F2, 0x0000, 0x0042, 0x0022, 0x0001, 0x0001, 0x0001, 0x0001, 0x0001, 0x0001, 0x0001, 0x0001,
  0x0001, 0x0001, 0x0001, 0x0001, 0x0001, 0x0001, 0x0001, 0x0001, 0x0001, 0x0001, 0x0001, 0x0001,
  0x0001, 0x0001, 0x0001, 0x0001, 0x0001, 0x0001, 0x0001, 0x0001, 0x0001, 0x0001, 0x0001, 0x0001,
  0x0000, 0x0023, 0x0000, 0x0000, 0x0378, 0x03FC, 0x1000, 0x1948, 0x10E4, 0x18A2, 0x10A2, 0x2944,
  0x0000, 0x632C, 0xE73C, 0xE71C, 0xCE59, 0xCE79, 0xCE79, 0xCE79, 0xDEDB, 0xEF5D, 0x9CD3, 0x0000,
  0x31A7, 0x08A3, 0x10C3, 0x10C3, 0x38C3, 0x0043, 0xB1A2, 0xE200, 0x4880, 0x0000, 0x3020, 0x0000,
  0x0000, 0x0000, 0x0000, 0x0000, 0x0000, 0x0000, 0x0000, 0x0000, 0x0000, 0x0000, 0x0000, 0x0000,
  0x0000, 0x0000, 0x0000, 0x0000, 0x0000, 0x0000, 0x0800, 0x0800, 0x0800, 0x0800, 0x0800, 0x0800,
  0x0800, 0x0800, 0x0800, 0x0800, 0x0800, 0x0800, 0x0800, 0x0800, 0x1000, 0x1000, 0x1000, 0x0000,
  0x1020, 0xE3A0, 0xA280, 0x9A80, 0xFC80, 0x71E0, 0xE420, 0x9AA0, 0x0000, 0x38E0, 0x0000, 0xC360,
  0x9260, 0xCB60, 0x9260, 0x0000, 0xE3E0, 0xF440, 0xC360, 0x0000, 0xBB20, 0xEC00, 0xB320, 0x92A0,
  0x38E0, 0xD3C0, 0xAAE0, 0x8A40, 0xEBE0, 0x7A00, 0x0000, 0x4900, 0x40E0, 0x0000, 0xBB20, 0xEC00,
  0x3080, 0x0000, 0x2880, 0x0800, 0x1000, 0x1000, 0x1000, 0x1000, 0x0800, 0x1000, 0x1000, 0x0800,
  0x0800, 0x0800, 0x0800, 0x0800, 0x0800, 0x0800, 0x0800, 0x0800, 0x0800, 0x0800, 0x0800, 0x0800,
  0x0800, 0x0800, 0x0800, 0x0800, 0x0800, 0x0800, 0x0800, 0x0800, 0x0800, 0x0800, 0x0800, 0x0800,
  0x0800, 0x0800, 0x0800, 0x0800, 0x0800, 0x0800, 0x3060, 0x0000, 0xBAA0, 0xD300, 0x0022, 0x38E2,
  0x30C2, 0x30C1, 0x28C2, 0x28C1, 0x1061, 0x3943, 0x79C2, 0x5000, 0x9AC0, 0xFD20, 0xFCE0, 0xFCE0,
  0xFCC0, 0xFCC0, 0xFCA0, 0xFCA0, 0xFCA0, 0xFCA0, 0xFCA0, 0xFCA0, 0xFCC0, 0xFD20, 0xFD00, 0xFC80,
  0xFC80, 0xFC80, 0xFC60, 0xFC60, 0xFC60, 0xFC60, 0xFC80, 0xFC80, 0xFC60, 0xFDC0, 0xFF81, 0xFFA1,
  0xFF81, 0xFFA2, 0xFF82, 0xFFA2, 0xFFA2, 0xFF82, 0xFF82, 0xFF81, 0xFF60, 0xFF40, 0xFF40, 0xFF40,
  0xFF20, 0xFF20, 0xFF00, 0xFF00, 0xFF40, 0xFEC0, 0xFD60, 0xFBE0, 0xFB20, 0xFB20, 0xFAE0, 0xFAE0,
  0xFAC0, 0xFAC0, 0xFAA0, 0xFAA0,
  0x059F, 0x04FF, 0x04FF, 0x04DF, 0x04DF, 0x04BF, 0x04BF, 0x04BF, 0x049F, 0x047F, 0x047F, 0x045F,
  0x043F, 0x043F, 0x041F, 0x03BF, 0x047F, 0x059E, 0x01D9, 0x0017, 0x01D7, 0x0136, 0x0155, 0x0135,
  0x0134, 0x0134, 0x0134, 0x0133, 0x0133, 0x0113, 0x0133, 0x0113, 0x0112, 0x0112, 0x0112, 0x0112,
  0x0112, 0x0112, 0x0112, 0x0112, 0x0111, 0x0111, 0x0111, 0x0111, 0x0111, 0x0111, 0x0111, 0x0111,
  0x0111, 0x0111, 0x00F1, 0x01F4, 0x0193, 0x0237, 0x2251, 0x2120, 0x10A4, 0x10E6, 0x10E5, 0x10C5,
  0x11A8, 0x1000, 0x0B91, 0x05DB, 0x022A, 0x0000, 0x00A3, 0x0000, 0x0001, 0x0001, 0x0001, 0x0001,
  0x0001, 0x0001, 0x0001, 0x0001, 0x0001, 0x0001, 0x0001, 0x0001, 0x0001, 0x0001, 0x0001, 0x0001,
  0x0001, 0x0001, 0x0001, 0x0001, 0x0001, 0x0001, 0x0001, 0x0001, 0x0001, 0x0001, 0x0001, 0x0001,
  0x0001, 0x0001, 0x0001, 0x0001, 0x0001, 0x0001, 0x0001, 0x0002, 0x0002, 0x0002, 0x0002, 0x0063,
  0x0023, 0x0000, 0x0433, 0x069D, 0x0559, 0x0558, 0x028C, 0x0453, 0x061B, 0x0000, 0x0000, 0x0000,
  0x0557, 0x067D, 0x0559, 0x065D, 0x030E, 0x0000, 0x061C, 0x05BA, 0x0000, 0x022A, 0x05DA, 0x04F6,
  0x0370, 0x0000, 0x0474, 0x065C, 0x0E5C, 0x0E9D, 0x030E, 0x0000, 0x0188, 0x0000, 0x0000, 0x05BA,
  0x03D2, 0x0000, 0x0042, 0x0022, 0x0002, 0x0002, 0x0001, 0x0001, 0x0001, 0x0001, 0x0001, 0x0001,
  0x0001, 0x0001, 0x0001, 0x0001, 0x0001, 0x0001, 0x0001, 0x0001, 0x0001, 0x0001, 0x0001, 0x0001,
  0x0001, 0x0001, 0x0001, 0x0001, 0x0001, 0x0001, 0x0001, 0x0001, 0x0001, 0x0001, 0x0001, 0x0001,
  0x0001, 0x0001, 0x0023, 0x0000, 0x016B, 0x041D, 0x0A92, 0x1800, 0x196A, 0x1127, 0x1107, 0x1927,
  0x0086, 0x422A, 0x8431, 0x8C72, 0x8451, 0x8431, 0x8C51, 0x8C50, 0x9451, 0x8C30, 0x62CB, 0x2000,
  0x3924, 0x30E3, 0x30E3, 0x50E3, 0x0043, 0x30E2, 0xE200, 0xA960, 0x0000, 0x2820, 0x0000, 0x0000,
  0x0000, 0x0000, 0x0000, 0x0000, 0x0000, 0x0000, 0x0000, 0x0000, 0x0000, 0x0000, 0x0000, 0x0000,
  0x0000, 0x0000, 0x0000, 0x0800, 0x0800, 0x0800, 0x0800, 0x0800, 0x0800, 0x0800, 0x0800, 0x0800,
  0x0800, 0x0800, 0x0800, 0x0800, 0x0800, 0x0800, 0x0800, 0x1000, 0x1000, 0x1000, 0x1000, 0x0800,
  0x1820, 0xDB80, 0xD380, 0xCB80, 0xA2C0, 0x0800, 0xE400, 0x71E0, 0x0000, 0x0000, 0x5940, 0xF440,
  0xCB60, 0xEBE0, 0xCB60, 0x0000, 0x9A80, 0xF440, 0x4900, 0x0000, 0xBB20, 0xE3E0, 0x8220, 0x69A0,
  0x28C0, 0xDBE0, 0xE3C0, 0xE3C0, 0xB300, 0x0000, 0x40E0, 0x0000, 0x0000, 0xA2C0, 0xDBE0, 0x4960,
  0x0000, 0x38C0, 0x0000, 0x1000, 0x1000, 0x1000, 0x1000, 0x1000, 0x1000, 0x1000, 0x1000, 0x1000,
  0x1000, 0x1000, 0x1000, 0x1000, 0x1000, 0x1000, 0x1000, 0x1000, 0x1000, 0x1000, 0x0800, 0x0800,
  0x0800, 0x0800, 0x0800, 0x0800, 0x0800, 0x0800, 0x0800, 0x0800, 0x0800, 0x0800, 0x0800, 0x0800,
  0x0800, 0x0800, 0x0800, 0x0800, 0x0800, 0x0800, 0x2860, 0x0000, 0xAA60, 0xDB20, 0x0041, 0x38E2,
  0x30C1, 0x30C1, 0x30C1, 0x30C1, 0x1861, 0x3123, 0x71C2, 0x5000, 0x9A80, 0xFD00, 0xFCE0, 0xFCE0,
  0xFCE0, 0xFCC0, 0xFCA0, 0xFCA0, 0xFCA0, 0xFCA0, 0xFCA0, 0xFCA0, 0xFD00, 0xFD00, 0xFCA0, 0xFC80,
  0xFC80, 0xFC60, 0xFC60, 0xFC60, 0xFC60, 0xFC80, 0xFCA0, 0xFC60, 0xFDC0, 0xFF80, 0xFFA1, 0xFF61,
  0xFF82, 0xFFA2, 0xFFA2, 0xFFA2, 0xFF82, 0xFF82, 0xFF81, 0xFF60, 0xFF40, 0xFF40, 0xFF40, 0xFF20,
  0xFF20, 0xFF00, 0xFF20, 0xFF40, 0xFE60, 0xFCC0, 0xFB60, 0xFB00, 0xFB00, 0xFAE0, 0xFAE0, 0xFAC0,
  0xFAA0, 0xFAA0, 0xFAA0, 0xFAA0,
  0x055F, 0x051F, 0x04FF, 0x04DF, 0x04DF, 0x04DF, 0x04DF, 0x04DF, 0x04BF, 0x049F, 0x049F, 0x047F,
  0x045F, 0x045F, 0x041F, 0x043F, 0x05BF, 0x035B, 0x0018, 0x01F8, 0x0157, 0x0156, 0x0155, 0x0135,
  0x0134, 0x0134, 0x0134, 0x0133, 0x0133, 0x0133, 0x0113, 0x0113, 0x0113, 0x0112, 0x0112, 0x0112,
  0x0112, 0x0112, 0x0112, 0x0112, 0x0111, 0x0111, 0x0111, 0x0111, 0x0111, 0x0111, 0x0111, 0x0111,
  0x0111, 0x00F1, 0x0111, 0x01F3, 0x0193, 0x0237, 0x2210, 0x2100, 0x10C5, 0x10E5, 0x18E5, 0x10C5,
  0x11A8, 0x1000, 0x0BD2, 0x05BB, 0x01E9, 0x0000, 0x00A4, 0x0000, 0x0001, 0x0001, 0x0001, 0x0001,
  0x0001, 0x0001, 0x0001, 0x0001, 0x0001, 0x0001, 0x0001, 0x0001, 0x0001, 0x0001, 0x0001, 0x0001,
  0x0001, 0x0001, 0x0001, 0x0001, 0x0001, 0x0001, 0x0001, 0x0001, 0x0001, 0x0001, 0x0001, 0x0001,
  0x0001, 0x0001, 0x0001, 0x0001, 0x0001, 0x0002, 0x0002, 0x0002, 0x0002, 0x0002, 0x0002, 0x0083,
  0x0002, 0x0000, 0x0515, 0x06DD, 0x00E8, 0x00C5, 0x0000, 0x0474, 0x06BE, 0x04F6, 0x0412, 0x0390,
  0x063B, 0x05BA, 0x03F3, 0x069D, 0x0577, 0x0000, 0x05B9, 0x0578, 0x0000, 0x028C, 0x065C, 0x0558,
  0x0474, 0x02EC, 0x0538, 0x05DA, 0x0350, 0x067C, 0x0495, 0x0000, 0x0126, 0x0000, 0x00C3, 0x065D,
  0x0434, 0x0000, 0x0063, 0x0043, 0x0002, 0x0002, 0x0002, 0x0001, 0x0001, 0x0001, 0x0001, 0x0001,
  0x0001, 0x0001, 0x0001, 0x0001, 0x0001, 0x0001, 0x0001, 0x0001, 0x0001, 0x0001, 0x0001, 0x0001,
  0x0001, 0x0001, 0x0001, 0x0001, 0x0001, 0x0001, 0x0001, 0x0001, 0x0001, 0x0001, 0x0001, 0x0001,
  0x0001, 0x0000, 0x0022, 0x0000, 0x0000, 0x02D4, 0x045E, 0x11ED, 0x1000, 0x1000, 0x1800, 0x1800,
  0x2000, 0x0000, 0x0000, 0x0000, 0x0000, 0x0000, 0x0000, 0x0000, 0x0000, 0x0000, 0x0000, 0x00A4,
  0x0003, 0x0003, 0x0043, 0x0023, 0x00C3, 0xD1E1, 0xD1C0, 0x0000, 0x0000, 0x2020, 0x0000, 0x0000,
  0x0000, 0x0000, 0x0000, 0x0000, 0x0000, 0x0000, 0x0000, 0x0000, 0x0000, 0x0000, 0x0000, 0x0000,
  0x0000, 0x0800, 0x0800, 0x0800, 0x0800, 0x0800, 0x0800, 0x0800, 0x0800, 0x0800, 0x0800, 0x0800,
  0x0800, 0x0800, 0x0800, 0x0800, 0x0800, 0x0800, 0x1000, 0x1000, 0x1000, 0x1000, 0x1800, 0x0800,
  0x2020, 0xEC00, 0x9280, 0x1800, 0x0000, 0x0000, 0xEC00, 0xCB60, 0xA2C0, 0x8220, 0xB300, 0xF460,
  0xA2C0, 0xCB60, 0xEC00, 0x1800, 0x7A00, 0xE3E0, 0x0000, 0x0000, 0xBB40, 0xF420, 0x92A0, 0x9AA0,
  0x8220, 0xE440, 0xAB00, 0xA2A0, 0xE3E0, 0x0000, 0x0000, 0x0000, 0xAAE0, 0xFC40, 0xCB60, 0x8A40,
  0x5960, 0x0000, 0x2860, 0x1000, 0x1000, 0x1000, 0x1000, 0x1000, 0x1000, 0x1000, 0x1000, 0x1000,
  0x1000, 0x1000, 0x1000, 0x1000, 0x1000, 0x1000, 0x1000, 0x1000, 0x1000, 0x1000, 0x1000, 0x1000,
  0x1000, 0x0800, 0x0800, 0x0800, 0x0800, 0x0800, 0x0800, 0x0800, 0x0800, 0x0800, 0x0800, 0x0800,
  0x0800, 0x0800, 0x0800, 0x0800, 0x0800, 0x0800, 0x2860, 0x0000, 0xA240, 0xDB40, 0x0061, 0x38E2,
  0x30C1, 0x30C1, 0x30C1, 0x30C1, 0x2081, 0x2903, 0x6982, 0x5000, 0x9220, 0xFD00, 0xFCE0, 0xFCE0,
  0xFCE0, 0xFCC0, 0xFCC0, 0xFCA0, 0xFCA0, 0xFCA0, 0xFCA0, 0xFCE0, 0xFD00, 0xFCA0, 0xFC80, 0xFC80,
  0xFC60, 0xFC60, 0xFC60, 0xFC60, 0xFC80, 0xFCA0, 0xFC60, 0xFDA0, 0xFF60, 0xFFA0, 0xFF61, 0xFF81,
  0xFF81, 0xFF82, 0xFF82, 0xFF82, 0xFF82, 0xFF81, 0xFF60, 0xFF40, 0xFF40, 0xFF40, 0xFF20, 0xFF00,
  0xFF00, 0xFF40, 0xFF00, 0xFDA0, 0xFBE0, 0xFB00, 0xFB00, 0xFAE0, 0xFAE0, 0xFAE0, 0xFAC0, 0xFAA0,
  0xFAA0, 0xFAA0, 0xFAA0, 0xFAA0,
  0x053F, 0x053F, 0x051F, 0x051F, 0x04FF, 0x04FF, 0x04FF, 0x04FF, 0x04DF, 0x04BF, 0x04BF, 0x049F,
  0x047F, 0x045F, 0x041F, 0x059F, 0x043C, 0x001A, 0x0219, 0x0178, 0x0177, 0x0176, 0x0155, 0x0135,
  0x0134, 0x0134, 0x0134, 0x0133, 0x0133, 0x0133, 0x0113, 0x0113, 0x0112, 0x0112, 0x0112, 0x0112,
  0x0112, 0x0112, 0x0112, 0x0112, 0x0111, 0x0111, 0x0111, 0x0111, 0x0111, 0x0111, 0x0111, 0x0111,
  0x0111, 0x00F1, 0x0131, 0x01F3, 0x0193, 0x0237, 0x220F, 0x20E0, 0x10C5, 0x10E5, 0x10E5, 0x10C5,
  0x11C9, 0x1000, 0x0C34, 0x05BB, 0x0187, 0x0000, 0x00A4, 0x0000, 0x0001, 0x0001, 0x0001, 0x0001,
  0x0001, 0x0001, 0x0001, 0x0001, 0x0001, 0x0001, 0x0001, 0x0001, 0x0001, 0x0001, 0x0001, 0x0001,
  0x0001, 0x0001, 0x0001, 0x0001, 0x0001, 0x0001, 0x0001, 0x0001, 0x0001, 0x0001, 0x0001, 0x0001,
  0x0001, 0x0001, 0x0001, 0x0001, 0x0001, 0x0002, 0x0002, 0x0002, 0x0002, 0x0022, 0x0002, 0x0063,
  0x0002, 0x0000, 0x03F1, 0x0536, 0x0000, 0x0000, 0x0000, 0x034F, 0x0579, 0x0579, 0x04D5, 0x03F1,
  0x0494, 0x026B, 0x0000, 0x0473, 0x04D5, 0x0000, 0x0453, 0x0453, 0x0000, 0x01C8, 0x0517, 0x0579,
  0x0599, 0x0412, 0x03D1, 0x0453, 0x0000, 0x0433, 0x0495, 0x0000, 0x0000, 0x0002, 0x0001, 0x0517,
  0x0350, 0x0000, 0x0043, 0x0023, 0x0002, 0x0002, 0x0002, 0x0002, 0x0001, 0x0001, 0x0001, 0x0001,
  0x0001, 0x0001, 0x0001, 0x0001, 0x0001, 0x0001, 0x0001, 0x0001, 0x0001, 0x0001, 0x0001, 0x0001,
  0x0001, 0x0001, 0x0001, 0x0001, 0x0001, 0x0001, 0x0001, 0x0001, 0x0001, 0x0001, 0x0001, 0x0001,
  0x0001, 0x0001, 0x0000, 0x0023, 0x0000, 0x0000, 0x0378, 0x041D, 0x0AF5, 0x0A0F, 0x11ED, 0x120E,
  0x11ED, 0x19ED, 0x2A0E, 0x2A0D, 0x1A0D, 0x322C, 0x6226, 0x69C3, 0x69C5, 0x69C5, 0x69A4, 0x6962,
  0x6963, 0x6962, 0x6922, 0x9962, 0xE200, 0xE1E0, 0x58A0, 0x0000, 0x2820, 0x0000, 0x0000, 0x0000,
  0x0000, 0x0000, 0x0000, 0x0000, 0x0000, 0x0000, 0x0000, 0x0000, 0x0000, 0x0000, 0x0000, 0x0800,
  0x0800, 0x0800, 0x0800, 0x0800, 0x0800, 0x0800, 0x0800, 0x0800, 0x0800, 0x0800, 0x0800, 0x0800,
  0x0800, 0x0800, 0x0800, 0x0800, 0x0800, 0x0800, 0x1000, 0x1000, 0x1000, 0x1000, 0x1800, 0x1000,
  0x1800, 0xB300, 0x5160, 0x0000, 0x1820, 0x1840, 0xAB00, 0xCB60, 0xC360, 0x9AA0, 0xA2C0, 0xA2C0,
  0x0000, 0x4900, 0xB300, 0x5940, 0x5140, 0xAAE0, 0x2020, 0x0000, 0x8A40, 0xC360, 0xBB60, 0xBB40,
  0x7A00, 0xAB20, 0x7200, 0x2000, 0xC340, 0x71C0, 0x0000, 0x2820, 0x9A80, 0xC320, 0xB2C0, 0xB2E0,
  0x6180, 0x0000, 0x2880, 0x1000, 0x1000, 0x1000, 0x1000, 0x1000, 0x1000, 0x1000, 0x1000, 0x1000,
  0x1000, 0x1000, 0x1000, 0x1000, 0x1000, 0x1000, 0x1000, 0x1000, 0x1000, 0x1000, 0x1000, 0x1000,
  0x1000, 0x1000, 0x1000, 0x1000, 0x0800, 0x0800, 0x0800, 0x0800, 0x0800, 0x0800, 0x0800, 0x0800,
  0x0800, 0x0800, 0x0800, 0x0800, 0x0800, 0x0800, 0x2860, 0x0000, 0x9220, 0xE360, 0x28C1, 0x30C2,
  0x30E2, 0x30C1, 0x30C2, 0x30E2, 0x20A1, 0x2903, 0x6981, 0x5060, 0x81E0, 0xF500, 0xFD00, 0xFCE0,
  0xFCE0, 0xFCE0, 0xFCC0, 0xFCC0, 0xFCC0, 0xFCC0, 0xFCE0, 0xFD00, 0xFCC0, 0xFCA0, 0xFC80, 0xFC80,
  0xFC60, 0xFC60, 0xFC80, 0xFC80, 0xFCA0, 0xFC80, 0xFDA0, 0xFF60, 0xFF80, 0xFF61, 0xFF81, 0xFF81,
  0xFF81, 0xFF82, 0xFF82, 0xFF81, 0xFF81, 0xFF60, 0xFF40, 0xFF40, 0xFF40, 0xFF20, 0xFF00, 0xFF20,
  0xFF60, 0xFE80, 0xFCC0, 0xFB20, 0xFAE0, 0xFAE0, 0xFAE0, 0xFAE0, 0xFAC0, 0xFAC0, 0xFAC0, 0xFAA0,
  0xFAA0, 0xFAA0, 0xFAA0, 0xFAA0,
  0x057F, 0x055F, 0x053F, 0x053F, 0x053F, 0x051F, 0x051F, 0x051F, 0x04FF, 0x04FF, 0x04DF, 0x04BF,
  0x049F, 0x043F, 0x059F, 0x04FD, 0x001A, 0x01FA, 0x0198, 0x0178, 0x0177, 0x0156, 0x0155, 0x0155,
  0x0135, 0x0134, 0x0134, 0x0133, 0x0133, 0x0133, 0x0133, 0x0113, 0x0112, 0x0112, 0x0112, 0x0112,
  0x0112, 0x0112, 0x0112, 0x0111, 0x0111, 0x0111, 0x0111, 0x0111, 0x0111, 0x0111, 0x0111, 0x0111,
  0x0111, 0x00F1, 0x0131, 0x0213, 0x0193, 0x0A57, 0x220F, 0x20E0, 0x10C6, 0x10E5, 0x10E5, 0x10C5,
  0x19C9, 0x1000, 0x0C96, 0x059A, 0x0125, 0x0000, 0x00A4, 0x0000, 0x0001, 0x0001, 0x0001, 0x0001,
  0x0001, 0x0001, 0x0001, 0x0001, 0x0001, 0x0001, 0x0001, 0x0001, 0x0001, 0x0001, 0x0001, 0x0001,
  0x0001, 0x0001, 0x0001, 0x0001, 0x0001, 0x0001, 0x0001, 0x0001, 0x0001, 0x0001, 0x0001, 0x0001,
  0x0001, 0x0001, 0x0001, 0x0001, 0x0002, 0x0002, 0x0002, 0x0002, 0x0022, 0x0022, 0x0023, 0x0023,
  0x0023, 0x0063, 0x0002, 0x0003, 0x0126, 0x00E6, 0x0084, 0x0003, 0x0003, 0x00A5, 0x00A5, 0x0084,
  0x0000, 0x0000, 0x0000, 0x0000, 0x0044, 0x00A4, 0x0000, 0x0001, 0x0043, 0x0023, 0x0003, 0x00C6,
  0x0127, 0x00E6, 0x0000, 0x0002, 0x00A4, 0x0000, 0x0023, 0x00A4, 0x0003, 0x0044, 0x0044, 0x0002,
  0x0003, 0x0044, 0x0023, 0x0022, 0x0022, 0x0002, 0x0002, 0x0002, 0x0002, 0x0001, 0x0001, 0x0001,
  0x0001, 0x0001, 0x0001, 0x0001, 0x0001, 0x0001, 0x0001, 0x0001, 0x0001, 0x0001, 0x0001, 0x0001,
  0x0001, 0x0001, 0x0001, 0x0001, 0x0001, 0x0001, 0x0001, 0x0001, 0x0001, 0x0001, 0x0001, 0x0001,
  0x0001, 0x0001, 0x0001, 0x0001, 0x0023, 0x0000, 0x0000, 0x0293, 0x0359, 0x03BB, 0x03FB, 0x03FB,
  0x03DB, 0x03BA, 0x039A, 0x239A, 0x03BB, 0x43FA, 0xCBAA, 0xE300, 0xDB05, 0xE2E0, 0xDAC0, 0xDAA0,
  0xDAA0, 0xDA81, 0xE240, 0xD9E0, 0xB960, 0x5080, 0x0001, 0x2000, 0x0000, 0x0000, 0x0000, 0x0000,
  0x0000, 0x0000, 0x0000, 0x0000, 0x0000, 0x0000, 0x0000, 0x0000, 0x0000, 0x0000, 0x0800, 0x0800,
  0x0800, 0x0800, 0x0800, 0x1000, 0x1000, 0x1000, 0x1000, 0x1000, 0x1000, 0x1000, 0x1000, 0x1000,
  0x1000, 0x0800, 0x1000, 0x1000, 0x1000, 0x1000, 0x1000, 0x1000, 0x1000, 0x1800, 0x1800, 0x1800,
  0x1000, 0x0000, 0x2840, 0x3080, 0x2840, 0x1800, 0x0800, 0x2840, 0x3880, 0x3060, 0x2000, 0x0000,
  0x0000, 0x0000, 0x0000, 0x2040, 0x0000, 0x0000, 0x1800, 0x2000, 0x0000, 0x0000, 0x2880, 0x2860,
  0x1000, 0x0000, 0x2840, 0x1800, 0x0800, 0x3880, 0x1800, 0x2820, 0x0000, 0x0000, 0x2880, 0x2860,
  0x1800, 0x1800, 0x1800, 0x1800, 0x1000, 0x1000, 0x1000, 0x1000, 0x1000, 0x1000, 0x1000, 0x1000,
  0x1000, 0x1000, 0x1000, 0x1000, 0x1000, 0x1000, 0x1000, 0x1000, 0x1000, 0x1000, 0x1000, 0x1000,
  0x1000, 0x1000, 0x1000, 0x1000, 0x0800, 0x0800, 0x0800, 0x0800, 0x0800, 0x0800, 0x0800, 0x0800,
  0x0800, 0x0800, 0x0800, 0x0800, 0x0800, 0x0800, 0x2040, 0x0000, 0x81C0, 0xEB80, 0x4101, 0x30C2,
  0x38E2, 0x30E1, 0x30E1, 0x30E2, 0x20A1, 0x18E3, 0x6982, 0x50A0, 0x8180, 0xF4E0, 0xFD00, 0xFCE0,
  0xFCE0, 0xFCE0, 0xFCC0, 0xFCC0, 0xFCC0, 0xFCE0, 0xFD00, 0xFCE0, 0xFCA0, 0xFCA0, 0xFC80, 0xFC80,
  0xFC80, 0xFC80, 0xFC80, 0xFCC0, 0xFC80, 0xFD80, 0xFF40, 0xFF80, 0xFF60, 0xFF81, 0xFF81, 0xFF81,
  0xFF81, 0xFF81, 0xFF81, 0xFF61, 0xFF60, 0xFF40, 0xFF40, 0xFF40, 0xFF20, 0xFF00, 0xFF60, 0xFF20,
  0xFDC0, 0xFBC0, 0xFAA0, 0xFAE0, 0xFB00, 0xFAE0, 0xFAC0, 0xFAC0, 0xFAC0, 0xFAA0, 0xFAA0, 0xFAA0,
  0xFAA0, 0xFAA0, 0xFAA0, 0xFA80,
  0x059F, 0x057F, 0x055F, 0x055F, 0x055F, 0x053F, 0x053F, 0x051F, 0x051F, 0x051F, 0x04FF, 0x04DF,
  0x047F, 0x053F, 0x059E, 0x00BC, 0x019A, 0x01D9, 0x0178, 0x0178, 0x0177, 0x0156, 0x0155, 0x0155,
  0x0155, 0x0134, 0x0134, 0x0133, 0x0133, 0x0133, 0x0133, 0x0113, 0x0112, 0x0112, 0x0112, 0x0112,
  0x0112, 0x0112, 0x0112, 0x0112, 0x0111, 0x0111, 0x0111, 0x0111, 0x0111, 0x00F1, 0x0111, 0x0111,
  0x0111, 0x00D0, 0x0152, 0x0213, 0x0193, 0x1257, 0x2A0E, 0x20E0, 0x10C6, 0x10E5, 0x10E5, 0x18C5,
  0x19C9, 0x1000, 0x0CD7, 0x0559, 0x0062, 0x0000, 0x00A4, 0x0000, 0x0001, 0x0001, 0x0001, 0x0001,
  0x0001, 0x0001, 0x0001, 0x0001, 0x0001, 0x0001, 0x0001, 0x0001, 0x0001, 0x0001, 0x0001, 0x0001,
  0x0001, 0x0001, 0x0001, 0x0001, 0x0001, 0x0001, 0x0001, 0x0001, 0x0002, 0x0002, 0x0002, 0x0002,
  0x0002, 0x0002, 0x0002, 0x0002, 0x0002, 0x0002, 0x0002, 0x0022, 0x0023, 0x0023, 0x0043, 0x0043,
  0x0044, 0x0064, 0x0002, 0x0000, 0x0044, 0x0024, 0x0064, 0x0003, 0x0000, 0x0000, 0x0000, 0x0000,
  0x0000, 0x0084, 0x00E5, 0x0001, 0x0000, 0x0002, 0x0000, 0x0000, 0x0063, 0x0002, 0x0000, 0x0000,
  0x0000, 0x0000, 0x0001, 0x0000, 0x0084, 0x0002, 0x0000, 0x0023, 0x0064, 0x0044, 0x0044, 0x0000,
  0x0002, 0x0064, 0x0043, 0x0023, 0x0023, 0x0022, 0x0002, 0x0002, 0x0002, 0x0002, 0x0002, 0x0002,
  0x0002, 0x0002, 0x0001, 0x0001, 0x0001, 0x0001, 0x0001, 0x0001, 0x0001, 0x0001, 0x0001, 0x0001,
  0x0001, 0x0001, 0x0001, 0x0001, 0x0001, 0x0001, 0x0001, 0x0001, 0x0001, 0x0001, 0x0001, 0x0001,
  0x0001, 0x0001, 0x0001, 0x0001, 0x0001, 0x0043, 0x0000, 0x0000, 0x00A6, 0x01CD, 0x020F, 0x020F,
  0x01EE, 0x01EE, 0x01CD, 0x09EE, 0x01EF, 0x220E, 0x69C5, 0x7980, 0x7982, 0x7980, 0x7961, 0x7940,
  0x7940, 0x7940, 0x7920, 0x5080, 0x0000, 0x0000, 0x1800, 0x0800, 0x0000, 0x0000, 0x0000, 0x0000,
  0x0000, 0x0000, 0x0000, 0x0000, 0x0000, 0x0000, 0x0000, 0x0000, 0x0000, 0x0800, 0x0800, 0x0800,
  0x1000, 0x1000, 0x1000, 0x1000, 0x1000, 0x1800, 0x1800, 0x1800, 0x1800, 0x1800, 0x1000, 0x1000,
  0x1000, 0x1000, 0x1000, 0x1000, 0x1000, 0x1000, 0x1000, 0x1800, 0x1800, 0x1800, 0x1800, 0x1800,
  0x2000, 0x0000, 0x1800, 0x2000, 0x2000, 0x2020, 0x0000, 0x0000, 0x0000, 0x0000, 0x0000, 0x0800,
  0x2860, 0x2040, 0x0000, 0x0000, 0x1000, 0x0000, 0x1800, 0x1800, 0x0000, 0x0000, 0x0000, 0x0000,
  0x0000, 0x0000, 0x0800, 0x2840, 0x0000, 0x0800, 0x2840, 0x2000, 0x0000, 0x0000, 0x0000, 0x0000,
  0x1800, 0x2020, 0x1800, 0x1800, 0x1800, 0x1800, 0x1800, 0x1000, 0x1000, 0x1000, 0x1800, 0x1800,
  0x1800, 0x1800, 0x1800, 0x1800, 0x1800, 0x1800, 0x1800, 0x1800, 0x1800, 0x1800, 0x1800, 0x1000,
  0x1000, 0x1000, 0x1000, 0x1000, 0x0800, 0x0800, 0x0800, 0x0800, 0x0800, 0x0800, 0x0800, 0x0800,
  0x0800, 0x0800, 0x0800, 0x0800, 0x0800, 0x0800, 0x2040, 0x0000, 0x7180, 0xEB80, 0x5141, 0x28A2,
  0x38E2, 0x30E1, 0x30E2, 0x30E2, 0x28A1, 0x10C3, 0x6982, 0x58C0, 0x7940, 0xECC0, 0xFD20, 0xFCE0,
  0xFCE0, 0xFCE0, 0xFCE0, 0xFCC0, 0xFCE0, 0xFD20, 0xFD00, 0xFCC0, 0xFCA0, 0xFCA0, 0xFC80, 0xFC80,
  0xFC80, 0xFCA0, 0xFCC0, 0xFCA0, 0xFD60, 0xFF40, 0xFF80, 0xFF60, 0xFF60, 0xFF81, 0xFF81, 0xFF81,
  0xFF81, 0xFF81, 0xFF61, 0xFF60, 0xFF40, 0xFF40, 0xFF20, 0xFF00, 0xFF20, 0xFF60, 0xFE80, 0xFCA0,
  0xFAE0, 0xFAA0, 0xFAE0, 0xFAE0, 0xFAE0, 0xFAC0, 0xFAC0, 0xFAA0, 0xFAA0, 0xFAA0, 0xFAA0, 0xFAA0,
  0xFA80, 0xFAA0, 0xFA80, 0xFA80,
  0x05BF, 0x059F, 0x057F, 0x057F, 0x055F, 0x055F, 0x053F, 0x053F, 0x053F, 0x051F, 0x051F, 0x04DF,
  0x051F, 0x05DF, 0x027D, 0x00DB, 0x021A, 0x0179, 0x0198, 0x0178, 0x0177, 0x0176, 0x0156, 0x0155,
  0x0135, 0x0134, 0x0134, 0x0134, 0x0133, 0x0133, 0x0133, 0x0112, 0x0112, 0x0112, 0x0112, 0x0112,
  0x0112, 0x0112, 0x0112, 0x0111, 0x0111, 0x0111, 0x0111, 0x00F1, 0x0111, 0x0111, 0x0111, 0x0111,
  0x0111, 0x00D0, 0x0172, 0x0213, 0x0193, 0x1236, 0x21CC, 0x18C0, 0x10E6, 0x10E5, 0x10E5, 0x18C5,
  0x19A9, 0x1000, 0x0CF8, 0x04F8, 0x0000, 0x0000, 0x0083, 0x0000, 0x0001, 0x0001, 0x0001, 0x0001,
  0x0001, 0x0001, 0x0001, 0x0001, 0x0001, 0x0001, 0x0001, 0x0001, 0x0001, 0x0001, 0x0001, 0x0001,
  0x0001, 0x0001, 0x0001, 0x0001, 0x0001, 0x0001, 0x0002, 0x0002, 0x0002, 0x0002, 0x0002, 0x0002,
  0x0002, 0x0022, 0x0002, 0x0002, 0x0002, 0x0002, 0x0002, 0x0023, 0x0023, 0x0003, 0x0003, 0x0004,
  0x0004, 0x0004, 0x0085, 0x00C6, 0x0004, 0x0005, 0x0005, 0x0065, 0x00E6, 0x00C6, 0x00A5, 0x00A5,
  0x00C5, 0x0043, 0x0002, 0x00A4, 0x00C4, 0x0002, 0x0084, 0x0084, 0x0001, 0x0022, 0x00C4, 0x00E5,
  0x00E5, 0x00A4, 0x0064, 0x0085, 0x0003, 0x0085, 0x00A5, 0x0004, 0x0004, 0x0004, 0x0004, 0x00C5,
  0x0044, 0x0003, 0x0003, 0x0003, 0x0023, 0x0023, 0x0022, 0x0002, 0x0002, 0x0002, 0x0022, 0x0002,
  0x0002, 0x0002, 0x0002, 0x0002, 0x0002, 0x0001, 0x0001, 0x0001, 0x0001, 0x0001, 0x0002, 0x0002,
  0x0002, 0x0002, 0x0001, 0x0001, 0x0001, 0x0001, 0x0001, 0x0001, 0x0001, 0x0001, 0x0001, 0x0001,
  0x0001, 0x0001, 0x0001, 0x0001, 0x0001, 0x0000, 0x0044, 0x0002, 0x0000, 0x0000, 0x0000, 0x0000,
  0x0000, 0x0000, 0x0000, 0x0000, 0x0800, 0x0000, 0x0000, 0x0002, 0x0000, 0x0001, 0x0001, 0x0001,
  0x0001, 0x0000, 0x0001, 0x0001, 0x0000, 0x2000, 0x0000, 0x0000, 0x0000, 0x0000, 0x0000, 0x0000,
  0x0000, 0x0000, 0x0000, 0x0000, 0x0000, 0x0000, 0x0000, 0x0000, 0x0800, 0x0800, 0x1000, 0x0800,
  0x0800, 0x1000, 0x1000, 0x1000, 0x1800, 0x1800, 0x1800, 0x1800, 0x1800, 0x1800, 0x1800, 0x1000,
  0x1000, 0x1000, 0x1000, 0x1000, 0x1000, 0x1000, 0x1800, 0x1800, 0x1800, 0x1800, 0x2000, 0x2000,
  0x2800, 0x3040, 0x2800, 0x2000, 0x2000, 0x2000, 0x2840, 0x3060, 0x3060, 0x2020, 0x2840, 0x2040,
  0x1000, 0x1800, 0x2040, 0x1820, 0x1800, 0x2040, 0x1000, 0x1000, 0x2020, 0x2860, 0x2860, 0x2860,
  0x2020, 0x2840, 0x2020, 0x2000, 0x3040, 0x2820, 0x2000, 0x2000, 0x2820, 0x3040, 0x3040, 0x3040,
  0x2800, 0x2000, 0x2000, 0x1800, 0x1800, 0x1800, 0x1800, 0x1800, 0x1800, 0x1800, 0x1800, 0x1800,
  0x1800, 0x1800, 0x1800, 0x1800, 0x1800, 0x1800, 0x1800, 0x1800, 0x1800, 0x1800, 0x1000, 0x1000,
  0x1000, 0x1000, 0x1000, 0x1000, 0x1000, 0x1000, 0x0800, 0x0800, 0x0800, 0x0800, 0x0800, 0x0800,
  0x0800, 0x0800, 0x0800, 0x0800, 0x0800, 0x0800, 0x2020, 0x0000, 0x5940, 0xF380, 0x6981, 0x20A2,
  0x38E2, 0x38E2, 0x30E2, 0x30E2, 0x28A1, 0x08C3, 0x6162, 0x58E0, 0x70E0, 0xE4C0, 0xFD20, 0xFCE0,
  0xFD00, 0xFD00, 0xFCE0, 0xFCE0, 0xFD00, 0xFD00, 0xFCE0, 0xFCC0, 0xFCA0, 0xFCA0, 0xFC80, 0xFC80,
  0xFCA0, 0xFCE0, 0xFCA0, 0xFD60, 0xFF20, 0xFF80, 0xFF60, 0xFF60, 0xFF60, 0xFF61, 0xFF81, 0xFF81,
  0xFF61, 0xFF60, 0xFF60, 0xFF40, 0xFF40, 0xFF20, 0xFF00, 0xFF60, 0xFF20, 0xFDA0, 0xFBA0, 0xFAA0,
  0xFAE0, 0xFB00, 0xFAE0, 0xFAC0, 0xFAC0, 0xFAC0, 0xFAA0, 0xFAA0, 0xFAA0, 0xFAA0, 0xFAA0, 0xFAA0,
  0xFAA0, 0xFAA0, 0xFA80, 0xFA80,
  0x05DF, 0x05BF, 0x059F, 0x057F, 0x055F, 0x055F, 0x055F, 0x055F, 0x053F, 0x053F, 0x051F, 0x04FF,
  0x061F, 0x039E, 0x001C, 0x023B, 0x019A, 0x019A, 0x0199, 0x0178, 0x0176, 0x0156, 0x0156, 0x0155,
  0x0135, 0x0134, 0x0134, 0x0134, 0x0134, 0x0133, 0x0133, 0x0133, 0x0112, 0x0112, 0x0112, 0x0112,
  0x0112, 0x0112, 0x0112, 0x0111, 0x0111, 0x0111, 0x0111, 0x0111, 0x0111, 0x0111, 0x0111, 0x0111,
  0x0131, 0x00D0, 0x0193, 0x01F3, 0x0193, 0x0A56, 0x21CB, 0x18C0, 0x10E6, 0x10E5, 0x10E5, 0x18E5,
  0x1988, 0x1000, 0x0519, 0x04B8, 0x0000, 0x0000, 0x0083, 0x0000, 0x0001, 0x0001, 0x0001, 0x0001,
  0x0001, 0x0001, 0x0001, 0x0001, 0x0001, 0x0001, 0x0001, 0x0001, 0x0001, 0x0001, 0x0001, 0x0001,
  0x0001, 0x0001, 0x0001, 0x0001, 0x0002, 0x0002, 0x0002, 0x0002, 0x0002, 0x0002, 0x0022, 0x0023,
  0x0023, 0x0002, 0x0002, 0x0022, 0x0002, 0x0022, 0x0023, 0x0002, 0x0084, 0x0187, 0x01C8, 0x01C8,
  0x01C9, 0x01C9, 0x01C9, 0x01C9, 0x01C9, 0x01C9, 0x01C9, 0x01C9, 0x01A9, 0x01C9, 0x0188, 0x0045,
  0x0003, 0x0043, 0x0023, 0x0002, 0x0002, 0x0002, 0x0002, 0x0002, 0x0002, 0x0002, 0x0002, 0x0002,
  0x0002, 0x0023, 0x0167, 0x01A8, 0x01A8, 0x01A8, 0x01A9, 0x01C9, 0x01C9, 0x01C9, 0x01C9, 0x01A8,
  0x01A8, 0x01A8, 0x01A8, 0x01A8, 0x0064, 0x0003, 0x0023, 0x0023, 0x0022, 0x0022, 0x0002, 0x0002,
  0x0022, 0x0022, 0x0022, 0x0002, 0x0002, 0x0002, 0x0002, 0x0002, 0x0002, 0x0002, 0x0002, 0x0002,
  0x0002, 0x0000, 0x0001, 0x0002, 0x0001, 0x0001, 0x0001, 0x0001, 0x0001, 0x0001, 0x0001, 0x0001,
  0x0001, 0x0001, 0x0001, 0x0001, 0x0001, 0x0001, 0x0000, 0x0022, 0x0064, 0x0064, 0x0064, 0x0064,
  0x0064, 0x0064, 0x0044, 0x0044, 0x0044, 0x08A4, 0x20A3, 0x2020, 0x1841, 0x2020, 0x2021, 0x2021,
  0x2021, 0x2021, 0x2021, 0x2001, 0x1800, 0x0000, 0x0000, 0x0000, 0x0000, 0x0000, 0x0000, 0x0000,
  0x0000, 0x0000, 0x0000, 0x0000, 0x0000, 0x0000, 0x0800, 0x0800, 0x0800, 0x1000, 0x0800, 0x30C0,
  0x40E0, 0x40E0, 0x40E0, 0x40E0, 0x40E0, 0x40E0, 0x40E0, 0x40E0, 0x40E0, 0x40E0, 0x40E0, 0x40E0,
  0x30A0, 0x1000, 0x1800, 0x1800, 0x1800, 0x1800, 0x2000, 0x1800, 0x38E0, 0x4900, 0x48E0, 0x4900,
  0x4900, 0x4900, 0x4900, 0x4900, 0x4900, 0x4900, 0x4900, 0x4100, 0x4100, 0x4100, 0x2840, 0x1800,
  0x2020, 0x1800, 0x1000, 0x1000, 0x1000, 0x1000, 0x1000, 0x1000, 0x1000, 0x1000, 0x1800, 0x1800,
  0x1800, 0x38A0, 0x4100, 0x40E0, 0x48E0, 0x4900, 0x4900, 0x4900, 0x4900, 0x4900, 0x4900, 0x4900,
  0x4900, 0x4100, 0x4100, 0x3080, 0x1800, 0x2020, 0x1800, 0x1800, 0x1800, 0x1000, 0x2880, 0x4100,
  0x40E0, 0x40E0, 0x40E0, 0x40E0, 0x40E0, 0x40E0, 0x40E0, 0x40E0, 0x40C0, 0x40C0, 0x40C0, 0x38C0,
  0x2040, 0x1000, 0x1000, 0x1000, 0x1000, 0x1000, 0x1000, 0x0800, 0x0800, 0x0800, 0x0800, 0x0800,
  0x0800, 0x0800, 0x0800, 0x0800, 0x0800, 0x0800, 0x1820, 0x0000, 0x40E0, 0xEB80, 0x79C1, 0x1062,
  0x38E2, 0x30E2, 0x30E2, 0x30E2, 0x28A1, 0x08A3, 0x6162, 0x6100, 0x6060, 0xE480, 0xFD40, 0xFD00,
  0xFD00, 0xFD00, 0xFD00, 0xFD00, 0xFD00, 0xFCE0, 0xFCC0, 0xFCC0, 0xFCC0, 0xFCA0, 0xFCA0, 0xFCA0,
  0xFCE0, 0xFCC0, 0xFD40, 0xFF00, 0xFF80, 0xFF40, 0xFF60, 0xFF60, 0xFF60, 0xFF60, 0xFF81, 0xFF60,
  0xFF60, 0xFF60, 0xFF60, 0xFF40, 0xFF00, 0xFF40, 0xFF60, 0xFE80, 0xFC80, 0xFAE0, 0xFAC0, 0xFB00,
  0xFAE0, 0xFAC0, 0xFAC0, 0xFAA0, 0xFAA0, 0xFAA0, 0xFAA0, 0xFAA0, 0xFAA0, 0xFAA0, 0xFAA0, 0xFAA0,
  0xFAA0, 0xFA80, 0xFA80, 0xFA80,
  0x061F, 0x05DF, 0x05BF, 0x059F, 0x057F, 0x057F, 0x057F, 0x057F, 0x055F, 0x053F, 0x04FF, 0x05FF,
  0x047F, 0x001D, 0x025C, 0x01DC, 0x01BA, 0x019A, 0x0199, 0x0178, 0x0177, 0x0156, 0x0156, 0x0155,
  0x0135, 0x0134, 0x0134, 0x0134, 0x0134, 0x0133, 0x0133, 0x0133, 0x0133, 0x0112, 0x0112, 0x0112,
  0x0112, 0x0112, 0x0111, 0x0111, 0x0111, 0x0111, 0x0111, 0x0111, 0x0111, 0x0111, 0x0111, 0x0111,
  0x0131, 0x00B0, 0x0193, 0x01F3, 0x0193, 0x1255, 0x29CB, 0x18C0, 0x10E6, 0x10E5, 0x10E5, 0x10E5,
  0x1988, 0x1000, 0x055A, 0x0497, 0x0000, 0x0000, 0x0083, 0x0000, 0x0001, 0x0001, 0x0001, 0x0001,
  0x0001, 0x0001, 0x0001, 0x0001, 0x0001, 0x0001, 0x0001, 0x0001, 0x0001, 0x0001, 0x0001, 0x0001,
  0x0001, 0x0001, 0x0001, 0x0001, 0x0001, 0x0002, 0x0002, 0x0002, 0x0002, 0x0002, 0x0023, 0x0023,
  0x0003, 0x0126, 0x0126, 0x0002, 0x0043, 0x0023, 0x0003, 0x0084, 0x0004, 0x0000, 0x0000, 0x0000,
  0x0004, 0x0005, 0x0005, 0x0006, 0x0007, 0x0007, 0x0006, 0x0004, 0x0002, 0x0000, 0x0000, 0x0107,
  0x00E6, 0x0003, 0x0043, 0x0023, 0x0022, 0x0002, 0x0002, 0x0002, 0x0002, 0x0022, 0x0022, 0x0002,
  0x0064, 0x0024, 0x0000, 0x0000, 0x0000, 0x0000, 0x0000, 0x0000, 0x0000, 0x0000, 0x0000, 0x0000,
  0x0000, 0x0000, 0x0000, 0x0000, 0x00C6, 0x00E6, 0x0003, 0x0023, 0x0043, 0x0002, 0x0126, 0x0126,
  0x0002, 0x0023, 0x0023, 0x0022, 0x0002, 0x0002, 0x0002, 0x0002, 0x0002, 0x0002, 0x0022, 0x0002,
  0x0022, 0x0187, 0x00A4, 0x0001, 0x0002, 0x0002, 0x0001, 0x0001, 0x0001, 0x0001, 0x0001, 0x0001,
  0x0001, 0x0001, 0x0001, 0x0001, 0x0001, 0x0001, 0x0001, 0x0000, 0x0000, 0x0000, 0x0000, 0x0000,
  0x0000, 0x0000, 0x0000, 0x0001, 0x0001, 0x0000, 0x0000, 0x0042, 0x0000, 0x0001, 0x0001, 0x0001,
  0x0001, 0x0000, 0x0000, 0x0000, 0x0000, 0x0000, 0x0000, 0x0000, 0x0000, 0x0000, 0x0000, 0x0000,
  0x0000, 0x0000, 0x0000, 0x0000, 0x0000, 0x0000, 0x0800, 0x0800, 0x0800, 0x1820, 0x2880, 0x0000,
  0x0000, 0x0000, 0x0000, 0x0000, 0x0000, 0x0000, 0x0000, 0x0000, 0x0000, 0x0000, 0x0000, 0x0000,
  0x0000, 0x30A0, 0x2020, 0x1800, 0x1800, 0x2000, 0x2000, 0x38E0, 0x0000, 0x0000, 0x0000, 0x0000,
  0x0000, 0x0000, 0x0000, 0x0000, 0x0000, 0x0000, 0x0000, 0x0000, 0x0000, 0x0000, 0x2800, 0x30A0,
  0x1800, 0x2020, 0x1800, 0x1800, 0x1000, 0x1000, 0x1000, 0x1000, 0x1800, 0x1800, 0x1800, 0x2040,
  0x30A0, 0x0000, 0x0000, 0x0000, 0x0000, 0x0000, 0x0000, 0x0000, 0x0000, 0x0000, 0x0000, 0x0000,
  0x0000, 0x0000, 0x0000, 0x0000, 0x2860, 0x2000, 0x2000, 0x1800, 0x1800, 0x38C0, 0x0000, 0x0000,
  0x0000, 0x0000, 0x0000, 0x0000, 0x0000, 0x0000, 0x0000, 0x0000, 0x0000, 0x0000, 0x0000, 0x0000,
  0x0000, 0x2020, 0x1000, 0x1000, 0x1000, 0x1000, 0x1000, 0x0800, 0x0800, 0x0800, 0x0800, 0x0800,
  0x0800, 0x0800, 0x0800, 0x0800, 0x0800, 0x0800, 0x1000, 0x0000, 0x1840, 0xEB80, 0x8A21, 0x0042,
  0x38E1, 0x30C1, 0x30C1, 0x30C2, 0x28A1, 0x00A2, 0x6182, 0x6120, 0x6000, 0xDC60, 0xFD40, 0xFD00,
  0xFD00, 0xFD00, 0xFD20, 0xFD20, 0xFCE0, 0xFCE0, 0xFCC0, 0xFCC0, 0xFCC0, 0xFCC0, 0xFCC0, 0xFCE0,
  0xFCC0, 0xFD40, 0xFF00, 0xFF60, 0xFF40, 0xFF60, 0xFF60, 0xFF60, 0xFF60, 0xFF60, 0xFF60, 0xFF60,
  0xFF60, 0xFF60, 0xFF40, 0xFF20, 0xFF60, 0xFF40, 0xFDA0, 0xFB80, 0xFAA0, 0xFB00, 0xFB00, 0xFAE0,
  0xFAC0, 0xFAA0, 0xFAA0, 0xFAA0, 0xFAA0, 0xFAA0, 0xFAA0, 0xFAA0, 0xFAA0, 0xFAA0, 0xFAA0, 0xFAA0,
  0xFAA0, 0xFA80, 0xFA80, 0xFA80,
  0x065F, 0x0E1F, 0x05FF, 0x05BF, 0x059F, 0x057F, 0x057F, 0x057F, 0x057F, 0x053F, 0x05DF, 0x053F,
  0x001E, 0x023D, 0x01FC, 0x01DC, 0x01BB, 0x01BA, 0x0199, 0x0177, 0x0177, 0x0156, 0x0156, 0x0155,
  0x0135, 0x0134, 0x0134, 0x0134, 0x0134, 0x0134, 0x0133, 0x0133, 0x0133, 0x0133, 0x0112, 0x0132,
  0x0112, 0x0112, 0x0111, 0x0111, 0x0111, 0x0111, 0x0111, 0x0111, 0x0111, 0x0111, 0x0111, 0x0111,
  0x0131, 0x00B0, 0x01B3, 0x01F3, 0x01B4, 0x1235, 0x29AA, 0x18C0, 0x10E6, 0x10E5, 0x10E5, 0x1105,
  0x1947, 0x1000, 0x057B, 0x0475, 0x0000, 0x0000, 0x0063, 0x0000, 0x0001, 0x0001, 0x0001, 0x0001,
  0x0001, 0x0001, 0x0001, 0x0001, 0x0001, 0x0001, 0x0001, 0x0001, 0x0001, 0x0001, 0x0001, 0x0001,
  0x0001, 0x0002, 0x0002, 0x0002, 0x0002, 0x0002, 0x0022, 0x0023, 0x0023, 0x0043, 0x0023, 0x0024,
  0x0167, 0x0000, 0x0000, 0x00E5, 0x0003, 0x0023, 0x0064, 0x0004, 0x00C7, 0x0412, 0x0557, 0x0557,
  0x0577, 0x0578, 0x0578, 0x0578, 0x0578, 0x0558, 0x0557, 0x0578, 0x0557, 0x0598, 0x04B5, 0x0008,
  0x0006, 0x0106, 0x0003, 0x0023, 0x0022, 0x0002, 0x0002, 0x0002, 0x0002, 0x0002, 0x0002, 0x0063,
  0x0064, 0x0003, 0x03B0, 0x0516, 0x0536, 0x0536, 0x0537, 0x0537, 0x0537, 0x0537, 0x0536, 0x0536,
  0x0537, 0x0536, 0x0557, 0x04D5, 0x00C8, 0x0002, 0x00A5, 0x0043, 0x0003, 0x00E5, 0x0000, 0x0000,
  0x0147, 0x0024, 0x0023, 0x0023, 0x0023, 0x0023, 0x0022, 0x0022, 0x0022, 0x0023, 0x0002, 0x0084,
  0x0146, 0x0000, 0x0000, 0x0063, 0x0002, 0x0002, 0x0002, 0x0001, 0x0001, 0x0001, 0x0001, 0x0001,
  0x0001, 0x0001, 0x0001, 0x0001, 0x0001, 0x0001, 0x0001, 0x0001, 0x0001, 0x0001, 0x0001, 0x0001,
  0x0001, 0x0001, 0x0001, 0x0001, 0x0000, 0x2125, 0x2966, 0x0000, 0x0021, 0x0001, 0x0001, 0x0001,
  0x0001, 0x0001, 0x0001, 0x0000, 0x0000, 0x0000, 0x0000, 0x0000, 0x0000, 0x0000, 0x0000, 0x0000,
  0x0000, 0x0000, 0x0000, 0x0000, 0x0000, 0x0800, 0x0800, 0x0800, 0x1820, 0x2040, 0x0000, 0x8260,
  0xB320, 0xB340, 0xBB60, 0xBB60, 0xBB60, 0xB340, 0xB340, 0xB340, 0xB360, 0xBB60, 0xBB60, 0xBB60,
  0x8260, 0x2000, 0x2820, 0x2020, 0x2000, 0x2000, 0x30A0, 0x0000, 0x8280, 0xB360, 0xB360, 0xBB80,
  0xBB80, 0xBB80, 0xBB60, 0xBB60, 0xBB60, 0xBB60, 0xBB80, 0xBB80, 0xB360, 0xA300, 0x48C0, 0x2000,
  0x3080, 0x2000, 0x1800, 0x1800, 0x1800, 0x1000, 0x1000, 0x1800, 0x1800, 0x1800, 0x2040, 0x2000,
  0x1000, 0x7A40, 0xB360, 0xB340, 0xBB60, 0xBB80, 0xBB80, 0xBB80, 0xBB80, 0xBB80, 0xB360, 0xB360,
  0xB360, 0xBBA0, 0xA340, 0x5980, 0x0800, 0x2880, 0x2000, 0x2000, 0x3080, 0x0000, 0x69C0, 0xAB20,
  0xB320, 0xB320, 0xB340, 0xB320, 0xB320, 0xB300, 0xB300, 0xAB00, 0xAB00, 0xAAE0, 0xAB00, 0x92A0,
  0x38E0, 0x0000, 0x1820, 0x1000, 0x1000, 0x1000, 0x1000, 0x1000, 0x0800, 0x0800, 0x0800, 0x0800,
  0x0800, 0x0800, 0x0800, 0x0800, 0x0800, 0x0800, 0x1000, 0x1820, 0x0000, 0xEBA0, 0x9A61, 0x0002,
  0x38E1, 0x30C1, 0x30C1, 0x30C2, 0x28A1, 0x00A2, 0x5983, 0x6920, 0x5800, 0xD420, 0xFD60, 0xFD00,
  0xFD00, 0xFD20, 0xFD20, 0xFD00, 0xFCE0, 0xFCE0, 0xFCC0, 0xFCC0, 0xFCC0, 0xFCC0, 0xFCE0, 0xFCE0,
  0xFD40, 0xFEE0, 0xFF60, 0xFF40, 0xFF40, 0xFF60, 0xFF60, 0xFF60, 0xFF60, 0xFF60, 0xFF60, 0xFF60,
  0xFF40, 0xFF20, 0xFF40, 0xFF80, 0xFEC0, 0xFCA0, 0xFAE0, 0xFAE0, 0xFB20, 0xFB00, 0xFAC0, 0xFAC0,
  0xFAA0, 0xFAA0, 0xFAA0, 0xFAA0, 0xFAA0, 0xFA80, 0xFA80, 0xFA80, 0xFA80, 0xFA80, 0xFA80, 0xFA80,
  0xFA80, 0xFA80, 0xFA80, 0xFA80,
  0x0EFF, 0x067F, 0x161F, 0x05FF, 0x05DF, 0x059F, 0x057F, 0x057F, 0x055F, 0x05BF, 0x05BF, 0x01DF,
  0x021E, 0x023D, 0x01DC, 0x01DC, 0x01BB, 0x01BA, 0x0198, 0x0177, 0x0177, 0x0156, 0x0156, 0x0155,
  0x0155, 0x0134, 0x0134, 0x0134, 0x0134, 0x0134, 0x0133, 0x0133, 0x0133, 0x0132, 0x0112, 0x0112,
  0x0112, 0x0112, 0x0111, 0x0111, 0x0111, 0x0111, 0x0111, 0x0111, 0x0111, 0x0111, 0x0111, 0x0111,
  0x0131, 0x00B0, 0x01D4, 0x01F3, 0x01B4, 0x1234, 0x2988, 0x18C0, 0x10E6, 0x10E5, 0x10E5, 0x1106,
  0x1906, 0x1000, 0x059C, 0x0434, 0x0000, 0x0000, 0x0042, 0x0001, 0x0001, 0x0001, 0x0001, 0x0001,
  0x0001, 0x0001, 0x0001, 0x0001, 0x0001, 0x0001, 0x0001, 0x0001, 0x0001, 0x0001, 0x0001, 0x0001,
  0x0002, 0x0022, 0x0022, 0x0022, 0x0023, 0x0023, 0x0023, 0x0043, 0x0044, 0x0044, 0x00A6, 0x0168,
  0x0000, 0x026C, 0x02ED, 0x0000, 0x00E5, 0x0003, 0x00E5, 0x0000, 0x028D, 0x073E, 0x07FF, 0x079F,
  0x07DF, 0x07DF, 0x07DF, 0x07DF, 0x07BF, 0x07BF, 0x07BF, 0x07BF, 0x07DF, 0x07FF, 0x063A, 0x01AD,
  0x0149, 0x0066, 0x0085, 0x0023, 0x0023, 0x0002, 0x0002, 0x0002, 0x0002, 0x0002, 0x0002, 0x0105,
  0x0000, 0x00C8, 0x069C, 0x07DF, 0x077F, 0x077F, 0x077F, 0x079F, 0x079F, 0x07BF, 0x079F, 0x079F,
  0x077F, 0x073E, 0x07FF, 0x069C, 0x02CF, 0x0006, 0x00C6, 0x0024, 0x00E5, 0x0000, 0x030D, 0x02CD,
  0x0000, 0x0147, 0x0085, 0x0024, 0x0044, 0x0043, 0x0023, 0x0023, 0x0043, 0x0003, 0x00E5, 0x0126,
  0x0000, 0x0432, 0x01C9, 0x0000, 0x0063, 0x0002, 0x0002, 0x0002, 0x0001, 0x0001, 0x0001, 0x0001,
  0x0001, 0x0001, 0x0001, 0x0001, 0x0001, 0x0001, 0x0001, 0x0001, 0x0001, 0x0001, 0x0001, 0x0001,
  0x0001, 0x0001, 0x0001, 0x0000, 0x0000, 0x52AA, 0x632C, 0x0000, 0x10A3, 0x0000, 0x0001, 0x0001,
  0x0001, 0x0001, 0x0000, 0x0000, 0x0000, 0x0000, 0x0000, 0x0000, 0x0000, 0x0000, 0x0000, 0x0000,
  0x0000, 0x0000, 0x0000, 0x0000, 0x0800, 0x0800, 0x0800, 0x1000, 0x2020, 0x3060, 0x0000, 0xCBE0,
  0xFCE0, 0xFC80, 0xFC80, 0xFCA0, 0xFCA0, 0xFCA0, 0xFCA0, 0xFCA0, 0xFCC0, 0xFCA0, 0xFC60, 0xFCC0,
  0xB360, 0x3080, 0x2000, 0x2840, 0x2000, 0x2860, 0x3820, 0x50C0, 0xBC00, 0xFD41, 0xFCC0, 0xFCC0,
  0xFCC0, 0xFCC0, 0xFCC0, 0xFCC0, 0xFCC0, 0xFCC0, 0xFCC0, 0xFCC0, 0xFD00, 0xFCE0, 0x71C0, 0x3000,
  0x3020, 0x2840, 0x2000, 0x1800, 0x1800, 0x1800, 0x1800, 0x1800, 0x1800, 0x2020, 0x2840, 0x2800,
  0x48A0, 0xC3C0, 0xFD20, 0xFC80, 0xFCA0, 0xFCC0, 0xFCE0, 0xFCE0, 0xFCE0, 0xFCC0, 0xFCC0, 0xFCE0,
  0xFCC0, 0xFCE0, 0xFD00, 0xA320, 0x0000, 0x38C0, 0x2000, 0x2020, 0x3060, 0x0000, 0xA340, 0xFCE0,
  0xFCC0, 0xFC80, 0xFCA0, 0xFCA0, 0xFCA0, 0xFC80, 0xFC60, 0xFC60, 0xFC60, 0xFC20, 0xFC40, 0xFC60,
  0x8240, 0x0000, 0x2020, 0x1000, 0x1000, 0x1000, 0x1000, 0x0800, 0x0800, 0x0800, 0x0800, 0x0800,
  0x0800, 0x0800, 0x0800, 0x0800, 0x0800, 0x0800, 0x0800, 0x2040, 0x0000, 0xE3A0, 0xAAA1, 0x0001,
  0x38E1, 0x30C1, 0x30C1, 0x30C2, 0x30A1, 0x0082, 0x5963, 0x6940, 0x5800, 0xCC00, 0xFD60, 0xFD20,
  0xFD20, 0xFD40, 0xFD20, 0xFD00, 0xFCE0, 0xFCE0, 0xFCE0, 0xFCC0, 0xFCE0, 0xFD00, 0xFD00, 0xFD40,
  0xFEC0, 0xFF60, 0xFF20, 0xFF40, 0xFF60, 0xFF60, 0xFF60, 0xFF60, 0xFF60, 0xFF60, 0xFF60, 0xFF40,
  0xFF20, 0xFF80, 0xFF60, 0xFDE0, 0xFBA0, 0xFAC0, 0xFB20, 0xFB20, 0xFAE0, 0xFAC0, 0xFAC0, 0xFAA0,
  0xFAA0, 0xFAA0, 0xFA80, 0xFA80, 0xFA80, 0xFA80, 0xFA80, 0xFA80, 0xF280, 0xF280, 0xF280, 0xF280,
  0xF280, 0xF280, 0xF260, 0xF260,
  0x579F, 0x1F3F, 0x067F, 0x0E3F, 0x05FF, 0x05DF, 0x059F, 0x057F, 0x057F, 0x05FF, 0x02FF, 0x01BF,
  0x027E, 0x01FD, 0x01FD, 0x01DC, 0x01BB, 0x019A, 0x0178, 0x0177, 0x0177, 0x0156, 0x0156, 0x0156,
  0x0155, 0x0135, 0x0134, 0x0134, 0x0134, 0x0134, 0x0133, 0x0133, 0x0133, 0x0133, 0x0132, 0x0112,
  0x0112, 0x0112, 0x0112, 0x0111, 0x0111, 0x0111, 0x0111, 0x0111, 0x0111, 0x0111, 0x0111, 0x0111,
  0x0131, 0x00B1, 0x01F4, 0x01D2, 0x01D5, 0x1234, 0x2167, 0x18A0, 0x10E6, 0x10E5, 0x10E5, 0x1126,
  0x18A4, 0x1001, 0x05BC, 0x03D3, 0x0000, 0x0000, 0x0042, 0x0001, 0x0001, 0x0001, 0x0001, 0x0001,
  0x0001, 0x0001, 0x0001, 0x0001, 0x0001, 0x0001, 0x0001, 0x0001, 0x0001, 0x0001, 0x0001, 0x0002,
  0x0002, 0x0002, 0x0023, 0x0022, 0x0023, 0x0023, 0x0043, 0x0044, 0x0044, 0x0085, 0x00E7, 0x0000,
  0x0370, 0x073E, 0x065A, 0x0000, 0x0147, 0x0064, 0x0084, 0x0024, 0x0004, 0x0494, 0x07BF, 0x07FF,
  0x07BF, 0x07DF, 0x07BF, 0x07BF, 0x07BF, 0x07DF, 0x07BF, 0x07FF, 0x07FF, 0x05F9, 0x0537, 0x06BC,
  0x0370, 0x0000, 0x0188, 0x0003, 0x0043, 0x0023, 0x0022, 0x0002, 0x0002, 0x0002, 0x0022, 0x0023,
  0x0126, 0x0000, 0x03B1, 0x073E, 0x07DF, 0x079F, 0x079F, 0x079F, 0x079F, 0x07BF, 0x07BF, 0x079F,
  0x075F, 0x07BF, 0x065B, 0x0474, 0x06FD, 0x0474, 0x0001, 0x0086, 0x0147, 0x0000, 0x063A, 0x071E,
  0x032F, 0x0000, 0x00C6, 0x0085, 0x0044, 0x0043, 0x0043, 0x0043, 0x0043, 0x0085, 0x0004, 0x0000,
  0x04F6, 0x077F, 0x0494, 0x0000, 0x0106, 0x0002, 0x0002, 0x0002, 0x0001, 0x0001, 0x0001, 0x0001,
  0x0001, 0x0001, 0x0001, 0x0001, 0x0001, 0x0001, 0x0001, 0x0001, 0x0001, 0x0001, 0x0001, 0x0001,
  0x0001, 0x0001, 0x0001, 0x0000, 0x0000, 0x5ACB, 0x6B4D, 0x0000, 0x18C3, 0x0000, 0x0001, 0x0001,
  0x0000, 0x0000, 0x0000, 0x0000, 0x0000, 0x0000, 0x0000, 0x0000, 0x0000, 0x0000, 0x0000, 0x0000,
  0x0000, 0x0000, 0x0000, 0x0000, 0x0800, 0x0800, 0x0800, 0x30C0, 0x0000, 0x6A00, 0xDC20, 0xB320,
  0xD420, 0xFCE1, 0xFC80, 0xFC80, 0xFC80, 0xFC80, 0xFCA0, 0xFCA0, 0xFCA0, 0xFC80, 0xFCC0, 0xC380,
  0xA2E0, 0xDC60, 0x69C0, 0x2000, 0x3880, 0x3000, 0x5140, 0xECC0, 0xC3A0, 0xC3E0, 0xFD00, 0xFCA0,
  0xFCA0, 0xFCA0, 0xFCC0, 0xFCC0, 0xFCC0, 0xFCC0, 0xFCA0, 0xFCC0, 0xF4A0, 0xA300, 0xE480, 0xC3E0,
  0x0000, 0x40E0, 0x2000, 0x1800, 0x1800, 0x1800, 0x1800, 0x1800, 0x1800, 0x3080, 0x0000, 0x6180,
  0xDC60, 0xC3C0, 0xBB80, 0xFCE0, 0xFCA0, 0xFCA0, 0xFCC0, 0xFCC0, 0xFCC0, 0xFCC0, 0xFCC0, 0xFCC0,
  0xFCC0, 0xFD00, 0xC3C0, 0x3860, 0x3000, 0x3060, 0x3080, 0x0000, 0x2000, 0xCBE0, 0xCBC0, 0xB360,
  0xFCE0, 0xFCC0, 0xFC80, 0xFCA0, 0xFCA0, 0xFC80, 0xFC60, 0xFC60, 0xFC40, 0xFC20, 0xFC60, 0xB320,
  0x2020, 0x0800, 0x2020, 0x1000, 0x1000, 0x1000, 0x1000, 0x0800, 0x0800, 0x0800, 0x0800, 0x0800,
  0x0800, 0x0800, 0x0800, 0x0800, 0x0800, 0x0800, 0x0800, 0x2860, 0x0000, 0xDB80, 0xB2E1, 0x0001,
  0x38E1, 0x30C1, 0x30C2, 0x30C2, 0x30C1, 0x0882, 0x5163, 0x6960, 0x5000, 0xC3C0, 0xFD60, 0xFD20,
  0xFD40, 0xFD40, 0xFD00, 0xFD00, 0xFCE0, 0xFCE0, 0xFCE0, 0xFCE0, 0xFD00, 0xFD00, 0xFD40, 0xFEA0,
  0xFF40, 0xFF20, 0xFF40, 0xFF40, 0xFF40, 0xFF40, 0xFF40, 0xFF60, 0xFF60, 0xFF60, 0xFF40, 0xFF40,
  0xFFA0, 0xFEE0, 0xFCE0, 0xFB20, 0xFAE0, 0xFB20, 0xFB00, 0xFAE0, 0xFAC0, 0xFAC0, 0xFAA0, 0xFAA0,
  0xFAA0, 0xFA80, 0xFA80, 0xFA80, 0xFA80, 0xFA80, 0xF260, 0xF260, 0xF280, 0xF280, 0xF280, 0xF260,
  0xF260, 0xF260, 0xF260, 0xF240,
  0x67BF, 0x5FBF, 0x375F, 0x06BF, 0x0E5F, 0x0DFF, 0x05BF, 0x057F, 0x05FF, 0x03DF, 0x01BF, 0x02BF,
  0x023F, 0x021E, 0x01FD, 0x01DD, 0x01BB, 0x0199, 0x0178, 0x0177, 0x0177, 0x0156, 0x0156, 0x0156,
  0x0155, 0x0155, 0x0134, 0x0134, 0x0134, 0x0134, 0x0133, 0x0133, 0x0133, 0x0132, 0x0132, 0x0132,
  0x0112, 0x0112, 0x0112, 0x0111, 0x0111, 0x0111, 0x0111, 0x0111, 0x0111, 0x0111, 0x0111, 0x0111,
  0x0131, 0x00D1, 0x01F4, 0x01D2, 0x01F5, 0x1233, 0x2965, 0x18A0, 0x10E6, 0x10E5, 0x10C5, 0x1147,
  0x1801, 0x1126, 0x05BD, 0x0392, 0x0000, 0x0001, 0x0022, 0x0001, 0x0001, 0x0001, 0x0001, 0x0001,
  0x0001, 0x0001, 0x0001, 0x0001, 0x0001, 0x0001, 0x0001, 0x0001, 0x0001, 0x0001, 0x0002, 0x0023,
  0x0002, 0x0002, 0x0022, 0x0023, 0x0023, 0x0043, 0x0044, 0x0044, 0x0085, 0x00A6, 0x0004, 0x0412,
  0x075E, 0x07FF, 0x06BC, 0x0005, 0x0148, 0x0085, 0x0024, 0x00C5, 0x0004, 0x0000, 0x0474, 0x07BF,
  0x07DF, 0x07BF, 0x07DF, 0x07DF, 0x07FF, 0x07FF, 0x07FF, 0x07BF, 0x0598, 0x04D6, 0x079E, 0x077E,
  0x0391, 0x0000, 0x01A8, 0x0004, 0x0023, 0x0002, 0x0002, 0x0002, 0x0022, 0x0022, 0x0023, 0x0002,
  0x0064, 0x0126, 0x0000, 0x0350, 0x071D, 0x07FF, 0x07DF, 0x07DF, 0x07BF, 0x079F, 0x07BF, 0x07BF,
  0x07FF, 0x0619, 0x0433, 0x06BC, 0x07DF, 0x0473, 0x0002, 0x00E7, 0x0107, 0x0007, 0x06FD, 0x07BF,
  0x073E, 0x03B0, 0x0003, 0x0085, 0x0064, 0x0044, 0x0044, 0x0044, 0x0064, 0x00A5, 0x0005, 0x0577,
  0x073F, 0x079F, 0x04D5, 0x0000, 0x0126, 0x0003, 0x0022, 0x0002, 0x0002, 0x0001, 0x0001, 0x0001,
  0x0001, 0x0001, 0x0001, 0x0001, 0x0001, 0x0001, 0x0001, 0x0001, 0x0001, 0x0001, 0x0001, 0x0001,
  0x0001, 0x0001, 0x0021, 0x0000, 0x0000, 0x5AEB, 0x6B6E, 0x0000, 0x18C3, 0x0000, 0x0001, 0x0000,
  0x0000, 0x0000, 0x0001, 0x0000, 0x0000, 0x0000, 0x0000, 0x0000, 0x0000, 0x0000, 0x0000, 0x0000,
  0x0000, 0x0000, 0x0000, 0x0000, 0x0800, 0x1000, 0x0800, 0x38E0, 0x0000, 0x8280, 0xFCA0, 0xFC80,
  0xA2E0, 0xCC00, 0xFCE0, 0xFCC0, 0xFCE0, 0xFD00, 0xFD00, 0xFCE0, 0xFCA0, 0xFCE0, 0xCBA0, 0xAB20,
  0xF4A0, 0xFD21, 0x8260, 0x3000, 0x40A0, 0x3000, 0x61C0, 0xF4E0, 0xF4A0, 0xAB40, 0xBBA0, 0xFD00,
  0xFD00, 0xFD00, 0xFD00, 0xFD00, 0xFD00, 0xFD00, 0xFD00, 0xECA0, 0x9280, 0xCC00, 0xFD40, 0xDC40,
  0x0000, 0x48E0, 0x2800, 0x2000, 0x1800, 0x1000, 0x1000, 0x1800, 0x2000, 0x3080, 0x0000, 0x5980,
  0xECA0, 0xFCC0, 0xB340, 0xBB80, 0xFD20, 0xFD20, 0xFD20, 0xFD00, 0xFCE0, 0xFCE0, 0xFCE0, 0xFD00,
  0xFD00, 0xB3A0, 0x0000, 0x1800, 0x38A0, 0x2000, 0x38C0, 0x1000, 0x38A0, 0xDC40, 0xFCE0, 0xBB60,
  0xAB40, 0xF4C0, 0xFCE0, 0xFCC0, 0xFCE0, 0xFCE0, 0xFCE0, 0xFCC0, 0xFCA0, 0xF460, 0xA2E0, 0x0000,
  0x0000, 0x2040, 0x1000, 0x1000, 0x1000, 0x1000, 0x1000, 0x1000, 0x0800, 0x0800, 0x0800, 0x0800,
  0x0800, 0x0800, 0x0800, 0x0800, 0x0800, 0x0800, 0x0800, 0x2860, 0x0000, 0xD360, 0xBB21, 0x0001,
  0x38E1, 0x30C1, 0x30E2, 0x30C2, 0x30C1, 0x0882, 0x5163, 0x7180, 0x5000, 0xBB60, 0xFD60, 0xFD40,
  0xFD40, 0xFD20, 0xFD20, 0xFD00, 0xFD00, 0xFCE0, 0xFD00, 0xFD20, 0xFD20, 0xFD40, 0xFEA0, 0xFF40,
  0xFF20, 0xFF20, 0xFF40, 0xFF40, 0xFF40, 0xFF40, 0xFF40, 0xFF40, 0xFF40, 0xFF20, 0xFF60, 0xFF60,
  0xFE00, 0xFC00, 0xFB00, 0xFB20, 0xFB20, 0xFB00, 0xFAE0, 0xFAE0, 0xFAC0, 0xFAA0, 0xFAA0, 0xFAA0,
  0xFA80, 0xFA80, 0xFA80, 0xFA80, 0xFA80, 0xF280, 0xF260, 0xF260, 0xF260, 0xF260, 0xF260, 0xF260,
  0xF260, 0xF240, 0xF240, 0xF240,
  0x679F, 0x67BF, 0x67BF, 0x477F, 0x06DF, 0x063F, 0x15BF, 0x05FF, 0x04BF, 0x01FF, 0x02DF, 0x027F,
  0x023F, 0x021E, 0x021E, 0x01FD, 0x01BA, 0x0199, 0x0178, 0x0177, 0x0177, 0x0156, 0x0156, 0x0156,
  0x0156, 0x0155, 0x0135, 0x0134, 0x0134, 0x0134, 0x0133, 0x0133, 0x0133, 0x0133, 0x0132, 0x0132,
  0x0112, 0x0112, 0x0112, 0x0111, 0x0111, 0x0111, 0x0111, 0x0111, 0x0111, 0x0111, 0x0111, 0x0111,
  0x0111, 0x00D1, 0x0214, 0x01D2, 0x01F6, 0x1233, 0x2943, 0x18A2, 0x10E6, 0x10E5, 0x10C5, 0x1147,
  0x1800, 0x11EA, 0x05BC, 0x0330, 0x0000, 0x0042, 0x0001, 0x0001, 0x0001, 0x0001, 0x0001, 0x0001,
  0x0001, 0x0001, 0x0001, 0x0001, 0x0001, 0x0001, 0x0001, 0x0001, 0x0001, 0x0001, 0x0002, 0x0022,
  0x0022, 0x0022, 0x0002, 0x0002, 0x0022, 0x0023, 0x0023, 0x0043, 0x0085, 0x0003, 0x028D, 0x075E,
  0x07FF, 0x07DF, 0x065A, 0x0001, 0x01A8, 0x0045, 0x0064, 0x0044, 0x00E6, 0x0006, 0x0006, 0x0370,
  0x0452, 0x0412, 0x0433, 0x0453, 0x0454, 0x0474, 0x0474, 0x03D3, 0x0577, 0x079E, 0x07FF, 0x073D,
  0x0372, 0x0005, 0x01A9, 0x0005, 0x0126, 0x01A7, 0x0187, 0x00E5, 0x0002, 0x0023, 0x0023, 0x0023,
  0x0003, 0x00C5, 0x00C6, 0x0000, 0x02ED, 0x0452, 0x0452, 0x0453, 0x0432, 0x03F1, 0x03F1, 0x0473,
  0x03D1, 0x04D4, 0x075E, 0x07DF, 0x07BF, 0x0432, 0x0004, 0x0108, 0x00C7, 0x0049, 0x06FD, 0x077F,
  0x07DF, 0x065A, 0x0005, 0x0005, 0x00A5, 0x0044, 0x0044, 0x0044, 0x0126, 0x0000, 0x0473, 0x07BF,
  0x075F, 0x079F, 0x0494, 0x0000, 0x0126, 0x0023, 0x0022, 0x0002, 0x0002, 0x0001, 0x0001, 0x0001,
  0x0001, 0x0001, 0x0001, 0x0001, 0x0001, 0x0001, 0x0001, 0x0001, 0x0001, 0x0001, 0x0001, 0x0001,
  0x0001, 0x0001, 0x0021, 0x0000, 0x0000, 0x5AEC, 0x6B8E, 0x0000, 0x18C3, 0x0000, 0x0001, 0x0000,
  0x0001, 0x0001, 0x0001, 0x0001, 0x0000, 0x0000, 0x0000, 0x0000, 0x0000, 0x0000, 0x0000, 0x0000,
  0x0000, 0x0000, 0x0000, 0x0800, 0x0800, 0x1000, 0x0800, 0x38E0, 0x0000, 0x82A0, 0xF480, 0xFCC0,
  0xF480, 0xA320, 0x8280, 0x92C0, 0x92C0, 0x9AE0, 0x9B00, 0x92C0, 0x92C0, 0x8260, 0xA320, 0xF4A0,
  0xFCE0, 0xFD21, 0x8A80, 0x3800, 0x40A0, 0x3800, 0x59A0, 0xECC0, 0xFCC0, 0xFD00, 0xBBE0, 0x92A0,
  0xA300, 0x9AE0, 0x92C0, 0x92C0, 0x9AE0, 0x9B00, 0x9AE0, 0x92A0, 0xDC60, 0xFD00, 0xFCE0, 0xD420,
  0x1000, 0x48E0, 0x2800, 0x2020, 0x30A0, 0x3900, 0x38E0, 0x2840, 0x1800, 0x3080, 0x1000, 0x6180,
  0xE480, 0xFD00, 0xFCE0, 0xC3E0, 0x92C0, 0xA340, 0x9B00, 0x92E0, 0x8AC0, 0x8AC0, 0x8AC0, 0x92E0,
  0x8280, 0x3060, 0x0800, 0x38A0, 0x2000, 0x2000, 0x38C0, 0x2000, 0x40A0, 0xDC20, 0xFD00, 0xFCC0,
  0xCBE0, 0x8280, 0x8AC0, 0x92C0, 0x92C0, 0x92E0, 0x92E0, 0x92C0, 0x92C0, 0x7A40, 0x0000, 0x0000,
  0x2840, 0x1800, 0x1000, 0x1000, 0x1000, 0x1000, 0x1000, 0x1000, 0x0800, 0x0800, 0x0800, 0x0800,
  0x0800, 0x0800, 0x0800, 0x0800, 0x0800, 0x0800, 0x0000, 0x2880, 0x0000, 0xCB40, 0xCB40, 0x0001,
  0x4101, 0x30C1, 0x30C1, 0x30C2, 0x30C1, 0x1082, 0x4943, 0x7180, 0x5000, 0xB320, 0xFD80, 0xFD40,
  0xFD40, 0xFD40, 0xFD20, 0xFD00, 0xFD00, 0xFD00, 0xFD20, 0xFD20, 0xFD40, 0xFE80, 0xFF20, 0xFF00,
  0xFF20, 0xFF20, 0xFF20, 0xFF40, 0xFF40, 0xFF40, 0xFF40, 0xFF20, 0xFF40, 0xFF80, 0xFEE0, 0xFCC0,
  0xFB60, 0xFB40, 0xFB40, 0xFB20, 0xFB00, 0xFAE0, 0xFAE0, 0xFAC0, 0xFAA0, 0xFAA0, 0xFAA0, 0xFA80,
  0xFA80, 0xFA80, 0xFA80, 0xF260, 0xF260, 0xF260, 0xF260, 0xF260, 0xF260, 0xF260, 0xF260, 0xF260,
  0xF240, 0xF240, 0xF240, 0xF240,
  0x67BF, 0x679F, 0x679F, 0x67BF, 0x579F, 0x06DF, 0x061F, 0x1D5F, 0x02DF, 0x031F, 0x02DF, 0x029F,
  0x025F, 0x023F, 0x021E, 0x01DC, 0x01BB, 0x019A, 0x0198, 0x0178, 0x0177, 0x0157, 0x0156, 0x0156,
  0x0156, 0x0155, 0x0155, 0x0134, 0x0134, 0x0134, 0x0133, 0x0133, 0x0133, 0x0133, 0x0133, 0x0132,
  0x0112, 0x0112, 0x0112, 0x0111, 0x0111, 0x0111, 0x0111, 0x0111, 0x0111, 0x0111, 0x0111, 0x0111,
  0x0111, 0x00F1, 0x01F4, 0x01B2, 0x01F6, 0x1A12, 0x2920, 0x18A3, 0x10E6, 0x10E5, 0x10C5, 0x1168,
  0x1800, 0x0A6D, 0x05BC, 0x02EE, 0x0000, 0x0083, 0x0001, 0x0001, 0x0001, 0x0001, 0x0001, 0x0001,
  0x0001, 0x0001, 0x0001, 0x0001, 0x0001, 0x0001, 0x0001, 0x0001, 0x0001, 0x0001, 0x0002, 0x0023,
  0x0022, 0x0023, 0x0002, 0x0002, 0x0002, 0x0002, 0x0023, 0x0064, 0x00A5, 0x0004, 0x03B1, 0x07DF,
  0x07BF, 0x07DF, 0x05F9, 0x0000, 0x01C9, 0x0025, 0x0064, 0x0065, 0x0065, 0x00C6, 0x0066, 0x0000,
  0x0000, 0x0004, 0x0005, 0x0007, 0x0008, 0x000A, 0x000A, 0x014F, 0x06DC, 0x07FF, 0x07FF, 0x071D,
  0x02B0, 0x0006, 0x0188, 0x00A6, 0x0000, 0x0000, 0x0000, 0x0000, 0x00A4, 0x0003, 0x0023, 0x0023,
  0x0043, 0x0024, 0x00A5, 0x00A5, 0x0000, 0x0000, 0x0000, 0x0002, 0x0002, 0x0001, 0x0000, 0x0007,
  0x0000, 0x05D8, 0x07FF, 0x079F, 0x07BF, 0x0413, 0x0007, 0x0149, 0x0088, 0x016B, 0x06FD, 0x077F,
  0x07BF, 0x065A, 0x0005, 0x0005, 0x00A5, 0x0023, 0x0044, 0x0024, 0x0147, 0x0000, 0x0536, 0x07DF,
  0x075F, 0x079F, 0x0473, 0x0000, 0x0126, 0x0023, 0x0023, 0x0002, 0x0002, 0x0001, 0x0001, 0x0001,
  0x0001, 0x0001, 0x0001, 0x0001, 0x0001, 0x0001, 0x0001, 0x0001, 0x0001, 0x0001, 0x0001, 0x0001,
  0x0001, 0x0001, 0x0001, 0x0000, 0x0000, 0x5AEC, 0x6B6E, 0x0000, 0x18C3, 0x0000, 0x0001, 0x0001,
  0x0001, 0x0000, 0x0001, 0x0000, 0x0000, 0x0000, 0x0000, 0x0000, 0x0000, 0x0000, 0x0000, 0x0000,
  0x0000, 0x0000, 0x0000, 0x0800, 0x0800, 0x1000, 0x1000, 0x4100, 0x0000, 0x8AC0, 0xF4C0, 0xFCA0,
  0xFCE0, 0xBB80, 0x0000, 0x0800, 0x2800, 0x1000, 0x0800, 0x1000, 0x3800, 0x0000, 0xCBE0, 0xFD00,
  0xFCC0, 0xFD00, 0x8260, 0x3800, 0x40A0, 0x3800, 0x59A0, 0xF500, 0xFCE0, 0xFD40, 0xE4C0, 0x3800,
  0x4000, 0x3000, 0x1800, 0x1000, 0x1800, 0x3000, 0x2800, 0x7A20, 0xFD40, 0xFCE0, 0xFD00, 0xD420,
  0x0000, 0x48E0, 0x3020, 0x3040, 0x0000, 0x0000, 0x0000, 0x1800, 0x2840, 0x3080, 0x1800, 0x69A0,
  0xECA0, 0xFCE0, 0xFD00, 0xE4A0, 0x3800, 0x2800, 0x3000, 0x0000, 0x0000, 0x0000, 0x0000, 0x0000,
  0x0000, 0x2000, 0x3060, 0x2000, 0x2020, 0x2000, 0x30A0, 0x2800, 0x3840, 0xD420, 0xFCE0, 0xFCE0,
  0xECC0, 0x69A0, 0x0000, 0x3800, 0x0000, 0x0000, 0x0000, 0x0000, 0x0000, 0x0000, 0x1800, 0x2040,
  0x1800, 0x1000, 0x1000, 0x1000, 0x1000, 0x1000, 0x1000, 0x0800, 0x0800, 0x0800, 0x0800, 0x0800,
  0x0800, 0x0800, 0x0800, 0x0800, 0x0800, 0x0800, 0x0000, 0x2880, 0x0000, 0xC300, 0xD360, 0x0001,
  0x38E1, 0x30C1, 0x30C1, 0x30C2, 0x30C2, 0x1081, 0x4123, 0x7160, 0x5000, 0xA300, 0xFD80, 0xFD40,
  0xFD40, 0xFD40, 0xFD20, 0xFD20, 0xFD20, 0xFD40, 0xFD40, 0xFD60, 0xFE60, 0xFF00, 0xFF00, 0xFF00,
  0xFF20, 0xFF20, 0xFF20, 0xFF20, 0xFF40, 0xFF20, 0xFF20, 0xFF60, 0xFF60, 0xFE00, 0xFC00, 0xFB40,
  0xFB60, 0xFB60, 0xFB20, 0xFB00, 0xFAE0, 0xFAE0, 0xFAC0, 0xFAA0, 0xFAA0, 0xFAA0, 0xFA80, 0xFA80,
  0xFA80, 0xFA80, 0xF260, 0xF260, 0xF260, 0xF260, 0xF260, 0xF260, 0xF260, 0xF260, 0xF260, 0xF260,
  0xF240, 0xF240, 0xEA40, 0xEA40,
  0x4F5F, 0x67BF, 0x677F, 0x6F9F, 0x77BF, 0x67BF, 0x26BF, 0x03DF, 0x1BBF, 0x0B7F, 0x02FF, 0x02BF,
  0x027F, 0x025F, 0x021E, 0x01DC, 0x01DB, 0x01BA, 0x0199, 0x0198, 0x0177, 0x0177, 0x0177, 0x0156,
  0x0156, 0x0155, 0x0155, 0x0135, 0x0134, 0x0134, 0x0134, 0x0133, 0x0133, 0x0133, 0x0133, 0x0132,
  0x0112, 0x0112, 0x0112, 0x0112, 0x0111, 0x0111, 0x0111, 0x0111, 0x0111, 0x0111, 0x0111, 0x0111,
  0x0111, 0x0112, 0x01F4, 0x01B2, 0x0216, 0x1A12, 0x2120, 0x10A4, 0x10E6, 0x10E5, 0x10C4, 0x1188,
  0x1800, 0x0AEF, 0x05BC, 0x028D, 0x0000, 0x0083, 0x0001, 0x0001, 0x0001, 0x0001, 0x0001, 0x0001,
  0x0001, 0x0001, 0x0001, 0x0001, 0x0001, 0x0001, 0x0001, 0x0001, 0x0001, 0x0001, 0x0002, 0x0023,
  0x0022, 0x0023, 0x0002, 0x0002, 0x0002, 0x0022, 0x0023, 0x0064, 0x00A6, 0x0005, 0x03F2, 0x07DF,
  0x07BF, 0x07DF, 0x0597, 0x0000, 0x01C9, 0x0025, 0x0065, 0x0065, 0x0065, 0x0065, 0x00A5, 0x00C6,
  0x0086, 0x00C7, 0x00C7, 0x00E8, 0x00C8, 0x01AB, 0x000A, 0x02D1, 0x071D, 0x07FF, 0x07DF, 0x06DC,
  0x01CD, 0x0007, 0x0189, 0x0004, 0x02AC, 0x0453, 0x0432, 0x026B, 0x0000, 0x00A4, 0x0023, 0x0023,
  0x0023, 0x0064, 0x0024, 0x0085, 0x00A5, 0x0085, 0x0085, 0x0085, 0x00A6, 0x00A6, 0x00C7, 0x01CA,
  0x0004, 0x05D9, 0x07BF, 0x079F, 0x077F, 0x0392, 0x0008, 0x018A, 0x0008, 0x026E, 0x075E, 0x07BF,
  0x07DF, 0x0639, 0x0005, 0x0026, 0x00A5, 0x0044, 0x0064, 0x0044, 0x0147, 0x0000, 0x0577, 0x07DF,
  0x077F, 0x079F, 0x0412, 0x0000, 0x0126, 0x0023, 0x0023, 0x0002, 0x0002, 0x0001, 0x0001, 0x0001,
  0x0001, 0x0001, 0x0001, 0x0001, 0x0001, 0x0001, 0x0001, 0x0001, 0x0001, 0x0001, 0x0001, 0x0001,
  0x0001, 0x0001, 0x0001, 0x0000, 0x0000, 0x5AEC, 0x6B6E, 0x0000, 0x18C3, 0x0000, 0x0001, 0x0001,
  0x0000, 0x0000, 0x0000, 0x0000, 0x0000, 0x0000, 0x0000, 0x0000, 0x0000, 0x0000, 0x0000, 0x0000,
  0x0000, 0x0000, 0x0000, 0x0800, 0x0800, 0x1000, 0x1000, 0x4100, 0x0000, 0x8AC0, 0xF4E0, 0xFCC0,
  0xFCE0, 0xBBC0, 0x3800, 0x3000, 0x3880, 0x3000, 0x3020, 0x3000, 0x5100, 0x0000, 0xCC20, 0xFD20,
  0xFCE0, 0xF500, 0x8260, 0x3800, 0x48A0, 0x4000, 0x61A0, 0xF500, 0xFD00, 0xFD00, 0xDCA0, 0x4800,
  0x4840, 0x4020, 0x3820, 0x3820, 0x3820, 0x4040, 0x3800, 0x7A40, 0xFD20, 0xFCE0, 0xFD20, 0xD440,
  0x0000, 0x48E0, 0x3000, 0x2800, 0x69E0, 0x92E0, 0x8280, 0x40E0, 0x2000, 0x40C0, 0x2000, 0x6160,
  0xE4A0, 0xFD00, 0xFCE0, 0xDC80, 0x4900, 0x3800, 0x40C0, 0x3000, 0x3020, 0x3020, 0x3020, 0x2800,
  0x2820, 0x2840, 0x2000, 0x2000, 0x2020, 0x2000, 0x30A0, 0x2800, 0x3000, 0xCC00, 0xFCE0, 0xFCE0,
  0xECE0, 0x8240, 0x2800, 0x48E0, 0x3000, 0x2800, 0x2800, 0x2000, 0x2000, 0x2000, 0x2020, 0x1800,
  0x1800, 0x1000, 0x1000, 0x1000, 0x1000, 0x1000, 0x1000, 0x1000, 0x0800, 0x0800, 0x0800, 0x0800,
  0x0800, 0x0800, 0x0800, 0x0800, 0x0800, 0x0800, 0x0000, 0x2880, 0x0000, 0xB2E0, 0xDB80, 0x0001,
  0x38E1, 0x30C1, 0x30C1, 0x30E2, 0x30E2, 0x1881, 0x3923, 0x6960, 0x5000, 0x9AA0, 0xFD60, 0xFD40,
  0xFD40, 0xFD40, 0xFD20, 0xFD20, 0xFD40, 0xFD40, 0xFD60, 0xFE60, 0xFF00, 0xFEE0, 0xFF00, 0xFF00,
  0xFF20, 0xFF20, 0xFF20, 0xFF20, 0xFF20, 0xFF20, 0xFF60, 0xFEE0, 0xFD20, 0xFB80, 0xFB60, 0xFB80,
  0xFB60, 0xFB20, 0xFB00, 0xFAE0, 0xFAE0, 0xFAC0, 0xFAA0, 0xFAA0, 0xFA80, 0xFA80, 0xFA80, 0xFA80,
  0xF260, 0xF260, 0xF260, 0xF260, 0xF260, 0xF260, 0xF260, 0xF240, 0xF260, 0xF260, 0xF240, 0xEA40,
  0xEA40, 0xEA40, 0xEA40, 0xEA40,
  0x055F, 0x3EFF, 0x67DF, 0x779F, 0x6F7F, 0x779F, 0x7F9F, 0x567F, 0x049F, 0x13DF, 0x137F, 0x02DF,
  0x029F, 0x025F, 0x021E, 0x01FD, 0x01DC, 0x01BB, 0x019A, 0x0199, 0x0198, 0x0177, 0x0177, 0x0157,
  0x0156, 0x0155, 0x0155, 0x0155, 0x0134, 0x0134, 0x0134, 0x0133, 0x0133, 0x0133, 0x0133, 0x0132,
  0x0132, 0x0112, 0x0112, 0x0112, 0x0112, 0x0112, 0x0111, 0x0111, 0x0111, 0x0111, 0x0111, 0x0132,
  0x0111, 0x0112, 0x01F4, 0x0192, 0x0237, 0x1A11, 0x18E0, 0x10A4, 0x10E5, 0x10E5, 0x10A4, 0x1188,
  0x1000, 0x0B50, 0x059C, 0x024C, 0x0000, 0x00A4, 0x0000, 0x0001, 0x0001, 0x0001, 0x0001, 0x0001,
  0x0001, 0x0001, 0x0001, 0x0001, 0x0001, 0x0001, 0x0001, 0x0001, 0x0001, 0x0001, 0x0002, 0x0023,
  0x0023, 0x0023, 0x0002, 0x0002, 0x0002, 0x0022, 0x0023, 0x0085, 0x00A6, 0x0005, 0x0494, 0x07FF,
  0x07BF, 0x07DF, 0x0516, 0x0000, 0x01C9, 0x0025, 0x0065, 0x0065, 0x0065, 0x0065, 0x0065, 0x0085,
  0x00A5, 0x00A6, 0x00A6, 0x00C7, 0x00C7, 0x01AA, 0x000A, 0x0312, 0x073D, 0x07FF, 0x07FF, 0x06DC,
  0x018E, 0x0089, 0x0088, 0x0089, 0x065A, 0x0FDF, 0x07BF, 0x0577, 0x0000, 0x00A4, 0x00A4, 0x0002,
  0x0023, 0x0044, 0x0044, 0x0044, 0x0064, 0x0084, 0x0084, 0x0084, 0x0085, 0x00A6, 0x00C7, 0x01AA,
  0x0008, 0x063A, 0x07DF, 0x07BF, 0x075E, 0x0310, 0x0008, 0x01AA, 0x0007, 0x0310, 0x079F, 0x07DF,
  0x0FFF, 0x0619, 0x0006, 0x0066, 0x00A5, 0x0044, 0x0065, 0x0065, 0x0168, 0x0000, 0x05B8, 0x07FF,
  0x079F, 0x079F, 0x03D1, 0x0000, 0x0106, 0x0023, 0x0023, 0x0002, 0x0002, 0x0001, 0x0001, 0x0001,
  0x0001, 0x0001, 0x0001, 0x0001, 0x0001, 0x0001, 0x0001, 0x0001, 0x0001, 0x0001, 0x0001, 0x0001,
  0x0001, 0x0001, 0x0001, 0x0000, 0x0000, 0x5AEC, 0x738E, 0x0000, 0x18C4, 0x0000, 0x0001, 0x0001,
  0x0000, 0x0000, 0x0000, 0x0000, 0x0000, 0x0000, 0x0000, 0x0000, 0x0000, 0x0000, 0x0000, 0x0000,
  0x0000, 0x0000, 0x0800, 0x0800, 0x0800, 0x1000, 0x1000, 0x4100, 0x0000, 0x8AC0, 0xF4C0, 0xFCC0,
  0xFD00, 0xBBC0, 0x3800, 0x3000, 0x30A0, 0x2820, 0x2840, 0x2820, 0x4900, 0x0000, 0xCC40, 0xFD20,
  0xFCE0, 0xFD20, 0x8280, 0x4000, 0x48A0, 0x4800, 0x61A0, 0xF500, 0xFD00, 0xFD20, 0xDCA0, 0x4800,
  0x4880, 0x3860, 0x3840, 0x3040, 0x3060, 0x4080, 0x3800, 0x7A20, 0xF500, 0xFCE0, 0xFD00, 0xDC60,
  0x2000, 0x5100, 0x2000, 0x38C0, 0xDC80, 0xFD20, 0xF4E0, 0xAB60, 0x0000, 0x5140, 0x2000, 0x6140,
  0xE480, 0xFD00, 0xFD00, 0xE4A0, 0x5940, 0x3800, 0x40E0, 0x3020, 0x3040, 0x2840, 0x2840, 0x2840,
  0x2020, 0x2000, 0x2000, 0x2000, 0x2020, 0x2000, 0x30A0, 0x3000, 0x2800, 0xCC20, 0xFD00, 0xFD00,
  0xF500, 0x8280, 0x2000, 0x48E0, 0x2820, 0x2840, 0x2040, 0x2020, 0x2020, 0x2020, 0x1800, 0x1800,
  0x1800, 0x1000, 0x1000, 0x1000, 0x1000, 0x1000, 0x1000, 0x1000, 0x1000, 0x0800, 0x0800, 0x0800,
  0x0800, 0x0800, 0x0800, 0x0800, 0x0800, 0x0800, 0x0000, 0x2880, 0x0000, 0xA2A0, 0xE3A0, 0x0001,
  0x38E1, 0x30C1, 0x30C1, 0x30C1, 0x30C1, 0x2081, 0x3103, 0x6980, 0x5800, 0x9260, 0xFD60, 0xFD60,
  0xFD60, 0xFD40, 0xFD40, 0xFD40, 0xFD60, 0xFD60, 0xFE40, 0xFEE0, 0xFEE0, 0xFEE0, 0xFF00, 0xFF00,
  0xFF00, 0xFF20, 0xFF20, 0xFF00, 0xFF40, 0xFF40, 0xFE40, 0xFC40, 0xFB80, 0xFBA0, 0xFB60, 0xFB40,
  0xFB20, 0xFB00, 0xFB00, 0xFAE0, 0xFAC0, 0xFAC0, 0xFAA0, 0xFAA0, 0xFA80, 0xFA80, 0xFA80, 0xF260,
  0xF260, 0xF260, 0xF260, 0xF260, 0xF260, 0xF260, 0xF260, 0xF260, 0xF260, 0xEA40, 0xEA40, 0xEA40,
  0xEA40, 0xEA40, 0xEA40, 0xEA40,
  0x045F, 0x04DF, 0x2E5F, 0x5F7F, 0x77BF, 0x7F7F, 0x879F, 0x8FDF, 0x6F1F, 0x051F, 0x03BF, 0x237F,
  0x02DF, 0x025F, 0x023E, 0x01FD, 0x01DC, 0x01DC, 0x01BB, 0x01BA, 0x0199, 0x0198, 0x0177, 0x0177,
  0x0156, 0x0155, 0x0155, 0x0134, 0x0134, 0x0134, 0x0134, 0x0133, 0x0133, 0x0133, 0x0133, 0x0133,
  0x0132, 0x0132, 0x0132, 0x0112, 0x0112, 0x0112, 0x0111, 0x0111, 0x0112, 0x0112, 0x0112, 0x0132,
  0x00F1, 0x0132, 0x01F4, 0x0192, 0x0236, 0x19F0, 0x18C0, 0x10A4, 0x10E5, 0x10E5, 0x10A4, 0x11A8,
  0x1000, 0x0BB3, 0x059B, 0x01E9, 0x0000, 0x00A4, 0x0000, 0x0001, 0x0001, 0x0001, 0x0001, 0x0001,
  0x0001, 0x0001, 0x0001, 0x0001, 0x0001, 0x0001, 0x0001, 0x0001, 0x0001, 0x0001, 0x0022, 0x0023,
  0x0023, 0x0023, 0x0002, 0x0002, 0x0002, 0x0022, 0x0023, 0x0085, 0x00A6, 0x0005, 0x0536, 0x07FF,
  0x07BF, 0x07DF, 0x04B4, 0x0000, 0x01A9, 0x0025, 0x0065, 0x0065, 0x0065, 0x0065, 0x0065, 0x0065,
  0x0085, 0x0086, 0x0086, 0x00A6, 0x00A7, 0x018A, 0x000A, 0x03B3, 0x079E, 0x07FF, 0x07FF, 0x06BC,
  0x006E, 0x014B, 0x0006, 0x01EC, 0x06BC, 0x07BF, 0x07BF, 0x05B7, 0x0000, 0x00A4, 0x00A4, 0x0003,
  0x0043, 0x0044, 0x0044, 0x0044, 0x0044, 0x0044, 0x0064, 0x0064, 0x0065, 0x0065, 0x00E7, 0x016A,
  0x0009, 0x069B, 0x07DF, 0x07DF, 0x075E, 0x02EF, 0x0008, 0x01AA, 0x0007, 0x0351, 0x079F, 0x07BF,
  0x07FF, 0x0598, 0x0005, 0x0087, 0x00C6, 0x0065, 0x0085, 0x0065, 0x0168, 0x0002, 0x05F9, 0x07DF,
  0x079F, 0x079F, 0x0370, 0x0002, 0x00E6, 0x0023, 0x0023, 0x0002, 0x0002, 0x0001, 0x0001, 0x0001,
  0x0001, 0x0001, 0x0001, 0x0001, 0x0001, 0x0001, 0x0001, 0x0001, 0x0001, 0x0001, 0x0001, 0x0001,
  0x0001, 0x0001, 0x0021, 0x0000, 0x0000, 0x5B0C, 0x738E, 0x0000, 0x18C4, 0x0000, 0x0001, 0x0001,
  0x0000, 0x0000, 0x0000, 0x1020, 0x1040, 0x0000, 0x0000, 0x0000, 0x0000, 0x0000, 0x0000, 0x0000,
  0x0000, 0x0000, 0x0800, 0x0800, 0x0800, 0x1000, 0x1000, 0x4100, 0x0000, 0x82A0, 0xF4C0, 0xFCA0,
  0xFD00, 0xC3E0, 0x3800, 0x2800, 0x3080, 0x2000, 0x2020, 0x2000, 0x48E0, 0x0000, 0xCC20, 0xFD20,
  0xFCE0, 0xFD20, 0x8AA0, 0x4800, 0x48A0, 0x5000, 0x69A0, 0xF500, 0xFD00, 0xFD20, 0xE4C0, 0x5000,
  0x4840, 0x3840, 0x3020, 0x3020, 0x3040, 0x3860, 0x3800, 0x7A00, 0xF500, 0xFD00, 0xFD20, 0xDC60,
  0x2800, 0x5100, 0x2000, 0x5140, 0xECC0, 0xFD00, 0xFD00, 0xC3E0, 0x0000, 0x5140, 0x2800, 0x6140,
  0xE4A0, 0xFD20, 0xFD00, 0xECC0, 0x6180, 0x3000, 0x40E0, 0x2800, 0x2820, 0x2820, 0x2820, 0x2020,
  0x2020, 0x2020, 0x2020, 0x2020, 0x2020, 0x2000, 0x3080, 0x3000, 0x2000, 0xCC00, 0xFD20, 0xFD00,
  0xF500, 0x8A80, 0x0000, 0x40C0, 0x2800, 0x2020, 0x2000, 0x2000, 0x2000, 0x1800, 0x1800, 0x1800,
  0x1800, 0x1800, 0x1000, 0x1000, 0x1000, 0x1000, 0x1000, 0x1000, 0x1000, 0x0800, 0x0800, 0x0800,
  0x0800, 0x0800, 0x0800, 0x0800, 0x0800, 0x0800, 0x0800, 0x2860, 0x0000, 0x9260, 0xEBE0, 0x2081,
  0x38C1, 0x30C1, 0x30C1, 0x30C1, 0x30E1, 0x2081, 0x2903, 0x6981, 0x5860, 0x8A20, 0xF560, 0xFD60,
  0xFD60, 0xFD40, 0xFD60, 0xFD60, 0xFD60, 0xFE40, 0xFEE0, 0xFEC0, 0xFEE0, 0xFEE0, 0xFF00, 0xFF00,
  0xFF00, 0xFF00, 0xFF00, 0xFF40, 0xFF00, 0xFD60, 0xFBE0, 0xFBA0, 0xFBA0, 0xFB80, 0xFB40, 0xFB20,
  0xFB00, 0xFB00, 0xFAE0, 0xFAE0, 0xFAC0, 0xFAC0, 0xFAA0, 0xFA80, 0xFA80, 0xF280, 0xF260, 0xF260,
  0xF260, 0xF260, 0xF260, 0xF260, 0xF260, 0xF260, 0xF260, 0xEA40, 0xEA40, 0xEA40, 0xEA40, 0xEA40,
  0xEA40, 0xEA40, 0xEA40, 0xEA40,
  0x03FF, 0x03FF, 0x043F, 0x053F, 0x5EFF, 0x8FDF, 0x8F9F, 0x8F9F, 0x9FFF, 0x977F, 0x1D5F, 0x037F,
  0x2B3F, 0x029F, 0x025F, 0x023E, 0x01FD, 0x01FC, 0x01DC, 0x01BB, 0x019A, 0x0198, 0x0177, 0x0177,
  0x0156, 0x0156, 0x0155, 0x0135, 0x0134, 0x0134, 0x0134, 0x0134, 0x0133, 0x0133, 0x0133, 0x0133,
  0x0133, 0x0132, 0x0132, 0x0112, 0x0112, 0x0112, 0x0112, 0x0112, 0x0112, 0x0132, 0x0132, 0x0132,
  0x0112, 0x0153, 0x01D3, 0x0192, 0x0236, 0x19EF, 0x18C0, 0x10C5, 0x10C5, 0x10E5, 0x10A4, 0x11A8,
  0x1000, 0x0BF4, 0x059B, 0x01A8, 0x0000, 0x00A4, 0x0000, 0x0001, 0x0001, 0x0001, 0x0001, 0x0001,
  0x0001, 0x0001, 0x0001, 0x0001, 0x0001, 0x0001, 0x0001, 0x0001, 0x0001, 0x0001, 0x0022, 0x0023,
  0x0023, 0x0022, 0x0002, 0x0002, 0x0002, 0x0023, 0x0023, 0x0085, 0x0086, 0x0005, 0x0598, 0x07FF,
  0x07BF, 0x07BF, 0x0433, 0x0000, 0x0188, 0x0025, 0x0065, 0x0065, 0x0085, 0x0085, 0x0045, 0x0045,
  0x0066, 0x0086, 0x0087, 0x00A7, 0x00A8, 0x018A, 0x000A, 0x0414, 0x07BF, 0x07FF, 0x07FF, 0x067B,
  0x000B, 0x018A, 0x0004, 0x018A, 0x065A, 0x07DF, 0x077F, 0x04F5, 0x0000, 0x0106, 0x0063, 0x0023,
  0x0044, 0x0044, 0x0064, 0x0024, 0x0004, 0x0024, 0x0045, 0x0045, 0x0045, 0x0046, 0x00E7, 0x0109,
  0x000A, 0x06BB, 0x07DF, 0x07DF, 0x071D, 0x026E, 0x0007, 0x01CA, 0x0005, 0x03B1, 0x077E, 0x079F,
  0x07DF, 0x0536, 0x0005, 0x0087, 0x00A6, 0x0046, 0x0066, 0x0046, 0x0148, 0x0003, 0x061A, 0x07BF,
  0x077F, 0x077E, 0x030E, 0x0003, 0x00E6, 0x0023, 0x0023, 0x0002, 0x0002, 0x0001, 0x0001, 0x0001,
  0x0001, 0x0001, 0x0001, 0x0001, 0x0001, 0x0001, 0x0001, 0x0001, 0x0001, 0x0001, 0x0001, 0x0001,
  0x0001, 0x0001, 0x0021, 0x0000, 0x0000, 0x5AEC, 0x6B8E, 0x0000, 0x18C3, 0x0000, 0x0001, 0x0000,
  0x0000, 0x0000, 0x0820, 0x0000, 0x0000, 0x2060, 0x0000, 0x0000, 0x0000, 0x0000, 0x0000, 0x0000,
  0x0000, 0x0000, 0x0800, 0x0800, 0x0800, 0x1000, 0x1000, 0x4100, 0x0000, 0x82A0, 0xF4C0, 0xFCA0,
  0xFCE0, 0xC3C0, 0x3000, 0x2800, 0x3080, 0x2000, 0x2020, 0x2000, 0x40E0, 0x0000, 0xC400, 0xFD00,
  0xFCC0, 0xFD00, 0x8A80, 0x4000, 0x48A0, 0x4800, 0x5960, 0xECE0, 0xFD00, 0xFD20, 0xE4C0, 0x4800,
  0x4820, 0x3820, 0x3020, 0x3020, 0x3020, 0x3840, 0x3800, 0x7200, 0xF500, 0xFD00, 0xFD20, 0xDC60,
  0x2800, 0x50E0, 0x2800, 0x40C0, 0xDCA0, 0xFD40, 0xFD00, 0xB3A0, 0x0000, 0x5140, 0x2800, 0x5920,
  0xDCA0, 0xFD20, 0xFD00, 0xECA0, 0x6180, 0x2800, 0x40C0, 0x2800, 0x2800, 0x2800, 0x2800, 0x2000,
  0x2000, 0x2800, 0x2820, 0x2820, 0x2020, 0x2000, 0x3080, 0x3000, 0x1000, 0xC400, 0xFD20, 0xFD00,
  0xF500, 0x8AA0, 0x0000, 0x40C0, 0x2800, 0x2800, 0x2000, 0x2000, 0x2000, 0x1800, 0x1800, 0x2000,
  0x1800, 0x1800, 0x1000, 0x1000, 0x1000, 0x1000, 0x1000, 0x1000, 0x0800, 0x0800, 0x0800, 0x0800,
  0x0800, 0x0800, 0x0800, 0x0800, 0x0800, 0x0800, 0x0800, 0x2060, 0x0000, 0x8200, 0xEBE0, 0x38E1,
  0x30C1, 0x38E1, 0x30C1, 0x30C1, 0x30C1, 0x2081, 0x28E3, 0x6981, 0x60A0, 0x89E0, 0xF540, 0xFD60,
  0xFD60, 0xFD60, 0xFD60, 0xFD60, 0xFE40, 0xFEE0, 0xFEC0, 0xFEC0, 0xFEE0, 0xFEE0, 0xFEE0, 0xFF00,
  0xFEE0, 0xFF00, 0xFF40, 0xFE80, 0xFCC0, 0xFBE0, 0xFBC0, 0xFBA0, 0xFB60, 0xFB40, 0xFB20, 0xFB00,
  0xFB00, 0xFAE0, 0xFAC0, 0xFAC0, 0xFAA0, 0xFAA0, 0xFAA0, 0xFA80, 0xFA80, 0xF280, 0xF260, 0xF260,
  0xF260, 0xF260, 0xF280, 0xF280, 0xF280, 0xF260, 0xEA40, 0xEA40, 0xEA40, 0xEA40, 0xEA40, 0xEA40,
  0xEA40, 0xEA40, 0xEA40, 0xEA20,
  0x03BF, 0x03BF, 0x03FF, 0x031F, 0x031F, 0x45FF, 0x87BF, 0x9FDF, 0x9F9F, 0xA7DF, 0xA7BF, 0x4DBF,
  0x033F, 0x231F, 0x0A9F, 0x023F, 0x023E, 0x01FD, 0x01DC, 0x01DB, 0x01BA, 0x01B9, 0x0198, 0x0177,
  0x0157, 0x0156, 0x0155, 0x0155, 0x0155, 0x0154, 0x0134, 0x0134, 0x0134, 0x0133, 0x0133, 0x0133,
  0x0133, 0x0133, 0x0132, 0x0132, 0x0132, 0x0112, 0x0112, 0x0112, 0x0112, 0x0132, 0x0112, 0x0132,
  0x0112, 0x0153, 0x01B3, 0x0172, 0x0256, 0x19CE, 0x18A0, 0x10C5, 0x10C5, 0x10C5, 0x10A4, 0x11A8,
  0x1000, 0x0C36, 0x055B, 0x0146, 0x0000, 0x00A4, 0x0000, 0x0001, 0x0001, 0x0001, 0x0001, 0x0001,
  0x0001, 0x0001, 0x0001, 0x0001, 0x0001, 0x0001, 0x0001, 0x0001, 0x0001, 0x0001, 0x0022, 0x0023,
  0x0023, 0x0002, 0x0002, 0x0002, 0x0002, 0x0023, 0x0023, 0x0084, 0x0045, 0x0004, 0x05D8, 0x07DF,
  0x07BF, 0x077E, 0x0370, 0x0003, 0x0168, 0x0045, 0x0065, 0x0086, 0x0066, 0x0086, 0x0188, 0x01A9,
  0x01AA, 0x01AA, 0x01CA, 0x01CB, 0x01CC, 0x022D, 0x000C, 0x0455, 0x079E, 0x07DF, 0x07DF, 0x05F9,
  0x0006, 0x0148, 0x00C6, 0x0005, 0x02AD, 0x03F1, 0x036F, 0x0188, 0x0000, 0x00A4, 0x0003, 0x0023,
  0x0044, 0x0064, 0x0004, 0x0147, 0x01A8, 0x01A8, 0x01A9, 0x01A9, 0x01A9, 0x01AA, 0x01EA, 0x01CB,
  0x01AC, 0x06BB, 0x079F, 0x07DF, 0x06BC, 0x01CC, 0x0005, 0x01C9, 0x0000, 0x0412, 0x079F, 0x077F,
  0x07BF, 0x0557, 0x0009, 0x01CA, 0x01CA, 0x01A9, 0x01A9, 0x01AA, 0x020B, 0x0008, 0x065A, 0x079F,
  0x077F, 0x073E, 0x028C, 0x0004, 0x00C5, 0x0023, 0x0023, 0x0002, 0x0002, 0x0001, 0x0001, 0x0001,
  0x0001, 0x0001, 0x0001, 0x0001, 0x0001, 0x0001, 0x0001, 0x0001, 0x0001, 0x0001, 0x0001, 0x0001,
  0x0001, 0x0001, 0x0001, 0x0000, 0x0000, 0x5AEB, 0x6B6E, 0x0000, 0x18C3, 0x0000, 0x0001, 0x0000,
  0x0000, 0x0800, 0x0000, 0x3900, 0x20C0, 0x0000, 0x2880, 0x1020, 0x0000, 0x0000, 0x0000, 0x0000,
  0x0000, 0x0000, 0x0800, 0x0800, 0x0800, 0x1000, 0x1000, 0x38E0, 0x0000, 0x8280, 0xF4A0, 0xFCA0,
  0xFCE0, 0xBBA0, 0x2800, 0x2000, 0x2880, 0x2000, 0x2020, 0x2000, 0x40E0, 0x0000, 0xBBE0, 0xFCC0,
  0xFCA0, 0xF4E0, 0x8260, 0x3800, 0x4080, 0x4000, 0x5120, 0xE4A0, 0xFCE0, 0xFD00, 0xE4A0, 0x5900,
  0x5900, 0x5100, 0x5100, 0x5100, 0x5100, 0x5100, 0x4880, 0x7200, 0xECC0, 0xFCC0, 0xFCE0, 0xD440,
  0x0000, 0x40C0, 0x2800, 0x2000, 0x59C0, 0x8280, 0x7A40, 0x4120, 0x1800, 0x38C0, 0x1800, 0x40C0,
  0xD440, 0xFCE0, 0xFCC0, 0xE480, 0x71E0, 0x4000, 0x5960, 0x4900, 0x4900, 0x4900, 0x48E0, 0x40E0,
  0x4100, 0x38A0, 0x2800, 0x2820, 0x2020, 0x2000, 0x2860, 0x3040, 0x0000, 0xC3E0, 0xFD20, 0xFCE0,
  0xF4E0, 0x92C0, 0x2800, 0x5140, 0x4900, 0x4900, 0x40E0, 0x40E0, 0x40E0, 0x4100, 0x30A0, 0x2000,
  0x2000, 0x1800, 0x1800, 0x1000, 0x1000, 0x1000, 0x1000, 0x1000, 0x1000, 0x0800, 0x0800, 0x0800,
  0x0800, 0x0800, 0x0800, 0x0800, 0x0800, 0x0800, 0x0800, 0x2040, 0x0000, 0x71A0, 0xEBE0, 0x4941,
  0x28A1, 0x38E1, 0x30C1, 0x30C1, 0x30C1, 0x2081, 0x20E3, 0x6981, 0x60C0, 0x8180, 0xED40, 0xFD80,
  0xFD60, 0xFD80, 0xFD80, 0xFE20, 0xFEC0, 0xFEC0, 0xFEC0, 0xFEC0, 0xFEE0, 0xFEE0, 0xFEE0, 0xFEE0,
  0xFF00, 0xFF00, 0xFDE0, 0xFC60, 0xFC00, 0xFBE0, 0xFBA0, 0xFB60, 0xFB40, 0xFB20, 0xFB20, 0xFB00,
  0xFAE0, 0xFAE0, 0xFAC0, 0xFAA0, 0xFAA0, 0xFAA0, 0xFAA0, 0xFA80, 0xFA80, 0xF280, 0xF260, 0xF260,
  0xF280, 0xF280, 0xF280, 0xF260, 0xEA60, 0xEA60, 0xEA40, 0xEA40, 0xEA40, 0xEA40, 0xEA40, 0xEA40,
  0xEA40, 0xEA40, 0xEA40, 0xE220,
  0x039F, 0x03DF, 0x037F, 0x01FE, 0x021F, 0x025F, 0x24BF, 0x7F3F, 0xA7DF, 0xA79F, 0xAFDF, 0xB7DF,
  0x7E5F, 0x03BF, 0x131F, 0x1ABF, 0x023F, 0x023E, 0x01FD, 0x01DC, 0x01BB, 0x01BA, 0x0199, 0x0178,
  0x0157, 0x0156, 0x0156, 0x0155, 0x0155, 0x0155, 0x0155, 0x0154, 0x0134, 0x0134, 0x0133, 0x0133,
  0x0133, 0x0133, 0x0133, 0x0132, 0x0132, 0x0132, 0x0112, 0x0132, 0x0132, 0x0132, 0x0132, 0x0132,
  0x00F2, 0x0173, 0x01D3, 0x0172, 0x0256, 0x19CD, 0x1880, 0x10C5, 0x10C5, 0x10C5, 0x10A4, 0x11A8,
  0x1000, 0x0C97, 0x053A, 0x00A3, 0x0000, 0x00A4, 0x0000, 0x0001, 0x0001, 0x0001, 0x0001, 0x0001,
  0x0001, 0x0001, 0x0001, 0x0001, 0x0001, 0x0001, 0x0001, 0x0001, 0x0001, 0x0001, 0x0023, 0x0023,
  0x0023, 0x0002, 0x0002, 0x0002, 0x0002, 0x0022, 0x0023, 0x0084, 0x0005, 0x0003, 0x067A, 0x07BF,
  0x077E, 0x079E, 0x030F, 0x0005, 0x0168, 0x0045, 0x0086, 0x0066, 0x0108, 0x0189, 0x0006, 0x0007,
  0x0009, 0x000A, 0x000A, 0x000C, 0x000D, 0x000E, 0x000A, 0x0414, 0x07BF, 0x07BF, 0x079F, 0x0597,
  0x0000, 0x0167, 0x00A6, 0x0065, 0x0001, 0x0000, 0x0000, 0x0001, 0x0083, 0x0003, 0x0023, 0x0043,
  0x0023, 0x0065, 0x0188, 0x0003, 0x0000, 0x0002, 0x0005, 0x0007, 0x0007, 0x0007, 0x0009, 0x0009,
  0x000A, 0x071D, 0x079F, 0x079F, 0x06BC, 0x016B, 0x0005, 0x01EA, 0x0000, 0x04D5, 0x079F, 0x079F,
  0x07FF, 0x0474, 0x0003, 0x0007, 0x0004, 0x0000, 0x0000, 0x0002, 0x0007, 0x0000, 0x06BC, 0x07DF,
  0x077E, 0x075E, 0x028C, 0x0003, 0x00C5, 0x0023, 0x0022, 0x0002, 0x0002, 0x0001, 0x0001, 0x0001,
  0x0001, 0x0001, 0x0001, 0x0001, 0x0001, 0x0001, 0x0001, 0x0001, 0x0001, 0x0001, 0x0001, 0x0001,
  0x0001, 0x0001, 0x0021, 0x0000, 0x0000, 0x5ACB, 0x6B6D, 0x0000, 0x18C3, 0x0000, 0x0000, 0x0000,
  0x0000, 0x2880, 0x0000, 0x7A00, 0xD380, 0x8200, 0x0000, 0x2840, 0x2060, 0x0000, 0x0000, 0x0000,
  0x0000, 0x0000, 0x0800, 0x0800, 0x0800, 0x1000, 0x0800, 0x3900, 0x0000, 0x8AC0, 0xF4A0, 0xFC60,
  0xFCC0, 0xBBC0, 0x0000, 0x1000, 0x2880, 0x1800, 0x2000, 0x1800, 0x40E0, 0x0000, 0xCC20, 0xFCE0,
  0xFC80, 0xFD00, 0x8AA0, 0x2800, 0x4080, 0x4000, 0x5960, 0xF4E0, 0xFCC0, 0xFCE0, 0xDC80, 0x0000,
  0x2800, 0x3000, 0x2800, 0x0800, 0x0000, 0x1800, 0x0000, 0x4800, 0xF4E0, 0xFCC0, 0xF4A0, 0xD420,
  0x0000, 0x38A0, 0x2820, 0x2820, 0x0000, 0x0000, 0x0000, 0x1000, 0x2020, 0x3080, 0x0000, 0x38C0,
  0xD420, 0xFCC0, 0xFCE0, 0xECC0, 0x5020, 0x2000, 0x4800, 0x2800, 0x1800, 0x0000, 0x0000, 0x0000,
  0x0000, 0x2800, 0x40E0, 0x2800, 0x2800, 0x2000, 0x2860, 0x3840, 0x0000, 0xC3E0, 0xFCE0, 0xFCA0,
  0xFCE0, 0x8A60, 0x0000, 0x3000, 0x0000, 0x0000, 0x0000, 0x0000, 0x0000, 0x0000, 0x1000, 0x38C0,
  0x2820, 0x1800, 0x1800, 0x1800, 0x1000, 0x1000, 0x1000, 0x1000, 0x0800, 0x0800, 0x0800, 0x0800,
  0x0800, 0x0800, 0x0800, 0x0800, 0x0800, 0x0800, 0x0800, 0x1820, 0x0000, 0x5940, 0xEBE0, 0x6181,
  0x2081, 0x38E1, 0x30C1, 0x30C1, 0x30C2, 0x20A1, 0x20E3, 0x6981, 0x60E0, 0x7900, 0xED20, 0xFDC0,
  0xFDA0, 0xFD80, 0xFE00, 0xFEC0, 0xFEC0, 0xFEC0, 0xFEC0, 0xFEC0, 0xFEE0, 0xFEC0, 0xFEE0, 0xFF00,
  0xFE80, 0xFD40, 0xFC40, 0xFC20, 0xFC00, 0xFBA0, 0xFB80, 0xFB60, 0xFB40, 0xFB20, 0xFB00, 0xFAE0,
  0xFAE0, 0xFAC0, 0xFAC0, 0xFAA0, 0xFAA0, 0xFAA0, 0xFAA0, 0xFA80, 0xFA80, 0xFA80, 0xFA80, 0xFA80,
  0xF280, 0xF260, 0xEA60, 0xEA60, 0xEA60, 0xEA60, 0xEA40, 0xEA40, 0xEA40, 0xEA60, 0xEA60, 0xEA40,
  0xEA40, 0xEA60, 0xE220, 0xD1E0,
  0x039F, 0x039F, 0x021D, 0x01DD, 0x023E, 0x023F, 0x021F, 0x039F, 0x5E5F, 0xA7BF, 0xB7DF, 0xBFDF,
  0xC7FF, 0x96FF, 0x043F, 0x02BF, 0x1ADF, 0x025F, 0x021E, 0x01FD, 0x01DC, 0x01DB, 0x01BA, 0x0198,
  0x0178, 0x0157, 0x0156, 0x0156, 0x0155, 0x0155, 0x0155, 0x0155, 0x0154, 0x0134, 0x0134, 0x0134,
  0x0133, 0x0133, 0x0133, 0x0133, 0x0133, 0x0132, 0x0132, 0x0132, 0x0132, 0x0133, 0x0132, 0x0133,
  0x0112, 0x0194, 0x01B2, 0x0172, 0x0A76, 0x19CC, 0x1860, 0x10C6, 0x10C5, 0x10C5, 0x10A4, 0x11A8,
  0x1000, 0x0CD8, 0x04F9, 0x0000, 0x0000, 0x00A4, 0x0000, 0x0001, 0x0001, 0x0001, 0x0001, 0x0001,
  0x0001, 0x0001, 0x0001, 0x0001, 0x0001, 0x0001, 0x0001, 0x0001, 0x0001, 0x0001, 0x0022, 0x0023,
  0x0002, 0x0002, 0x0002, 0x0023, 0x0023, 0x0023, 0x0023, 0x0085, 0x00A6, 0x0005, 0x0494, 0x07DF,
  0x07FF, 0x06BB, 0x00A9, 0x00C8, 0x00E7, 0x0066, 0x0066, 0x0128, 0x0007, 0x0005, 0x04B5, 0x063B,
  0x05FA, 0x05FA, 0x05FA, 0x061A, 0x063B, 0x063B, 0x063B, 0x0518, 0x05D9, 0x07FF, 0x07DF, 0x04D5,
  0x0000, 0x0188, 0x0024, 0x0064, 0x0064, 0x0064, 0x0063, 0x0063, 0x0023, 0x0023, 0x0023, 0x0003,
  0x00A5, 0x00E6, 0x0000, 0x03D1, 0x05D8, 0x05D9, 0x05D9, 0x05F9, 0x05F9, 0x05F9, 0x05F9, 0x065B,
  0x0578, 0x04D6, 0x075E, 0x07FF, 0x0619, 0x0009, 0x0005, 0x01C9, 0x0000, 0x0453, 0x079F, 0x07DF,
  0x0577, 0x04D5, 0x05D9, 0x05D8, 0x05B8, 0x05B7, 0x0597, 0x0597, 0x05B8, 0x0598, 0x0474, 0x077E,
  0x0FFF, 0x06DC, 0x0109, 0x0065, 0x0084, 0x0023, 0x0022, 0x0002, 0x0002, 0x0001, 0x0001, 0x0001,
  0x0001, 0x0001, 0x0001, 0x0001, 0x0001, 0x0001, 0x0001, 0x0001, 0x0001, 0x0001, 0x0001, 0x0001,
  0x0001, 0x0000, 0x0001, 0x0000, 0x0000, 0x5ACB, 0x6B6D, 0x0000, 0x18C3, 0x0000, 0x0000, 0x0000,
  0x0000, 0x2880, 0x0000, 0x69A0, 0xF3A0, 0xFBE0, 0x9AA0, 0x0000, 0x0000, 0x30A0, 0x0000, 0x0000,
  0x0000, 0x0000, 0x0000, 0x0800, 0x0800, 0x1000, 0x0800, 0x30C0, 0x0000, 0x6A00, 0xEC80, 0xFCE0,
  0xF4A0, 0x7A60, 0x0000, 0x2820, 0x2020, 0x1800, 0x1800, 0x1800, 0x30A0, 0x0000, 0x7A80, 0xECC0,
  0xFD01, 0xF4E1, 0x7200, 0x2800, 0x3860, 0x4060, 0x3800, 0xDCA0, 0xFD40, 0xF4C0, 0x92E0, 0xBBA0,
  0xC400, 0xC400, 0xC400, 0xC3E0, 0xC3E0, 0xC3E0, 0xCC00, 0xB3A0, 0xAB40, 0xFD00, 0xFD00, 0xC400,
  0x0000, 0x40C0, 0x2820, 0x2020, 0x2020, 0x2020, 0x2020, 0x2020, 0x2000, 0x2880, 0x1000, 0x2800,
  0xCBE0, 0xFD20, 0xEC80, 0xA320, 0xB3A0, 0xD460, 0xC420, 0xCC20, 0xC400, 0xC3E0, 0xBBE0, 0xBBE0,
  0xBC00, 0x7A40, 0x0000, 0x48E0, 0x3040, 0x2800, 0x2840, 0x40C0, 0x0000, 0xA340, 0xFD00, 0xFCE0,
  0xB380, 0xA340, 0xC420, 0xC400, 0xBBE0, 0xBBC0, 0xBBA0, 0xBBA0, 0xBBA0, 0xBC00, 0x7A60, 0x0000,
  0x3020, 0x3060, 0x1800, 0x1800, 0x1000, 0x1000, 0x1000, 0x1000, 0x0800, 0x0800, 0x0800, 0x0800,
  0x0800, 0x0800, 0x0800, 0x0800, 0x0800, 0x0800, 0x0800, 0x1820, 0x0000, 0x48C0, 0xEBE0, 0x71E1,
  0x1061, 0x38E1, 0x30C1, 0x30C1, 0x30C2, 0x28A1, 0x18C3, 0x6982, 0x6900, 0x70A0, 0xE500, 0xFDE0,
  0xFDA0, 0xFE00, 0xFEA0, 0xFEC0, 0xFEC0, 0xFEC0, 0xFEC0, 0xFEC0, 0xFEC0, 0xFEE0, 0xFEC0, 0xFE00,
  0xFCE0, 0xFC40, 0xFC20, 0xFC00, 0xFBC0, 0xFBA0, 0xFB60, 0xFB40, 0xFB20, 0xFB00, 0xFB00, 0xFAE0,
  0xFAE0, 0xFAC0, 0xFAC0, 0xFAA0, 0xFAA0, 0xFAA0, 0xFAA0, 0xFA80, 0xFAA0, 0xFAA0, 0xFA80, 0xF260,
  0xF260, 0xEA60, 0xEA60, 0xEA60, 0xEA60, 0xEA60, 0xEA60, 0xEA40, 0xEA60, 0xEA60, 0xEA40, 0xF260,
  0xEA60, 0xDA20, 0xD1E0, 0xD1E0,
  0x039F, 0x025D, 0x019C, 0x01FC, 0x01FD, 0x021E, 0x023E, 0x023F, 0x02FF, 0x357F, 0x9F5F, 0xCFFF,
  0xC7DF, 0xC7FF, 0xA73F, 0x249F, 0x023F, 0x22DF, 0x023F, 0x01FD, 0x01FC, 0x01DC, 0x01DB, 0x01B9,
  0x0198, 0x0178, 0x0157, 0x0156, 0x0156, 0x0155, 0x0155, 0x0155, 0x0154, 0x0154, 0x0154, 0x0134,
  0x0134, 0x0133, 0x0133, 0x0133, 0x0133, 0x0133, 0x0132, 0x0132, 0x0133, 0x0133, 0x0133, 0x0133,
  0x0112, 0x0194, 0x01B2, 0x0172, 0x0275, 0x19CC, 0x1860, 0x10C6, 0x10C5, 0x10C5, 0x10C4, 0x1188,
  0x1000, 0x04D9, 0x04B8, 0x0000, 0x0000, 0x0083, 0x0000, 0x0001, 0x0001, 0x0001, 0x0001, 0x0001,
  0x0001, 0x0001, 0x0001, 0x0001, 0x0001, 0x0001, 0x0001, 0x0001, 0x0001, 0x0001, 0x0002, 0x0002,
  0x0002, 0x0023, 0x0023, 0x0023, 0x0023, 0x0043, 0x0044, 0x0065, 0x00C6, 0x0088, 0x0007, 0x0515,
  0x067B, 0x018B, 0x0006, 0x0127, 0x0065, 0x0086, 0x0128, 0x0088, 0x012B, 0x0598, 0x07BF, 0x07FF,
  0x07DF, 0x07DF, 0x07DF, 0x07DF, 0x07FF, 0x07DF, 0x07FF, 0x0FBF, 0x0578, 0x05FA, 0x05D8, 0x0007,
  0x00A6, 0x00E6, 0x0023, 0x0043, 0x0043, 0x0043, 0x0043, 0x0022, 0x0002, 0x0022, 0x0023, 0x0084,
  0x0106, 0x0003, 0x0494, 0x077E, 0x07FF, 0x07DF, 0x07BF, 0x07DF, 0x07DF, 0x07FF, 0x07FF, 0x07DF,
  0x07FF, 0x0619, 0x0558, 0x05D9, 0x024D, 0x0006, 0x00E7, 0x0065, 0x0147, 0x0000, 0x0577, 0x0556,
  0x0556, 0x07BF, 0x07DF, 0x07DF, 0x07DF, 0x07BF, 0x079F, 0x07BF, 0x07BF, 0x07DF, 0x067B, 0x04D5,
  0x067B, 0x02CE, 0x0005, 0x00C6, 0x0023, 0x0023, 0x0002, 0x0002, 0x0001, 0x0001, 0x0001, 0x0001,
  0x0001, 0x0001, 0x0001, 0x0001, 0x0001, 0x0001, 0x0001, 0x0001, 0x0001, 0x0001, 0x0001, 0x0001,
  0x0001, 0x0001, 0x0001, 0x0000, 0x0000, 0x5ACB, 0x6B4D, 0x0000, 0x18C3, 0x0000, 0x0000, 0x0000,
  0x0000, 0x2880, 0x0000, 0x69A0, 0xEB80, 0xFBC0, 0xFBE0, 0xCB20, 0x30C0, 0x0000, 0x1000, 0x1000,
  0x0000, 0x0000, 0x0000, 0x0800, 0x0800, 0x0800, 0x1000, 0x1000, 0x30C0, 0x0000, 0x8A80, 0xDC40,
  0x8A80, 0x0000, 0x2820, 0x2040, 0x1800, 0x1800, 0x1800, 0x2020, 0x2000, 0x38C0, 0x0000, 0x7A40,
  0xDC61, 0x8A80, 0x1800, 0x3040, 0x2820, 0x3080, 0x2800, 0x69C0, 0xDCA0, 0xAB60, 0xDC60, 0xFD20,
  0xFD20, 0xFD00, 0xFD00, 0xFCE0, 0xFCE0, 0xFCE0, 0xFD00, 0xFD00, 0xCBC0, 0xAB40, 0xD420, 0x5940,
  0x3000, 0x3080, 0x2000, 0x2000, 0x1800, 0x1820, 0x1800, 0x1800, 0x1800, 0x1800, 0x2860, 0x0000,
  0x6180, 0xC3C0, 0xAB60, 0xC3E0, 0xFD40, 0xFD20, 0xFD40, 0xFD20, 0xFD20, 0xFD00, 0xFD00, 0xFD00,
  0xFD40, 0xECE0, 0x9AC0, 0x2800, 0x40C0, 0x3860, 0x2800, 0x3880, 0x3800, 0x3000, 0xB380, 0xBBA0,
  0xB360, 0xF4C0, 0xFD20, 0xFD20, 0xFD20, 0xFD00, 0xFCE0, 0xFCE0, 0xFCE0, 0xFD20, 0xF4C0, 0x9B00,
  0x1800, 0x3860, 0x3060, 0x1800, 0x1800, 0x1000, 0x1000, 0x1000, 0x0800, 0x0800, 0x0800, 0x0800,
  0x0800, 0x0800, 0x0800, 0x0800, 0x0800, 0x0800, 0x0800, 0x1000, 0x0000, 0x2820, 0xEBE0, 0x8221,
  0x0001, 0x38E1, 0x30C1, 0x30C1, 0x30E2, 0x28A1, 0x10C3, 0x6982, 0x6900, 0x6800, 0xE4E0, 0xFE00,
  0xFDE0, 0xFEA0, 0xFEA0, 0xFEA0, 0xFEC0, 0xFEC0, 0xFEC0, 0xFEC0, 0xFEE0, 0xFE80, 0xFD80, 0xFCA0,
  0xFC60, 0xFC20, 0xFC00, 0xFBC0, 0xFBA0, 0xFB80, 0xFB60, 0xFB20, 0xFB20, 0xFB00, 0xFAE0, 0xFAE0,
  0xFAC0, 0xFAC0, 0xFAC0, 0xFAA0, 0xFAA0, 0xFAA0, 0xFAA0, 0xFAA0, 0xFAA0, 0xF280, 0xF260, 0xEA60,
  0xEA60, 0xEA60, 0xEA60, 0xEA60, 0xEA60, 0xEA60, 0xEA60, 0xEA60, 0xEA60, 0xEA60, 0xF280, 0xEA60,
  0xDA00, 0xD1E0, 0xD200, 0xD1E0,
  0x02DE, 0x019D, 0x01DC, 0x01BC, 0x01DC, 0x01DD, 0x021D, 0x023E, 0x0A5F, 0x029F, 0x045F, 0x7EBF,
  0xCFDF, 0xD7DF, 0xBFDF, 0xA77F, 0x453F, 0x01FF, 0x1A9F, 0x025E, 0x01FD, 0x01FC, 0x01DB, 0x01DA,
  0x0199, 0x0178, 0x0177, 0x0176, 0x0156, 0x0156, 0x0155, 0x0155, 0x0155, 0x0154, 0x0154, 0x0154,
  0x0154, 0x0134, 0x0133, 0x0133, 0x0133, 0x0133, 0x0133, 0x0133, 0x0133, 0x0133, 0x0133, 0x0133,
  0x0113, 0x01B4, 0x0192, 0x0192, 0x0255, 0x19AB, 0x1860, 0x10C6, 0x10C5, 0x10C5, 0x10C5, 0x1168,
  0x1000, 0x04FA, 0x0478, 0x0000, 0x0000, 0x0083, 0x0000, 0x0001, 0x0001, 0x0001, 0x0001, 0x0001,
  0x0001, 0x0001, 0x0001, 0x0001, 0x0001, 0x0001, 0x0001, 0x0001, 0x0001, 0x0001, 0x0001, 0x0002,
  0x0023, 0x0023, 0x0023, 0x0023, 0x0023, 0x0023, 0x0044, 0x0044, 0x0065, 0x0107, 0x0006, 0x008A,
  0x026E, 0x0003, 0x0169, 0x0026, 0x0086, 0x00C7, 0x0007, 0x0008, 0x03D3, 0x077E, 0x07FF, 0x07BF,
  0x07DF, 0x07BF, 0x07BF, 0x079F, 0x079F, 0x07BF, 0x07BF, 0x07FF, 0x075E, 0x02D0, 0x0003, 0x0148,
  0x00A6, 0x0044, 0x0043, 0x0023, 0x0023, 0x0022, 0x0002, 0x0022, 0x0002, 0x0022, 0x0002, 0x0146,
  0x0000, 0x020B, 0x071D, 0x07FF, 0x07BF, 0x07BF, 0x079F, 0x079F, 0x079F, 0x07BF, 0x07BF, 0x077E,
  0x07BF, 0x077E, 0x03F3, 0x0006, 0x0005, 0x00C7, 0x0085, 0x0044, 0x0065, 0x0147, 0x0000, 0x03F2,
  0x0FFF, 0x0FDF, 0x079F, 0x079F, 0x077F, 0x075F, 0x075F, 0x077F, 0x077F, 0x077F, 0x07FF, 0x04F6,
  0x000A, 0x0004, 0x0107, 0x0024, 0x0043, 0x0022, 0x0002, 0x0002, 0x0001, 0x0001, 0x0001, 0x0001,
  0x0001, 0x0001, 0x0001, 0x0001, 0x0001, 0x0001, 0x0001, 0x0001, 0x0001, 0x0001, 0x0001, 0x0001,
  0x0001, 0x0001, 0x0021, 0x0000, 0x0000, 0x5ACB, 0x6B4D, 0x0000, 0x18C3, 0x0000, 0x0000, 0x0000,
  0x0000, 0x2880, 0x0000, 0x69C0, 0xEBA0, 0xFBA0, 0xFB60, 0xFBA0, 0xE340, 0x8A00, 0x0000, 0x0000,
  0x1000, 0x0000, 0x0000, 0x0800, 0x0800, 0x0800, 0x1000, 0x1000, 0x2060, 0x0800, 0x0000, 0x5980,
  0x1000, 0x2800, 0x2860, 0x1800, 0x1800, 0x1800, 0x1800, 0x1800, 0x2000, 0x2840, 0x4060, 0x0000,
  0x61C0, 0x0000, 0x2800, 0x2840, 0x2820, 0x2800, 0x3880, 0x2800, 0x4800, 0xB3A0, 0xFD40, 0xFCA0,
  0xFCC0, 0xFCC0, 0xFCA0, 0xFCA0, 0xFCA0, 0xFCA0, 0xFCA0, 0xFC80, 0xFCC0, 0x92A0, 0x3000, 0x2800,
  0x40A0, 0x2000, 0x2020, 0x1800, 0x1800, 0x1800, 0x1000, 0x1000, 0x1800, 0x1800, 0x2000, 0x2860,
  0x2800, 0x0000, 0xABA0, 0xFD80, 0xFCE0, 0xFCE0, 0xFCC0, 0xFCC0, 0xFCC0, 0xFCC0, 0xFCC0, 0xFCC0,
  0xFCE0, 0xFD00, 0xC3C0, 0x48A0, 0x3800, 0x2800, 0x3060, 0x2000, 0x3880, 0x3000, 0x0000, 0x7200,
  0xECA0, 0xFCE0, 0xF4A0, 0xFCC0, 0xFCC0, 0xFCC0, 0xFCA0, 0xFCA0, 0xFCC0, 0xFC80, 0xFD00, 0xCC00,
  0x59A0, 0x0000, 0x2800, 0x2040, 0x1800, 0x1000, 0x1000, 0x1000, 0x0800, 0x0800, 0x0800, 0x0800,
  0x0800, 0x0800, 0x0800, 0x0800, 0x0800, 0x0800, 0x0800, 0x0800, 0x1020, 0x0000, 0xE3C0, 0x8A41,
  0x0001, 0x38E1, 0x30C2, 0x30C1, 0x30E2, 0x28A1, 0x10C2, 0x6162, 0x7120, 0x6800, 0xDCA0, 0xFE40,
  0xFE80, 0xFEA0, 0xFEA0, 0xFEA0, 0xFEA0, 0xFEA0, 0xFEC0, 0xFEA0, 0xFDE0, 0xFD20, 0xFCA0, 0xFC60,
  0xFC20, 0xFC00, 0xFBC0, 0xFBA0, 0xFB80, 0xFB60, 0xFB40, 0xFB20, 0xFB00, 0xFB00, 0xFAE0, 0xFAE0,
  0xFAC0, 0xFAC0, 0xFAC0, 0xFAA0, 0xFAA0, 0xFAC0, 0xFAC0, 0xF2A0, 0xEA60, 0xEA60, 0xEA60, 0xEA60,
  0xEA60, 0xEA60, 0xEA60, 0xEA60, 0xEA60, 0xEA60, 0xEA80, 0xF260, 0xF280, 0xF280, 0xE240, 0xD200,
  0xD200, 0xD200, 0xD1E0, 0xD1E0,
  0x01FE, 0x01FE, 0x01DD, 0x01BC, 0x01DC, 0x01DC, 0x01FD, 0x01FD, 0x021E, 0x0A5F, 0x025F, 0x037F,
  0x4DDF, 0xBF9F, 0xDFFF, 0xBFDF, 0x977F, 0x5DBF, 0x025F, 0x023F, 0x127E, 0x01FD, 0x01FC, 0x01DB,
  0x01BA, 0x0199, 0x0178, 0x0177, 0x0177, 0x0176, 0x0176, 0x0155, 0x0155, 0x0155, 0x0155, 0x0154,
  0x0154, 0x0154, 0x0154, 0x0133, 0x0133, 0x0133, 0x0133, 0x0133, 0x0133, 0x0133, 0x0133, 0x0153,
  0x0133, 0x01B5, 0x0191, 0x0192, 0x0A34, 0x198A, 0x1060, 0x10C6, 0x10E5, 0x10C5, 0x10E5, 0x1147,
  0x1000, 0x053A, 0x0436, 0x0000, 0x0000, 0x0063, 0x0000, 0x0001, 0x0001, 0x0001, 0x0001, 0x0001,
  0x0001, 0x0001, 0x0001, 0x0001, 0x0001, 0x0001, 0x0001, 0x0001, 0x0001, 0x0001, 0x0022, 0x0023,
  0x0002, 0x0023, 0x0023, 0x0023, 0x0023, 0x0043, 0x0044, 0x0065, 0x00E6, 0x0003, 0x01EB, 0x06BC,
  0x071D, 0x022E, 0x0008, 0x0128, 0x00E7, 0x0005, 0x01AB, 0x065B, 0x06DC, 0x0474, 0x077E, 0x07FF,
  0x07FF, 0x07FF, 0x07FF, 0x07DF, 0x07BF, 0x07DF, 0x07FF, 0x073D, 0x03B1, 0x0006, 0x0148, 0x00A6,
  0x0045, 0x0044, 0x0043, 0x0023, 0x0003, 0x0023, 0x0002, 0x0002, 0x0022, 0x0022, 0x0023, 0x0023,
  0x0167, 0x0000, 0x03B1, 0x075E, 0x07FF, 0x07BF, 0x07BF, 0x07DF, 0x07FF, 0x07FF, 0x07DF, 0x07FF,
  0x075E, 0x03D2, 0x061A, 0x067B, 0x026C, 0x0003, 0x00C6, 0x0065, 0x0045, 0x00A6, 0x0149, 0x0008,
  0x0597, 0x07DF, 0x07DF, 0x079F, 0x079F, 0x07BF, 0x07DF, 0x07DF, 0x07DF, 0x07BF, 0x0557, 0x0577,
  0x075E, 0x03B1, 0x0002, 0x00C5, 0x0023, 0x0022, 0x0002, 0x0002, 0x0002, 0x0001, 0x0001, 0x0001,
  0x0001, 0x0001, 0x0001, 0x0001, 0x0001, 0x0001, 0x0001, 0x0001, 0x0001, 0x0001, 0x0001, 0x0001,
  0x0001, 0x0001, 0x0021, 0x0000, 0x0000, 0x5ACB, 0x6B6E, 0x0000, 0x18C3, 0x0000, 0x0000, 0x0000,
  0x0000, 0x2880, 0x0000, 0x69C0, 0xEB80, 0xFB80, 0xF340, 0xFB40, 0xFBA0, 0xD300, 0x30A0, 0x0000,
  0x2040, 0x0000, 0x0000, 0x0800, 0x0800, 0x0800, 0x1000, 0x1020, 0x3080, 0x0000, 0xA300, 0xFC60,
  0xB300, 0x0000, 0x2000, 0x2840, 0x1800, 0x1800, 0x1800, 0x1800, 0x2020, 0x40A0, 0x0000, 0xAB40,
  0xFCC1, 0xAB20, 0x2000, 0x3000, 0x2820, 0x3880, 0x1800, 0x8260, 0xF4C0, 0xBB80, 0xBBA0, 0xFCE0,
  0xFCC0, 0xFCE0, 0xFCE0, 0xFCE0, 0xFCC0, 0xFCE0, 0xFCE1, 0xFCC1, 0xB320, 0xBBA0, 0xF4A0, 0x7A00,
  0x2000, 0x38A0, 0x2000, 0x2000, 0x1800, 0x1800, 0x1000, 0x1000, 0x1800, 0x1800, 0x1800, 0x2000,
  0x3080, 0x2800, 0x4880, 0xC3E0, 0xFD20, 0xFCE0, 0xFCC0, 0xFCC0, 0xFCE0, 0xFD00, 0xFD20, 0xFD20,
  0xFD00, 0xB360, 0xAB40, 0xF4C0, 0xAB40, 0x0000, 0x3860, 0x38A0, 0x2800, 0x3020, 0xD400, 0xE440,
  0xA300, 0xECC0, 0xFD60, 0xFD20, 0xFD00, 0xFCE0, 0xFCE0, 0xFD00, 0xFD00, 0xFD41, 0xCBE0, 0xA320,
  0xF4E0, 0xB3C0, 0x1000, 0x1800, 0x2040, 0x1800, 0x1000, 0x1000, 0x1000, 0x0800, 0x0800, 0x0800,
  0x0800, 0x0800, 0x0800, 0x0800, 0x0800, 0x0800, 0x0800, 0x0800, 0x2040, 0x0000, 0xE3A0, 0xA281,
  0x0001, 0x38E1, 0x30C1, 0x30C1, 0x30C1, 0x28A1, 0x10A2, 0x6162, 0x7120, 0x6800, 0xD4C0, 0xFEC0,
  0xFE80, 0xFEA0, 0xFEA0, 0xFEA0, 0xFEA0, 0xFEC0, 0xFE40, 0xFD80, 0xFCE0, 0xFCA0, 0xFC60, 0xFC20,
  0xFC00, 0xFBE0, 0xFBA0, 0xFB80, 0xFB80, 0xFB60, 0xFB40, 0xFB20, 0xFB00, 0xFB00, 0xFAE0, 0xFAE0,
  0xFAC0, 0xFAC0, 0xFAA0, 0xFAC0, 0xFAE0, 0xFAA0, 0xF280, 0xF260, 0xF260, 0xEA60, 0xEA60, 0xEA60,
  0xEA60, 0xEA60, 0xEA60, 0xEA60, 0xF280, 0xF280, 0xF280, 0xF280, 0xEA60, 0xDA20, 0xDA00, 0xDA00,
  0xD200, 0xD200, 0xD1E0, 0xD1E0,
  0x025F, 0x01FE, 0x01FD, 0x01DC, 0x01BC, 0x01BC, 0x01DC, 0x01DD, 0x01FD, 0x021E, 0x0A3E, 0x0A5F,
  0x031F, 0x051F, 0xA6FF, 0xD7DF, 0xAFBF, 0x875F, 0x6E5F, 0x031F, 0x019F, 0x127E, 0x01FD, 0x01DC,
  0x01DB, 0x0199, 0x0199, 0x0198, 0x0177, 0x0177, 0x0176, 0x0176, 0x0175, 0x0155, 0x0155, 0x0155,
  0x0154, 0x0154, 0x0154, 0x0154, 0x0134, 0x0154, 0x0153, 0x0133, 0x0133, 0x0154, 0x0154, 0x0154,
  0x0134, 0x01B5, 0x0170, 0x0192, 0x0A34, 0x2169, 0x1060, 0x10C6, 0x10E4, 0x10C4, 0x1105, 0x1106,
  0x1000, 0x055B, 0x0414, 0x0000, 0x0000, 0x0042, 0x0000, 0x0001, 0x0001, 0x0001, 0x0001, 0x0001,
  0x0001, 0x0001, 0x0001, 0x0001, 0x0001, 0x0001, 0x0001, 0x0001, 0x0001, 0x0002, 0x0023, 0x0023,
  0x0022, 0x0002, 0x0002, 0x0002, 0x0022, 0x0023, 0x0044, 0x0085, 0x0004, 0x028D, 0x06FD, 0x07DF,
  0x07DF, 0x05D9, 0x0000, 0x01EA, 0x0007, 0x0006, 0x0516, 0x07DF, 0x07BF, 0x069B, 0x0392, 0x0495,
  0x0495, 0x0495, 0x0495, 0x0474, 0x0454, 0x0494, 0x0474, 0x02CE, 0x0001, 0x0128, 0x00A6, 0x0044,
  0x0044, 0x0044, 0x0023, 0x00C5, 0x0106, 0x0106, 0x00E5, 0x0043, 0x0002, 0x0022, 0x0022, 0x0023,
  0x0064, 0x00E6, 0x0000, 0x030E, 0x0473, 0x0432, 0x0432, 0x0433, 0x0453, 0x0474, 0x0474, 0x0474,
  0x03D1, 0x067B, 0x077F, 0x07DF, 0x0556, 0x0003, 0x0005, 0x00C5, 0x0044, 0x0044, 0x00E7, 0x0047,
  0x0005, 0x0412, 0x0473, 0x0453, 0x0473, 0x04B4, 0x04B5, 0x04B5, 0x04B5, 0x03F1, 0x0557, 0x075F,
  0x079F, 0x06BC, 0x0000, 0x00E6, 0x0043, 0x0022, 0x0002, 0x0002, 0x0002, 0x0001, 0x0001, 0x0001,
  0x0001, 0x0001, 0x0001, 0x0001, 0x0001, 0x0001, 0x0001, 0x0001, 0x0001, 0x0001, 0x0001, 0x0001,
  0x0001, 0x0001, 0x0021, 0x0000, 0x0000, 0x5AEB, 0x6B6E, 0x0000, 0x18C3, 0x0000, 0x0000, 0x0000,
  0x0000, 0x2860, 0x0000, 0x6980, 0xEB20, 0xFB40, 0xFB60, 0xFB80, 0xC2A0, 0x2880, 0x0000, 0x1820,
  0x0000, 0x0000, 0x0000, 0x0000, 0x0800, 0x0800, 0x0000, 0x38C0, 0x0000, 0x7A60, 0xF420, 0xFC20,
  0xFC40, 0xA2E0, 0x0000, 0x1800, 0x2020, 0x1800, 0x1800, 0x1000, 0x38C0, 0x0000, 0x9B20, 0xFCC0,
  0xFCA1, 0xFCE1, 0x8260, 0x1800, 0x3060, 0x3860, 0x3000, 0xE460, 0xFCC0, 0xFCA0, 0xBB60, 0x8A80,
  0x9AC0, 0x9AC0, 0x9AE0, 0x92C0, 0x92C0, 0x92C0, 0x9AE0, 0x8A80, 0xBB80, 0xFCC0, 0xFCA0, 0xDC20,
  0x0000, 0x3880, 0x2020, 0x2000, 0x2860, 0x3080, 0x3060, 0x2860, 0x1800, 0x1800, 0x1800, 0x1800,
  0x2000, 0x3080, 0x1800, 0x2800, 0x82A0, 0x92C0, 0x8AA0, 0x92C0, 0x92C0, 0x9B00, 0x9B00, 0x9B00,
  0x8A80, 0xB380, 0xFCA0, 0xFD20, 0xE4A0, 0x69A0, 0x0800, 0x5160, 0x0000, 0x9B00, 0xFCC0, 0xFCC0,
  0xE420, 0xA320, 0x9B40, 0xA340, 0x9B00, 0x92E0, 0x9AE0, 0x9B00, 0xAB40, 0x92E0, 0xAB40, 0xF4C0,
  0xFD00, 0xF4E0, 0x69E0, 0x0000, 0x2880, 0x1800, 0x1000, 0x1000, 0x1000, 0x0800, 0x0800, 0x0800,
  0x0800, 0x0800, 0x0800, 0x0800, 0x0800, 0x0800, 0x0800, 0x0800, 0x2040, 0x0000, 0xDB60, 0xAAA1,
  0x0001, 0x38E1, 0x30C1, 0x30C1, 0x30C1, 0x28A1, 0x08A2, 0x5962, 0x7140, 0x6000, 0xCCC0, 0xFEE0,
  0xFE80, 0xFEA0, 0xFEA0, 0xFEA0, 0xFE80, 0xFDE0, 0xFD40, 0xFCE0, 0xFCA0, 0xFC60, 0xFC20, 0xFC00,
  0xFBE0, 0xFBC0, 0xFBA0, 0xFB80, 0xFB60, 0xFB60, 0xFB40, 0xFB20, 0xFB00, 0xFB00, 0xFAE0, 0xFAE0,
  0xFAC0, 0xFAE0, 0xFB00, 0xFAE0, 0xF2A0, 0xF280, 0xF280, 0xF260, 0xEA60, 0xEA60, 0xEA60, 0xEA60,
  0xEA60, 0xEA60, 0xF280, 0xF2A0, 0xF280, 0xF2A0, 0xF2A0, 0xEA60, 0xDA20, 0xDA00, 0xDA00, 0xDA00,
  0xD200, 0xD200, 0xDA00, 0xD200,
  0x02BF, 0x025F, 0x01FE, 0x01FD, 0x01DC, 0x01DC, 0x01BC, 0x01BC, 0x01DC, 0x01FD, 0x01FD, 0x023E,
  0x0A5F, 0x02DF, 0x045F, 0x6E1F, 0xB75F, 0xAFBF, 0x875F, 0x6EBF, 0x33FF, 0x009E, 0x0A5D, 0x021C,
  0x01DC, 0x01DA, 0x01B9, 0x0199, 0x0198, 0x0198, 0x0177, 0x0176, 0x0176, 0x0176, 0x0155, 0x0155,
  0x0154, 0x0154, 0x0154, 0x0154, 0x0154, 0x0134, 0x0154, 0x0154, 0x0134, 0x0154, 0x0154, 0x0154,
  0x0134, 0x01B5, 0x0170, 0x01B3, 0x0A34, 0x2147, 0x1060, 0x10E6, 0x10E4, 0x10C4, 0x1106, 0x10E4,
  0x1000, 0x057C, 0x03D4, 0x0000, 0x0000, 0x0042, 0x0000, 0x0001, 0x0001, 0x0001, 0x0001, 0x0001,
  0x0001, 0x0001, 0x0001, 0x0001, 0x0001, 0x0001, 0x0001, 0x0001, 0x0001, 0x0002, 0x0023, 0x0022,
  0x0022, 0x0001, 0x0002, 0x0002, 0x0002, 0x0023, 0x0064, 0x0085, 0x0000, 0x0473, 0x07DF, 0x075F,
  0x079F, 0x0577, 0x0000, 0x01EA, 0x0007, 0x0007, 0x0598, 0x07DF, 0x077F, 0x077F, 0x03B2, 0x0000,
  0x008B, 0x0008, 0x0007, 0x0006, 0x0006, 0x0005, 0x0003, 0x0005, 0x00E6, 0x0065, 0x0044, 0x0044,
  0x0023, 0x0023, 0x0084, 0x0000, 0x0000, 0x0000, 0x0000, 0x0002, 0x0083, 0x0002, 0x0022, 0x0023,
  0x0044, 0x0064, 0x00C6, 0x0002, 0x0000, 0x0003, 0x0003, 0x0003, 0x0004, 0x0005, 0x00A9, 0x0000,
  0x04D5, 0x07BF, 0x077F, 0x079F, 0x0536, 0x0002, 0x0004, 0x00C5, 0x0023, 0x0044, 0x0044, 0x0085,
  0x0086, 0x0000, 0x0000, 0x0000, 0x0000, 0x0001, 0x0003, 0x0005, 0x0004, 0x00EA, 0x06FE, 0x071F,
  0x073F, 0x067B, 0x0000, 0x00E6, 0x0043, 0x0022, 0x0002, 0x0002, 0x0001, 0x0001, 0x0001, 0x0001,
  0x0001, 0x0001, 0x0001, 0x0001, 0x0001, 0x0001, 0x0001, 0x0001, 0x0001, 0x0001, 0x0001, 0x0001,
  0x0001, 0x0001, 0x0021, 0x0000, 0x0000, 0x5ACB, 0x6B4D, 0x0000, 0x18C3, 0x0000, 0x0000, 0x0000,
  0x0000, 0x2860, 0x0000, 0x6960, 0xEAC0, 0xFB20, 0xEB20, 0x9200, 0x0000, 0x0000, 0x1820, 0x0000,
  0x0000, 0x0000, 0x0000, 0x0000, 0x0800, 0x0800, 0x0000, 0x38C0, 0x0000, 0x8A60, 0xF400, 0xFBC0,
  0xFC20, 0xBB40, 0x0000, 0x0800, 0x2040, 0x1000, 0x1800, 0x1800, 0x38C0, 0x0000, 0xBBA0, 0xFC60,
  0xFC20, 0xFCA0, 0x8A80, 0x2000, 0x3860, 0x3840, 0x3840, 0xE440, 0xFC60, 0xFC60, 0xEC40, 0x3800,
  0x2000, 0x2000, 0x1000, 0x0000, 0x0000, 0x1000, 0x1000, 0x3840, 0xEC60, 0xFC40, 0xFC40, 0xE420,
  0x1800, 0x3020, 0x2840, 0x2020, 0x0000, 0x0000, 0x0000, 0x0000, 0x2000, 0x1800, 0x1800, 0x1800,
  0x1800, 0x2000, 0x2840, 0x2800, 0x0000, 0x0000, 0x0000, 0x0000, 0x0800, 0x1800, 0x3800, 0x0000,
  0x4860, 0xDC40, 0xFCC0, 0xFCC0, 0xE480, 0x69C0, 0x0000, 0x5140, 0x0000, 0x9B00, 0xF480, 0xFC40,
  0xFCA0, 0xB320, 0x0000, 0x2000, 0x0800, 0x0000, 0x0000, 0x1800, 0x3800, 0x0000, 0xCC00, 0xFCC0,
  0xFC80, 0xECA0, 0x6A00, 0x0000, 0x2860, 0x1800, 0x1000, 0x1000, 0x1000, 0x0800, 0x0800, 0x0800,
  0x0800, 0x0800, 0x0800, 0x0800, 0x0800, 0x0800, 0x0800, 0x0000, 0x2860, 0x0000, 0xD320, 0xB2C1,
  0x0002, 0x38E1, 0x30C1, 0x30C1, 0x30C1, 0x28A1, 0x10A2, 0x5163, 0x7940, 0x6000, 0xCC60, 0xFEC0,
  0xFE60, 0xFE80, 0xFEA0, 0xFE60, 0xFDA0, 0xFD20, 0xFCE0, 0xFCA0, 0xFC60, 0xFC20, 0xFC00, 0xFBE0,
  0xFBC0, 0xFBA0, 0xFB80, 0xFB60, 0xFB60, 0xFB40, 0xFB20, 0xFB00, 0xFB00, 0xFB00, 0xFAE0, 0xFAE0,
  0xFB20, 0xFB00, 0xF2A0, 0xF280, 0xF280, 0xF280, 0xF280, 0xF260, 0xEA60, 0xEA60, 0xEA60, 0xEA60,
  0xF280, 0xFAA0, 0xFAA0, 0xFAA0, 0xFAC0, 0xF2A0, 0xEA60, 0xE220, 0xDA20, 0xDA20, 0xDA00, 0xDA00,
  0xDA20, 0xDA20, 0xDA00, 0xDA00,
  0x02FF, 0x02DF, 0x025F, 0x01FE, 0x01FD, 0x01DD, 0x01DC, 0x01DC, 0x01DC, 0x01DC, 0x01DD, 0x01FD,
  0x021E, 0x0A5F, 0x0ADF, 0x039F, 0x2CDF, 0x8E9F, 0xA79F, 0x7F3F, 0x66BF, 0x3CDF, 0x015E, 0x01FD,
  0x023C, 0x01DC, 0x01DB, 0x01BA, 0x0199, 0x0198, 0x0198, 0x0197, 0x0176, 0x0176, 0x0176, 0x0175,
  0x0155, 0x0155, 0x0155, 0x0154, 0x0154, 0x0154, 0x0154, 0x0154, 0x0154, 0x0154, 0x0154, 0x0154,
  0x0155, 0x01D5, 0x016F, 0x01D3, 0x1233, 0x2126, 0x1060, 0x10C5, 0x10C4, 0x10C4, 0x1126, 0x1041,
  0x1064, 0x055C, 0x0393, 0x0000, 0x0001, 0x0022, 0x0000, 0x0001, 0x0001, 0x0001, 0x0001, 0x0001,
  0x0001, 0x0001, 0x0001, 0x0001, 0x0001, 0x0001, 0x0001, 0x0001, 0x0001, 0x0022, 0x0023, 0x0022,
  0x0022, 0x0002, 0x0002, 0x0002, 0x0002, 0x0003, 0x0064, 0x0085, 0x0000, 0x04F5, 0x07BF, 0x077F,
  0x079F, 0x04F6, 0x0000, 0x01EA, 0x0006, 0x0007, 0x05F9, 0x07DF, 0x077F, 0x075E, 0x0350, 0x0004,
  0x01CA, 0x00C8, 0x00E8, 0x00E7, 0x00E7, 0x00C6, 0x00C6, 0x00A6, 0x0085, 0x0064, 0x0044, 0x0023,
  0x0023, 0x0105, 0x0000, 0x03D0, 0x063A, 0x067C, 0x0516, 0x0085, 0x0000, 0x00C5, 0x0002, 0x0023,
  0x0043, 0x0044, 0x0064, 0x00A5, 0x00A5, 0x00C5, 0x00C6, 0x00C6, 0x00E6, 0x00A6, 0x01EA, 0x0000,
  0x0557, 0x079F, 0x075F, 0x077F, 0x0494, 0x0000, 0x0024, 0x00A5, 0x0023, 0x0044, 0x0044, 0x0064,
  0x0085, 0x00A5, 0x00A5, 0x00A5, 0x00C5, 0x00C6, 0x00C6, 0x0107, 0x0007, 0x024D, 0x06FE, 0x06FF,
  0x071F, 0x063B, 0x0000, 0x00E6, 0x0023, 0x0022, 0x0002, 0x0002, 0x0001, 0x0001, 0x0001, 0x0001,
  0x0001, 0x0001, 0x0001, 0x0001, 0x0001, 0x0001, 0x0001, 0x0001, 0x0001, 0x0001, 0x0001, 0x0001,
  0x0001, 0x0001, 0x0001, 0x0000, 0x0000, 0x5ACB, 0x6B4D, 0x0000, 0x18C3, 0x0000, 0x0000, 0x0000,
  0x0000, 0x3060, 0x0000, 0x6960, 0xF2E0, 0xE280, 0x48C0, 0x0000, 0x1000, 0x1020, 0x0000, 0x0000,
  0x0000, 0x0000, 0x0000, 0x0000, 0x0800, 0x0800, 0x0000, 0x38C0, 0x0000, 0x8260, 0xF3E0, 0xFBC0,
  0xFC00, 0xBB20, 0x0000, 0x0800, 0x2040, 0x1800, 0x1800, 0x1800, 0x40C0, 0x0000, 0xBB80, 0xFC40,
  0xFC20, 0xFC80, 0x8260, 0x2000, 0x3040, 0x3840, 0x2000, 0xDC00, 0xFC40, 0xFC40, 0xEC20, 0x5100,
  0x3800, 0x3060, 0x3040, 0x3040, 0x3040, 0x3860, 0x3000, 0x4920, 0xE420, 0xFC40, 0xFC40, 0xE420,
  0x2820, 0x3020, 0x2820, 0x0000, 0x92A0, 0xE400, 0xDBA0, 0xA2C0, 0x0000, 0x3080, 0x1800, 0x1000,
  0x1800, 0x1800, 0x2000, 0x2020, 0x2840, 0x2840, 0x2840, 0x3040, 0x3040, 0x3040, 0x40C0, 0x2800,
  0x4900, 0xD400, 0xFCA0, 0xFCA0, 0xE460, 0x69E0, 0x0000, 0x5940, 0x0000, 0x92E0, 0xF480, 0xFC40,
  0xFC80, 0xB340, 0x1000, 0x3820, 0x3880, 0x3040, 0x3040, 0x3880, 0x48C0, 0x0000, 0xCBC0, 0xFCA0,
  0xFC80, 0xF4A0, 0x7240, 0x0000, 0x2840, 0x1800, 0x1800, 0x1000, 0x1000, 0x0800, 0x0800, 0x0800,
  0x0800, 0x0800, 0x0800, 0x0800, 0x0800, 0x0800, 0x0800, 0x0000, 0x2860, 0x0000, 0xCB00, 0xBAE1,
  0x0001, 0x38E1, 0x30C1, 0x30C1, 0x28C1, 0x28A1, 0x10A2, 0x4943, 0x7140, 0x6000, 0xC400, 0xFEA0,
  0xFE80, 0xFE80, 0xFE00, 0xFD60, 0xFD20, 0xFCE0, 0xFCA0, 0xFC60, 0xFC40, 0xFC00, 0xFBE0, 0xFBC0,
  0xFBC0, 0xFBA0, 0xFB80, 0xFB60, 0xFB40, 0xFB40, 0xFB20, 0xFB00, 0xFB00, 0xFB00, 0xFB20, 0xFB20,
  0xF2C0, 0xF280, 0xF280, 0xF280, 0xF280, 0xF280, 0xF280, 0xF280, 0xEA60, 0xEA80, 0xF280, 0xFAC0,
  0xFAC0, 0xFAA0, 0xFAC0, 0xFAE0, 0xF2A0, 0xE240, 0xE240, 0xE240, 0xE220, 0xDA20, 0xDA20, 0xE220,
  0xDA20, 0xE240, 0xE240, 0xEA60,
  0x035F, 0x033F, 0x02FF, 0x023F, 0x01FE, 0x01FE, 0x01DD, 0x01DD, 0x01DC, 0x01DC, 0x01DC, 0x01DD,
  0x01FD, 0x021E, 0x025F, 0x0A9F, 0x031F, 0x03FF, 0x5DBF, 0x871F, 0x771F, 0x5EDF, 0x457F, 0x021E,
  0x019D, 0x023C, 0x01DC, 0x01DB, 0x01BA, 0x01B9, 0x0198, 0x0198, 0x0197, 0x0176, 0x0176, 0x0176,
  0x0175, 0x0175, 0x0175, 0x0175, 0x0155, 0x0155, 0x0155, 0x0155, 0x0155, 0x0155, 0x0155, 0x0154,
  0x0155, 0x01D5, 0x014E, 0x01D3, 0x1232, 0x2124, 0x1060, 0x10C5, 0x10C4, 0x10C4, 0x1126, 0x1000,
  0x0968, 0x055C, 0x0331, 0x0000, 0x0042, 0x0001, 0x0001, 0x0001, 0x0001, 0x0001, 0x0001, 0x0001,
  0x0001, 0x0001, 0x0001, 0x0001, 0x0001, 0x0001, 0x0001, 0x0001, 0x0001, 0x0022, 0x0023, 0x0023,
  0x0022, 0x0001, 0x0002, 0x0002, 0x0002, 0x0002, 0x0084, 0x0085, 0x0000, 0x0556, 0x079F, 0x077F,
  0x077F, 0x0474, 0x0000, 0x01C9, 0x0005, 0x0008, 0x063A, 0x07BF, 0x077F, 0x073D, 0x02CE, 0x0004,
  0x0188, 0x0086, 0x00A6, 0x00A6, 0x0085, 0x0085, 0x0085, 0x0064, 0x0044, 0x0044, 0x0043, 0x0023,
  0x00A4, 0x0064, 0x0000, 0x0536, 0x06FF, 0x06DF, 0x061C, 0x020A, 0x0000, 0x0126, 0x0001, 0x0023,
  0x0043, 0x0043, 0x0043, 0x0044, 0x0064, 0x0064, 0x0064, 0x0085, 0x0085, 0x0065, 0x01C9, 0x0000,
  0x0577, 0x077F, 0x073F, 0x075F, 0x0453, 0x0000, 0x0045, 0x0084, 0x0023, 0x0043, 0x0044, 0x0044,
  0x0044, 0x0064, 0x0064, 0x0064, 0x0064, 0x0084, 0x0084, 0x00E6, 0x0003, 0x02AD, 0x06DE, 0x06DF,
  0x071F, 0x061A, 0x0000, 0x0106, 0x0023, 0x0022, 0x0002, 0x0002, 0x0001, 0x0001, 0x0001, 0x0001,
  0x0001, 0x0001, 0x0001, 0x0001, 0x0001, 0x0001, 0x0001, 0x0001, 0x0001, 0x0001, 0x0001, 0x0001,
  0x0001, 0x0000, 0x0001, 0x0000, 0x0000, 0x5AEC, 0x738E, 0x0000, 0x18C3, 0x0000, 0x0000, 0x0000,
  0x0000, 0x2040, 0x0000, 0x6940, 0xA200, 0x3860, 0x0000, 0x2840, 0x0000, 0x0000, 0x0000, 0x0000,
  0x0000, 0x0000, 0x0000, 0x0000, 0x0800, 0x0800, 0x0000, 0x38C0, 0x0000, 0x8240, 0xF3C0, 0xFBA0,
  0xFBE0, 0xBB20, 0x0000, 0x0800, 0x2040, 0x1000, 0x1800, 0x1800, 0x40C0, 0x0000, 0xC380, 0xFC40,
  0xFC00, 0xFC60, 0x8A60, 0x1800, 0x3040, 0x3840, 0x2000, 0xDBE0, 0xFC20, 0xFC20, 0xEC20, 0x5120,
  0x2800, 0x2840, 0x2820, 0x2820, 0x2820, 0x3040, 0x3000, 0x4900, 0xE400, 0xFC00, 0xFC20, 0xE400,
  0x3080, 0x3820, 0x2000, 0x0000, 0xCB60, 0xFC40, 0xFBE0, 0xDB80, 0x0000, 0x2000, 0x2020, 0x1000,
  0x1800, 0x1800, 0x1800, 0x1800, 0x2000, 0x2020, 0x2020, 0x2020, 0x2820, 0x2820, 0x38C0, 0x1800,
  0x40E0, 0xD3E0, 0xFC80, 0xFC60, 0xEC60, 0x7A20, 0x0000, 0x5940, 0x0000, 0x92A0, 0xF460, 0xFC40,
  0xFC80, 0xB360, 0x0000, 0x3000, 0x3080, 0x2820, 0x2820, 0x2840, 0x48C0, 0x0000, 0xC3A0, 0xFC80,
  0xFC60, 0xF4A0, 0x7A60, 0x0000, 0x2840, 0x1800, 0x1000, 0x1000, 0x1000, 0x0800, 0x0800, 0x0800,
  0x0800, 0x0800, 0x0800, 0x0800, 0x0800, 0x0800, 0x0800, 0x0000, 0x2860, 0x0000, 0xC2C0, 0xCAE0,
  0x0001, 0x38E1, 0x30C1, 0x30A1, 0x28A1, 0x28A1, 0x1081, 0x4923, 0x7160, 0x6000, 0xBBA0, 0xFEA0,
  0xFE40, 0xFDA0, 0xFD40, 0xFD20, 0xFCE0, 0xFCA0, 0xFC80, 0xFC40, 0xFC20, 0xFC00, 0xFBE0, 0xFBC0,
  0xFBA0, 0xFBA0, 0xFB80, 0xFB60, 0xFB40, 0xFB40, 0xFB20, 0xFB00, 0xFB20, 0xFB40, 0xFB00, 0xF2A0,
  0xF280, 0xF280, 0xF280, 0xF280, 0xF280, 0xF280, 0xF280, 0xF280, 0xF2C0, 0xFAC0, 0xFAE0, 0xFAC0,
  0xFAA0, 0xFAE0, 0xFB00, 0xEA80, 0xEA40, 0xEA40, 0xE240, 0xE240, 0xE240, 0xE240, 0xE240, 0xE240,
  0xE240, 0xEA80, 0xF280, 0xF280,
  0x039F, 0x037F, 0x035F, 0x02FF, 0x023F, 0x023F, 0x021E, 0x01FD, 0x01FD, 0x01FD, 0x01DC, 0x01DC,
  0x01DD, 0x01FD, 0x021D, 0x023E, 0x027F, 0x0AFF, 0x035F, 0x2C9F, 0x767F, 0x771F, 0x56BF, 0x3DDF,
  0x131E, 0x00DD, 0x023C, 0x01FB, 0x01DB, 0x01DA, 0x01B9, 0x01B8, 0x0198, 0x0197, 0x0197, 0x0176,
  0x0176, 0x0176, 0x0176, 0x0175, 0x0175, 0x0175, 0x0155, 0x0175, 0x0175, 0x0175, 0x0175, 0x0155,
  0x0176, 0x01D5, 0x014D, 0x01F3, 0x1212, 0x18E2, 0x1060, 0x10C5, 0x10C4, 0x10A4, 0x1147, 0x1000,
  0x09EB, 0x053C, 0x02EF, 0x0000, 0x0063, 0x0001, 0x0001, 0x0001, 0x0001, 0x0001, 0x0001, 0x0001,
  0x0001, 0x0001, 0x0001, 0x0001, 0x0001, 0x0001, 0x0001, 0x0001, 0x0001, 0x0022, 0x0022, 0x0022,
  0x0022, 0x0001, 0x0001, 0x0002, 0x0002, 0x0002, 0x0084, 0x0065, 0x0000, 0x05B8, 0x077F, 0x073F,
  0x073F, 0x03F2, 0x0000, 0x01A9, 0x0005, 0x0109, 0x065B, 0x077F, 0x075F, 0x0EFD, 0x026D, 0x0005,
  0x0168, 0x0045, 0x0065, 0x0065, 0x0064, 0x0044, 0x0044, 0x0044, 0x0044, 0x0043, 0x0043, 0x0002,
  0x00C4, 0x0003, 0x0000, 0x0557, 0x06FF, 0x06DF, 0x05FC, 0x01A8, 0x0000, 0x0126, 0x0001, 0x0023,
  0x0043, 0x0043, 0x0043, 0x0043, 0x0023, 0x0043, 0x0044, 0x0044, 0x0064, 0x0045, 0x0189, 0x0000,
  0x0578, 0x071F, 0x06DF, 0x073F, 0x0432, 0x0000, 0x0065, 0x0084, 0x0023, 0x0043, 0x0043, 0x0043,
  0x0043, 0x0023, 0x0023, 0x0023, 0x0023, 0x0043, 0x0023, 0x00E5, 0x0000, 0x032E, 0x06DF, 0x06BF,
  0x06FF, 0x05B9, 0x0000, 0x0106, 0x0023, 0x0022, 0x0002, 0x0002, 0x0001, 0x0001, 0x0001, 0x0001,
  0x0001, 0x0001, 0x0001, 0x0001, 0x0001, 0x0001, 0x0001, 0x0001, 0x0001, 0x0001, 0x0001, 0x0001,
  0x0001, 0x0000, 0x0001, 0x0000, 0x0000, 0x5B0C, 0x73AE, 0x0000, 0x18C3, 0x0000, 0x0000, 0x0000,
  0x0000, 0x0000, 0x0800, 0x0000, 0x0000, 0x0000, 0x1820, 0x0000, 0x0000, 0x0000, 0x0000, 0x0000,
  0x0000, 0x0000, 0x0000, 0x0000, 0x0800, 0x0800, 0x0800, 0x38C0, 0x0000, 0x8240, 0xF3A0, 0xFB80,
  0xFBC0, 0xBB00, 0x0000, 0x0000, 0x2840, 0x1800, 0x1800, 0x1800, 0x40A0, 0x0000, 0xC360, 0xFC00,
  0xFBC0, 0xFC40, 0x8260, 0x1000, 0x3040, 0x4040, 0x2820, 0xDBE0, 0xFC00, 0xFBE0, 0xF400, 0x5940,
  0x2000, 0x2820, 0x2000, 0x2000, 0x2020, 0x2820, 0x3000, 0x48E0, 0xE3C0, 0xFBC0, 0xFBC0, 0xEBC0,
  0x38C0, 0x3800, 0x2000, 0x0000, 0xC320, 0xFBE0, 0xFBC0, 0xE380, 0x0000, 0x2000, 0x2020, 0x1000,
  0x1000, 0x1800, 0x1800, 0x1800, 0x1800, 0x1800, 0x1800, 0x1800, 0x2000, 0x2000, 0x38A0, 0x1800,
  0x38C0, 0xD3C0, 0xFC40, 0xFC20, 0xEC40, 0x7A40, 0x0000, 0x5940, 0x0000, 0x8A60, 0xF420, 0xFC00,
  0xFC40, 0xBB60, 0x1000, 0x2800, 0x3080, 0x2000, 0x2020, 0x2820, 0x40C0, 0x0000, 0xBB40, 0xFC40,
  0xFC20, 0xF460, 0x8260, 0x0000, 0x2820, 0x1800, 0x1000, 0x1000, 0x1000, 0x0800, 0x0800, 0x0800,
  0x0800, 0x0800, 0x0800, 0x0800, 0x0800, 0x0800, 0x0800, 0x0000, 0x2860, 0x0000, 0xBAA0, 0xD2E0,
  0x0001, 0x38E1, 0x30C1, 0x30C1, 0x28A1, 0x28A1, 0x1881, 0x4123, 0x7160, 0x6000, 0xB360, 0xFE40,
  0xFD60, 0xFD20, 0xFD20, 0xFD00, 0xFCC0, 0xFC80, 0xFC60, 0xFC20, 0xFC00, 0xFBE0, 0xFBC0, 0xFBA0,
  0xFBA0, 0xFB80, 0xFB60, 0xFB60, 0xFB40, 0xFB40, 0xFB40, 0xFB60, 0xFB40, 0xFAC0, 0xFAA0, 0xF2A0,
  0xF2A0, 0xF280, 0xF280, 0xF280, 0xF280, 0xF2A0, 0xF2E0, 0xFB00, 0xFB00, 0xFAE0, 0xFAC0, 0xFAE0,
  0xFB20, 0xF2E0, 0xEA60, 0xEA60, 0xEA60, 0xEA60, 0xE240, 0xE240, 0xE240, 0xEA60, 0xEA60, 0xF280,
  0xF2A0, 0xFAA0, 0xFAC0, 0xFB00,
  0x03FF, 0x03DF, 0x039F, 0x037F, 0x02DF, 0x023F, 0x025F, 0x023F, 0x021E, 0x01FD, 0x01FD, 0x01DD,
  0x01DC, 0x01DC, 0x01DD, 0x01FD, 0x023E, 0x025E, 0x0ABF, 0x031F, 0x03BF, 0x559F, 0x66BF, 0x569F,
  0x3DFF, 0x1BFE, 0x011D, 0x01FB, 0x01FA, 0x01BA, 0x01DA, 0x01B9, 0x01B8, 0x0198, 0x0197, 0x0197,
  0x0196, 0x0196, 0x0196, 0x0176, 0x0176, 0x0176, 0x0176, 0x0175, 0x0175, 0x0175, 0x0176, 0x0175,
  0x0176, 0x01D4, 0x014C, 0x01F2, 0x11F0, 0x18C0, 0x1061, 0x10C5, 0x10C4, 0x10A3, 0x1147, 0x1000,
  0x0A4E, 0x053D, 0x028E, 0x0000, 0x0063, 0x0001, 0x0001, 0x0001, 0x0001, 0x0001, 0x0001, 0x0001,
  0x0001, 0x0001, 0x0001, 0x0001, 0x0001, 0x0001, 0x0001, 0x0001, 0x0001, 0x0022, 0x0022, 0x0022,
  0x0022, 0x0001, 0x0001, 0x0001, 0x0002, 0x0002, 0x0084, 0x0025, 0x0000, 0x05D9, 0x073F, 0x06FF,
  0x06FF, 0x032F, 0x0000, 0x0188, 0x0004, 0x01CB, 0x067C, 0x071F, 0x071F, 0x069D, 0x01CB, 0x0006,
  0x0127, 0x0045, 0x0065, 0x0064, 0x0044, 0x0044, 0x0044, 0x0044, 0x0043, 0x0023, 0x0023, 0x0002,
  0x0043, 0x0084, 0x0000, 0x0390, 0x059A, 0x05DB, 0x0474, 0x0000, 0x0000, 0x00A4, 0x0002, 0x0022,
  0x0043, 0x0043, 0x0043, 0x0023, 0x0023, 0x0023, 0x0043, 0x0044, 0x0064, 0x0085, 0x0169, 0x0000,
  0x0578, 0x06DF, 0x06BF, 0x06DF, 0x03D1, 0x0000, 0x0065, 0x0064, 0x0023, 0x0023, 0x0023, 0x0023,
  0x0023, 0x0022, 0x0022, 0x0022, 0x0022, 0x0023, 0x0023, 0x00E5, 0x0000, 0x036F, 0x069F, 0x065F,
  0x069F, 0x0578, 0x0000, 0x0106, 0x0023, 0x0022, 0x0002, 0x0002, 0x0001, 0x0001, 0x0001, 0x0001,
  0x0001, 0x0001, 0x0001, 0x0001, 0x0001, 0x0001, 0x0001, 0x0001, 0x0001, 0x0001, 0x0001, 0x0001,
  0x0001, 0x0000, 0x0021, 0x0000, 0x0000, 0x5AEC, 0x6B8E, 0x0000, 0x18C3, 0x0000, 0x0000, 0x0000,
  0x0000, 0x0000, 0x0000, 0x0000, 0x0800, 0x0800, 0x0000, 0x0000, 0x0000, 0x0000, 0x0000, 0x0000,
  0x0000, 0x0000, 0x0000, 0x0000, 0x0800, 0x0800, 0x0000, 0x38A0, 0x0000, 0x8220, 0xF380, 0xFB40,
  0xFBA0, 0xBAE0, 0x0000, 0x0000, 0x2840, 0x1800, 0x1800, 0x1800, 0x40A0, 0x0000, 0xC320, 0xFBC0,
  0xFB80, 0xFBE0, 0x8240, 0x0000, 0x3020, 0x4040, 0x2800, 0xDBA0, 0xFBA0, 0xFBA0, 0xF3C0, 0x5940,
  0x2000, 0x2820, 0x2000, 0x2000, 0x2000, 0x2820, 0x2800, 0x40E0, 0xE3A0, 0xFB80, 0xFB60, 0xE360,
  0x30C0, 0x3000, 0x2840, 0x0000, 0x8220, 0xCB40, 0xCB00, 0x9A80, 0x0000, 0x2840, 0x1000, 0x1000,
  0x1000, 0x1000, 0x1800, 0x1800, 0x1800, 0x1800, 0x1800, 0x1800, 0x2000, 0x2000, 0x3080, 0x2000,
  0x38A0, 0xCB60, 0xFC00, 0xFBE0, 0xEC00, 0x7A20, 0x0000, 0x5120, 0x0000, 0x8220, 0xF3E0, 0xFBC0,
  0xFC20, 0xC360, 0x2000, 0x2000, 0x3080, 0x2000, 0x2000, 0x2000, 0x40C0, 0x0000, 0xB300, 0xFC00,
  0xFBC0, 0xFC20, 0x8A40, 0x0000, 0x2800, 0x1820, 0x1000, 0x1000, 0x1000, 0x0800, 0x0800, 0x0800,
  0x0800, 0x0800, 0x0800, 0x0800, 0x0800, 0x0800, 0x0800, 0x0000, 0x2840, 0x0000, 0xB260, 0xD2E0,
  0x0001, 0x38E1, 0x30C1, 0x30C1, 0x28C1, 0x28A1, 0x1881, 0x3923, 0x7160, 0x6000, 0xAAC0, 0xFD60,
  0xFD20, 0xFD20, 0xFCE0, 0xFCC0, 0xFCA0, 0xFC60, 0xFC40, 0xFC00, 0xFBE0, 0xFBE0, 0xFBC0, 0xFBA0,
  0xFBA0, 0xFB80, 0xFB60, 0xFB40, 0xFB60, 0xFB60, 0xFB60, 0xFB00, 0xFAC0, 0xFAC0, 0xFAC0, 0xF2A0,
  0xF2A0, 0xF2A0, 0xF280, 0xF2A0, 0xFAE0, 0xFB20, 0xFB20, 0xFB00, 0xFAE0, 0xFAE0, 0xFB20, 0xFB60,
  0xF2C0, 0xEA40, 0xEA60, 0xEA60, 0xEA60, 0xEA60, 0xEA60, 0xEA60, 0xEA60, 0xF2A0, 0xFAC0, 0xFAE0,
  0xFB00, 0xFB20, 0xFB40, 0xFB61,
  0x043F, 0x041F, 0x03DF, 0x03DF, 0x039F, 0x029F, 0x025F, 0x025F, 0x025F, 0x023E, 0x021E, 0x01FD,
  0x01FD, 0x01DC, 0x01DC, 0x01FC, 0x021D, 0x021D, 0x023E, 0x029F, 0x02FF, 0x031F, 0x2C7F, 0x55FF,
  0x4E5F, 0x3E1F, 0x24BF, 0x019C, 0x017A, 0x021A, 0x01BA, 0x01BA, 0x01B9, 0x01B8, 0x01B8, 0x0197,
  0x0197, 0x0197, 0x0197, 0x0196, 0x0176, 0x0176, 0x0176, 0x0176, 0x0176, 0x0176, 0x0176, 0x0175,
  0x0196, 0x01B4, 0x014C, 0x01F2, 0x19EF, 0x18C0, 0x1082, 0x10C4, 0x10C4, 0x10A3, 0x1147, 0x1000,
  0x0A8F, 0x04FC, 0x024D, 0x0000, 0x0084, 0x0000, 0x0001, 0x0001, 0x0001, 0x0001, 0x0001, 0x0001,
  0x0001, 0x0001, 0x0001, 0x0001, 0x0001, 0x0001, 0x0001, 0x0001, 0x0001, 0x0022, 0x0022, 0x0022,
  0x0002, 0x0001, 0x0001, 0x0001, 0x0002, 0x0002, 0x0064, 0x0004, 0x0000, 0x05DA, 0x06DF, 0x069F,
  0x069E, 0x028C, 0x0003, 0x0168, 0x0004, 0x026D, 0x069D, 0x06BF, 0x06BF, 0x061B, 0x00E7, 0x0108,
  0x0148, 0x0107, 0x0107, 0x0106, 0x0106, 0x0106, 0x00C5, 0x0044, 0x0044, 0x0043, 0x0023, 0x0022,
  0x0002, 0x0022, 0x0063, 0x0000, 0x0000, 0x0000, 0x0000, 0x0003, 0x0043, 0x0002, 0x0002, 0x0022,
  0x0043, 0x0023, 0x0044, 0x00C5, 0x0106, 0x00E6, 0x0106, 0x0106, 0x00E6, 0x0127, 0x0169, 0x0004,
  0x059A, 0x06BF, 0x067F, 0x067E, 0x034F, 0x0000, 0x0085, 0x0063, 0x0023, 0x0023, 0x0023, 0x0023,
  0x0022, 0x0002, 0x0022, 0x0022, 0x0022, 0x0022, 0x0022, 0x00E5, 0x0000, 0x0370, 0x065F, 0x061F,
  0x065F, 0x0537, 0x0000, 0x0106, 0x0023, 0x0022, 0x0002, 0x0001, 0x0001, 0x0001, 0x0001, 0x0001,
  0x0001, 0x0001, 0x0001, 0x0001, 0x0001, 0x0001, 0x0001, 0x0001, 0x0001, 0x0001, 0x0000, 0x0001,
  0x0001, 0x0000, 0x0001, 0x0000, 0x0000, 0x5AEB, 0x6B6D, 0x0000, 0x18C3, 0x0000, 0x0000, 0x0000,
  0x0000, 0x0000, 0x0000, 0x0000, 0x0000, 0x0000, 0x0000, 0x0000, 0x0000, 0x0000, 0x0000, 0x0000,
  0x0000, 0x0000, 0x0000, 0x0000, 0x0800, 0x0800, 0x0000, 0x38A0, 0x0000, 0x8220, 0xF340, 0xFB00,
  0xFB40, 0xBAA0, 0x1820, 0x2000, 0x3080, 0x2840, 0x3040, 0x2840, 0x48C0, 0x0000, 0xC2E0, 0xFB80,
  0xFB40, 0xFBA0, 0x8220, 0x0000, 0x2820, 0x3840, 0x0000, 0xDB60, 0xFB80, 0xFB60, 0xF380, 0x5940,
  0x2800, 0x3860, 0x3060, 0x3060, 0x3060, 0x3060, 0x3020, 0x4900, 0xE380, 0xFB60, 0xFB20, 0xE320,
  0x28C0, 0x2000, 0x2840, 0x2020, 0x0000, 0x0000, 0x0000, 0x0000, 0x1800, 0x1000, 0x1000, 0x1000,
  0x1000, 0x1800, 0x1800, 0x1800, 0x2840, 0x2840, 0x3040, 0x3060, 0x3060, 0x3060, 0x40A0, 0x2800,
  0x30A0, 0xCB20, 0xFBC0, 0xFB80, 0xEBA0, 0x7A00, 0x0000, 0x5100, 0x0000, 0x7A00, 0xF3C0, 0xFBA0,
  0xFBC0, 0xC320, 0x2860, 0x2800, 0x38A0, 0x3040, 0x3060, 0x3060, 0x50E0, 0x0000, 0xB2E0, 0xFBE0,
  0xFB80, 0xFBE0, 0x9260, 0x0000, 0x2000, 0x1820, 0x1000, 0x1000, 0x0800, 0x0800, 0x0800, 0x0800,
  0x0800, 0x0800, 0x0800, 0x0800, 0x0800, 0x0800, 0x0800, 0x0000, 0x2840, 0x0000, 0xA220, 0xDB00,
  0x0021, 0x38C1, 0x30C1, 0x30C1, 0x28C1, 0x28A1, 0x1881, 0x3123, 0x7160, 0x6020, 0xA260, 0xFD40,
  0xFD00, 0xFCE0, 0xFCC0, 0xFCA0, 0xFC60, 0xFC40, 0xFC20, 0xFC00, 0xFBE0, 0xFBC0, 0xFBA0, 0xFBA0,
  0xFB80, 0xFB80, 0xFB60, 0xFB60, 0xFB80, 0xFB40, 0xFAE0, 0xFAC0, 0xFAE0, 0xFAC0, 0xFAC0, 0xFAC0,
  0xFAA0, 0xFAC0, 0xFAE0, 0xFB20, 0xFB20, 0xFB00, 0xFB00, 0xFAE0, 0xFB00, 0xFB60, 0xFB40, 0xF2A0,
  0xF240, 0xEA60, 0xEA60, 0xF280, 0xEA80, 0xF280, 0xF280, 0xF280, 0xFAC0, 0xFAE0, 0xFB00, 0xFB20,
  0xFB60, 0xFB80, 0xFBC4, 0xFC20,
  0x049F, 0x045F, 0x043F, 0x041F, 0x03FF, 0x037F, 0x029F, 0x029F, 0x025F, 0x025F, 0x023E, 0x021E,
  0x01FD, 0x01FD, 0x01FC, 0x01FC, 0x01FD, 0x021D, 0x021D, 0x023E, 0x025E, 0x0A9F, 0x02BF, 0x033F,
  0x3CFF, 0x4E1F, 0x3E1F, 0x251F, 0x029C, 0x011B, 0x021B, 0x01DB, 0x01BA, 0x01B9, 0x01B9, 0x01B8,
  0x01B8, 0x0198, 0x0197, 0x0197, 0x0197, 0x0196, 0x0196, 0x0196, 0x0176, 0x0196, 0x0196, 0x0175,
  0x0197, 0x01B3, 0x012B, 0x0A12, 0x21EE, 0x18A0, 0x1083, 0x10C4, 0x10C4, 0x10A3, 0x1168, 0x1000,
  0x0AF1, 0x04DC, 0x01EC, 0x0000, 0x0084, 0x0000, 0x0001, 0x0001, 0x0001, 0x0001, 0x0001, 0x0001,
  0x0001, 0x0001, 0x0001, 0x0001, 0x0001, 0x0001, 0x0001, 0x0001, 0x0001, 0x0002, 0x0002, 0x0022,
  0x0002, 0x0001, 0x0001, 0x0001, 0x0002, 0x0002, 0x0043, 0x0002, 0x00C5, 0x05FC, 0x067F, 0x063F,
  0x063D, 0x01EA, 0x0005, 0x0127, 0x0002, 0x02CD, 0x067E, 0x065F, 0x069F, 0x05DB, 0x0000, 0x0002,
  0x0000, 0x0000, 0x0000, 0x0000, 0x0000, 0x0000, 0x0000, 0x00A6, 0x0064, 0x0023, 0x0023, 0x0002,
  0x0002, 0x0002, 0x0002, 0x0083, 0x00C4, 0x00C4, 0x00A4, 0x0022, 0x0002, 0x0002, 0x0002, 0x0023,
  0x0002, 0x00A4, 0x0065, 0x0000, 0x0000, 0x0000, 0x0000, 0x0000, 0x0000, 0x0000, 0x0000, 0x0000,
  0x0DBB, 0x0E7F, 0x063F, 0x063E, 0x02CD, 0x0000, 0x0085, 0x0043, 0x0022, 0x0023, 0x0022, 0x0022,
  0x0022, 0x0002, 0x0002, 0x0002, 0x0002, 0x0022, 0x0002, 0x00E5, 0x0000, 0x03D1, 0x061F, 0x05BF,
  0x063F, 0x0517, 0x0000, 0x0106, 0x0002, 0x0002, 0x0001, 0x0001, 0x0001, 0x0001, 0x0001, 0x0001,
  0x0001, 0x0001, 0x0001, 0x0001, 0x0001, 0x0001, 0x0001, 0x0001, 0x0001, 0x0001, 0x0001, 0x0001,
  0x0001, 0x0000, 0x0001, 0x0000, 0x0000, 0x5ACB, 0x6B6D, 0x0000, 0x18C3, 0x0000, 0x0000, 0x0000,
  0x0000, 0x0000, 0x0000, 0x0000, 0x0000, 0x0000, 0x0000, 0x0000, 0x0000, 0x0000, 0x0000, 0x0000,
  0x0000, 0x0000, 0x0000, 0x0000, 0x0800, 0x0800, 0x0000, 0x3880, 0x0000, 0x8200, 0xF300, 0xFAC0,
  0xFB00, 0xBA80, 0x0000, 0x0000, 0x0000, 0x0000, 0x0000, 0x0000, 0x1800, 0x0000, 0xBAC0, 0xFB40,
  0xFB00, 0xFB80, 0x8A00, 0x0000, 0x2020, 0x3040, 0x0000, 0xDB20, 0xFB40, 0xFB40, 0xFBA0, 0x48E0,
  0x0000, 0x0000, 0x0000, 0x0000, 0x0000, 0x0000, 0x0000, 0x0800, 0xEB40, 0xFB20, 0xFB00, 0xEB20,
  0x30E0, 0x2000, 0x2840, 0x1800, 0x2020, 0x2040, 0x2020, 0x2020, 0x0800, 0x1000, 0x1000, 0x1000,
  0x1000, 0x1000, 0x2020, 0x2800, 0x0000, 0x0000, 0x0000, 0x0000, 0x0000, 0x0000, 0x0000, 0x0000,
  0x0000, 0xD300, 0xFBA0, 0xFB40, 0xEB60, 0x79E0, 0x0000, 0x5100, 0x0000, 0x79E0, 0xF380, 0xFB40,
  0xFB80, 0xD320, 0x0000, 0x0000, 0x0000, 0x0000, 0x0000, 0x0000, 0x2800, 0x0000, 0xB2A0, 0xFBA0,
  0xFB40, 0xFBA0, 0x9240, 0x0000, 0x2000, 0x1820, 0x1000, 0x1000, 0x0800, 0x0800, 0x0800, 0x0800,
  0x0800, 0x0800, 0x0800, 0x0800, 0x0800, 0x0800, 0x0800, 0x0000, 0x2040, 0x0000, 0x9A20, 0xE320,
  0x0861, 0x30C1, 0x30C1, 0x28C1, 0x28C1, 0x28C1, 0x1881, 0x3103, 0x7181, 0x6080, 0x9A00, 0xF500,
  0xFCE0, 0xFCC0, 0xFCA0, 0xFC80, 0xFC40, 0xFC20, 0xFC00, 0xFBE0, 0xFBE0, 0xFBC0, 0xFBA0, 0xFBA0,
  0xFB80, 0xFB80, 0xFB80, 0xFB60, 0xFB20, 0xFB00, 0xFAE0, 0xFAE0, 0xFAE0, 0xFAE0, 0xFAC0, 0xFAE0,
  0xFB20, 0xFB40, 0xFB40, 0xFB20, 0xFB20, 0xFB20, 0xFB20, 0xFB80, 0xFBA0, 0xFB00, 0xF260, 0xF280,
  0xF280, 0xF280, 0xF280, 0xF280, 0xF2A0, 0xF2A0, 0xFAC0, 0xFB00, 0xFB40, 0xFB40, 0xFB60, 0xFBA0,
  0xFBE3, 0xFC62, 0xFD20, 0xFE20,
  0x04DF, 0x04BF, 0x047F, 0x045F, 0x043F, 0x041F, 0x035F, 0x02BF, 0x02BF, 0x027F, 0x025F, 0x025E,
  0x023E, 0x021D, 0x01FD, 0x01FD, 0x01FD, 0x01FD, 0x021D, 0x021D, 0x021D, 0x023E, 0x025E, 0x027F,
  0x023F, 0x23DF, 0x459F, 0x3E1F, 0x1D5F, 0x037D, 0x015B, 0x01DB, 0x01FA, 0x01BA, 0x01B9, 0x01B9,
  0x01B8, 0x01B8, 0x0198, 0x0197, 0x0197, 0x0197, 0x0197, 0x0197, 0x0196, 0x0196, 0x0196, 0x0176,
  0x01B7, 0x01B3, 0x014A, 0x1231, 0x21ED, 0x1880, 0x10A4, 0x10C4, 0x10C4, 0x10A3, 0x1168, 0x1000,
  0x0B13, 0x04BB, 0x01AA, 0x0000, 0x0084, 0x0000, 0x0001, 0x0001, 0x0001, 0x0001, 0x0001, 0x0001,
  0x0001, 0x0001, 0x0001, 0x0001, 0x0001, 0x0001, 0x0001, 0x0001, 0x0001, 0x0002, 0x0002, 0x0002,
  0x0001, 0x0001, 0x0002, 0x0002, 0x0002, 0x0022, 0x0043, 0x0002, 0x0083, 0x05BB, 0x063F, 0x05FF,
  0x05DD, 0x0107, 0x0026, 0x00E6, 0x0000, 0x02ED, 0x061D, 0x063F, 0x063E, 0x0453, 0x0454, 0x0495,
  0x0454, 0x0474, 0x04B5, 0x04B5, 0x0495, 0x04B5, 0x0390, 0x0000, 0x0065, 0x00A5, 0x0002, 0x0022,
  0x0002, 0x0002, 0x0002, 0x0002, 0x0002, 0x0002, 0x0002, 0x0002, 0x0002, 0x0002, 0x0022, 0x0002,
  0x0106, 0x0000, 0x0002, 0x0412, 0x04D6, 0x04D5, 0x04B5, 0x0494, 0x0474, 0x0453, 0x0495, 0x03D1,
  0x0455, 0x05DE, 0x05FF, 0x05FD, 0x028C, 0x0000, 0x00A5, 0x0023, 0x0022, 0x0022, 0x0022, 0x0022,
  0x0002, 0x0002, 0x0002, 0x0002, 0x0002, 0x0022, 0x0002, 0x00E5, 0x0000, 0x036F, 0x05FF, 0x059F,
  0x05FF, 0x04B7, 0x0000, 0x0106, 0x0002, 0x0002, 0x0001, 0x0001, 0x0001, 0x0001, 0x0001, 0x0001,
  0x0001, 0x0001, 0x0001, 0x0001, 0x0001, 0x0001, 0x0001, 0x0001, 0x0001, 0x0001, 0x0001, 0x0001,
  0x0000, 0x0000, 0x0021, 0x0000, 0x0000, 0x5ACB, 0x6B6D, 0x0000, 0x18C3, 0x0000, 0x0000, 0x0000,
  0x0000, 0x0000, 0x0000, 0x0000, 0x0000, 0x0000, 0x0000, 0x0000, 0x0000, 0x0000, 0x0000, 0x0000,
  0x0000, 0x0000, 0x0000, 0x0000, 0x0000, 0x0800, 0x0000, 0x3880, 0x0000, 0x81C0, 0xEAC0, 0xFAC0,
  0xEAC0, 0x91C0, 0x89C0, 0x9A00, 0x9A20, 0xA240, 0xAA60, 0xAA60, 0xAA60, 0x9A20, 0x8200, 0xEAE0,
  0xFAE0, 0xFB20, 0x89C0, 0x0000, 0x2000, 0x3020, 0x0000, 0xDAE0, 0xFAE0, 0xFB20, 0xC2A0, 0x89E0,
  0xA240, 0x9A40, 0xA260, 0xAA80, 0xAA80, 0xAA60, 0xA240, 0x89E0, 0xAA20, 0xFAE0, 0xFAE0, 0xEB21,
  0x40E0, 0x1800, 0x2040, 0x1000, 0x1000, 0x1000, 0x1000, 0x1000, 0x0800, 0x0800, 0x0800, 0x1000,
  0x0800, 0x2840, 0x1800, 0x0000, 0x8A00, 0xAA60, 0x9A40, 0xA240, 0xA240, 0xA260, 0xAA60, 0xAA60,
  0x9200, 0x9A40, 0xEB20, 0xFB20, 0xF320, 0x89E0, 0x0000, 0x50E0, 0x0000, 0x71A0, 0xE320, 0xFB20,
  0xF340, 0xAA80, 0x8A00, 0xA240, 0x9A20, 0x9A40, 0xA260, 0xA260, 0xA260, 0x9A20, 0x81E0, 0xE300,
  0xFB00, 0xFB40, 0x9A20, 0x0000, 0x1800, 0x1820, 0x1000, 0x1000, 0x0800, 0x0800, 0x0800, 0x0800,
  0x0800, 0x0800, 0x0800, 0x0800, 0x0800, 0x0800, 0x0800, 0x0000, 0x2040, 0x0000, 0x89E0, 0xEB40,
  0x30C1, 0x30A1, 0x30C1, 0x28C1, 0x28C1, 0x28C1, 0x2081, 0x28E3, 0x7181, 0x60C0, 0x91C0, 0xF4C0,
  0xFCC0, 0xFC80, 0xFC60, 0xFC40, 0xFC40, 0xFC20, 0xFC00, 0xFBE0, 0xFBC0, 0xFBC0, 0xFBA0, 0xFBA0,
  0xFBA0, 0xFBA0, 0xFB40, 0xFB20, 0xFB00, 0xFB00, 0xFB00, 0xFAE0, 0xFAE0, 0xFB00, 0xFB40, 0xFB60,
  0xFB60, 0xFB40, 0xFB40, 0xFB40, 0xFB40, 0xFB60, 0xFBE0, 0xFBC0, 0xFAE0, 0xFA80, 0xFAA0, 0xF2A0,
  0xF280, 0xF2A0, 0xF2A0, 0xFAA0, 0xFAC0, 0xFB00, 0xFB40, 0xFB60, 0xFB80, 0xFBC0, 0xFC03, 0xFC63,
  0xFD00, 0xFE20, 0xFF32, 0xFFDC,
  0x053F, 0x04FF, 0x04BF, 0x049F, 0x047F, 0x045F, 0x041F, 0x033F, 0x02FF, 0x02BF, 0x027F, 0x027F,
  0x025E, 0x023E, 0x021D, 0x021D, 0x021D, 0x01FD, 0x01FD, 0x01FD, 0x021D, 0x021D, 0x021D, 0x023E,
  0x027E, 0x021F, 0x02DF, 0x34BF, 0x2D9F, 0x0D5F, 0x03DE, 0x01FC, 0x01BB, 0x01FA, 0x01DA, 0x01D9,
  0x01B9, 0x01B8, 0x01B8, 0x01B8, 0x01B8, 0x01B7, 0x0197, 0x0197, 0x0197, 0x0197, 0x0197, 0x0176,
  0x01B8, 0x01B2, 0x014A, 0x1A51, 0x21CB, 0x1060, 0x10A4, 0x10C4, 0x10C4, 0x10A3, 0x1148, 0x1000,
  0x0B35, 0x047B, 0x0148, 0x0000, 0x0084, 0x0000, 0x0001, 0x0001, 0x0001, 0x0001, 0x0001, 0x0001,
  0x0001, 0x0001, 0x0001, 0x0001, 0x0001, 0x0001, 0x0001, 0x0001, 0x0001, 0x0002, 0x0002, 0x0001,
  0x0002, 0x0002, 0x0022, 0x0022, 0x0023, 0x0023, 0x0043, 0x0084, 0x0000, 0x024C, 0x05BD, 0x0DFF,
  0x057C, 0x0002, 0x0086, 0x0085, 0x0000, 0x034F, 0x065F, 0x057C, 0x0371, 0x057A, 0x06DF, 0x067F,
  0x067F, 0x069F, 0x069F, 0x069F, 0x067F, 0x067F, 0x061F, 0x03F3, 0x0000, 0x00C6, 0x0064, 0x0002,
  0x0002, 0x0002, 0x0001, 0x0001, 0x0001, 0x0001, 0x0001, 0x0001, 0x0002, 0x0002, 0x0001, 0x0106,
  0x0000, 0x0000, 0x04F8, 0x065F, 0x069F, 0x069F, 0x069F, 0x069F, 0x067F, 0x065F, 0x063F, 0x063F,
  0x0456, 0x0393, 0x059F, 0x05BE, 0x022B, 0x0000, 0x00A5, 0x0002, 0x0002, 0x0022, 0x0002, 0x0001,
  0x0002, 0x0022, 0x0022, 0x0022, 0x0022, 0x0022, 0x0022, 0x0022, 0x00A5, 0x0000, 0x0415, 0x05BF,
  0x05BF, 0x0456, 0x0000, 0x00E6, 0x0002, 0x0002, 0x0001, 0x0001, 0x0001, 0x0001, 0x0001, 0x0001,
  0x0001, 0x0001, 0x0001, 0x0001, 0x0001, 0x0001, 0x0001, 0x0001, 0x0001, 0x0001, 0x0001, 0x0000,
  0x0000, 0x0000, 0x0001, 0x0000, 0x0000, 0x52CB, 0x6B4D, 0x0000, 0x18C3, 0x0000, 0x0000, 0x0000,
  0x0000, 0x0000, 0x0000, 0x0000, 0x0000, 0x0000, 0x0000, 0x0000, 0x0000, 0x0000, 0x0000, 0x0000,
  0x0000, 0x0000, 0x0000, 0x0000, 0x0000, 0x0800, 0x0000, 0x3860, 0x0000, 0x7160, 0xFA80, 0xF280,
  0x89A0, 0xD280, 0xFAE0, 0xFAE0, 0xFB00, 0xFB20, 0xFB40, 0xFB40, 0xFB20, 0xFB20, 0xD260, 0x89A0,
  0xEAC0, 0xFB00, 0x89A0, 0x0000, 0x2000, 0x3040, 0x0000, 0xDAA0, 0xFAC0, 0xAA00, 0x91C0, 0xFB20,
  0xFB40, 0xFB60, 0xFB60, 0xFB80, 0xFB80, 0xFB60, 0xFB40, 0xFB00, 0xB220, 0x99C0, 0xFAE0, 0xEAE0,
  0x40E0, 0x0000, 0x2020, 0x1000, 0x1000, 0x0800, 0x0800, 0x0800, 0x0800, 0x0800, 0x0800, 0x0800,
  0x2020, 0x0000, 0x0000, 0xA240, 0xFB40, 0xFB40, 0xFB40, 0xFB60, 0xFB60, 0xFB60, 0xFB60, 0xFB40,
  0xFB40, 0xC260, 0x81A0, 0xEAE0, 0xFB40, 0x91C0, 0x0000, 0x48C0, 0x0000, 0x5940, 0xEAE0, 0xFB00,
  0x91C0, 0xB260, 0xFB60, 0xFB60, 0xFB60, 0xFB60, 0xFB80, 0xFB80, 0xFB60, 0xFB40, 0xDAA0, 0x79A0,
  0xD260, 0xFB20, 0xA200, 0x0000, 0x1000, 0x1820, 0x1000, 0x0800, 0x0800, 0x0800, 0x0800, 0x0800,
  0x0800, 0x0800, 0x0800, 0x0800, 0x0800, 0x0800, 0x0800, 0x0000, 0x2020, 0x0000, 0x7980, 0xEB20,
  0x4901, 0x28A1, 0x30C1, 0x28C1, 0x28C1, 0x28C1, 0x2081, 0x20E3, 0x7181, 0x68E0, 0x8160, 0xEC80,
  0xFCA0, 0xFC60, 0xFC60, 0xFC40, 0xFC20, 0xFC00, 0xFBE0, 0xFBC0, 0xFBC0, 0xFBC0, 0xFBC0, 0xFBC0,
  0xFB80, 0xFB40, 0xFB20, 0xFB20, 0xFB20, 0xFB20, 0xFB00, 0xFB00, 0xFB40, 0xFB60, 0xFB60, 0xFB60,
  0xFB60, 0xFB60, 0xFB60, 0xFB60, 0xFBC0, 0xFC00, 0xFB80, 0xFAC0, 0xFAC0, 0xFAC0, 0xFAA0, 0xFAA0,
  0xFAC0, 0xFAC0, 0xFAE0, 0xFB00, 0xFB20, 0xFB60, 0xFB80, 0xFBA0, 0xFC02, 0xFC63, 0xFD00, 0xFE00,
  0xFF10, 0xFFDB, 0xFFFF, 0xFFFF,
  0x057F, 0x055F, 0x051F, 0x04DF, 0x04BF, 0x049F, 0x047F, 0x041F, 0x035F, 0x033F, 0x02DF, 0x029F,
  0x027F, 0x027F, 0x025E, 0x023E, 0x021E, 0x021D, 0x01FD, 0x021D, 0x021D, 0x021D, 0x021D, 0x021D,
  0x023E, 0x025E, 0x025E, 0x021F, 0x13BF, 0x14FF, 0x051F, 0x043F, 0x029C, 0x019B, 0x01FB, 0x01FA,
  0x01D9, 0x01B9, 0x01B9, 0x01B8, 0x01B8, 0x01B8, 0x01B8, 0x01B7, 0x0197, 0x0197, 0x0197, 0x0197,
  0x01D8, 0x01B2, 0x094A, 0x2251, 0x21CB, 0x1060, 0x10A4, 0x10A4, 0x10C4, 0x10A3, 0x1148, 0x1000,
  0x0B56, 0x043B, 0x0107, 0x0000, 0x0064, 0x0000, 0x0001, 0x0001, 0x0001, 0x0001, 0x0001, 0x0001,
  0x0001, 0x0001, 0x0001, 0x0001, 0x0001, 0x0001, 0x0001, 0x0001, 0x0001, 0x0001, 0x0001, 0x0002,
  0x0002, 0x0002, 0x0002, 0x0002, 0x0022, 0x0023, 0x0023, 0x0043, 0x00A5, 0x0000, 0x026D, 0x057E,
  0x0478, 0x0000, 0x0106, 0x0043, 0x0000, 0x02CE, 0x055A, 0x0392, 0x055B, 0x063F, 0x05DE, 0x05FF,
  0x05FF, 0x05FF, 0x05DF, 0x05BF, 0x05BF, 0x059F, 0x05BF, 0x05DF, 0x03D4, 0x0000, 0x00C5, 0x0022,
  0x0002, 0x0001, 0x0001, 0x0001, 0x0001, 0x0001, 0x0001, 0x0001, 0x0001, 0x0001, 0x00C4, 0x0000,
  0x01EA, 0x055A, 0x063F, 0x05BF, 0x05DF, 0x05DF, 0x05DF, 0x05FF, 0x05FF, 0x05DF, 0x05DF, 0x059E,
  0x05FF, 0x0456, 0x0437, 0x0478, 0x0127, 0x0000, 0x0084, 0x0002, 0x0002, 0x0002, 0x0001, 0x0002,
  0x0002, 0x0002, 0x0002, 0x0002, 0x0022, 0x0022, 0x0022, 0x0022, 0x0023, 0x00A5, 0x0000, 0x03F5,
  0x05BF, 0x0351, 0x0000, 0x00A5, 0x0002, 0x0001, 0x0001, 0x0001, 0x0001, 0x0001, 0x0001, 0x0001,
  0x0001, 0x0001, 0x0001, 0x0001, 0x0001, 0x0000, 0x0000, 0x0001, 0x0001, 0x0001, 0x0000, 0x0000,
  0x0000, 0x0000, 0x0001, 0x0000, 0x0000, 0x52AA, 0x632D, 0x0000, 0x10A3, 0x0000, 0x0000, 0x0000,
  0x0000, 0x0000, 0x0000, 0x0000, 0x0000, 0x0000, 0x0000, 0x0000, 0x0000, 0x0000, 0x0000, 0x0000,
  0x0000, 0x0000, 0x0000, 0x0000, 0x0000, 0x0800, 0x0000, 0x2820, 0x0000, 0x50E0, 0xCA20, 0x91A0,
  0xD280, 0xFAC0, 0xFAA0, 0xFAA0, 0xFAA0, 0xFAA0, 0xFAA0, 0xFAA0, 0xFAA0, 0xF280, 0xFAA0, 0xDA40,
  0x91E0, 0xDAA0, 0x6900, 0x0000, 0x1800, 0x3040, 0x0000, 0xB200, 0xBA20, 0x99E0, 0xFAE0, 0xFAE0,
  0xFAE0, 0xFAE0, 0xFAE0, 0xFAE0, 0xFAE0, 0xFAC0, 0xFAC0, 0xFAC0, 0xFAE0, 0xBA20, 0xA1C0, 0xCA60,
  0x0000, 0x1800, 0x1800, 0x1000, 0x0800, 0x0800, 0x0800, 0x0800, 0x0800, 0x0800, 0x0800, 0x1820,
  0x0000, 0x0000, 0xAA40, 0xFB00, 0xFAA0, 0xFAC0, 0xFAE0, 0xFAE0, 0xFAE0, 0xFAE0, 0xFAE0, 0xFAC0,
  0xFAC0, 0xFAE0, 0xCA60, 0xA200, 0xD2A0, 0x7960, 0x0000, 0x3880, 0x0000, 0x2880, 0xC280, 0xA200,
  0xB200, 0xFAE0, 0xFAE0, 0xFAE0, 0xFB00, 0xFB00, 0xFB00, 0xFB00, 0xFAE0, 0xF2A0, 0xFAC0, 0xEAA0,
  0x91A0, 0xD280, 0x89A0, 0x0000, 0x1800, 0x1000, 0x0800, 0x0800, 0x0800, 0x0800, 0x0800, 0x0800,
  0x0800, 0x0800, 0x0800, 0x0800, 0x0800, 0x0800, 0x0800, 0x0000, 0x1820, 0x0000, 0x6140, 0xEB20,
  0x5921, 0x1881, 0x30C1, 0x28A1, 0x28C1, 0x28C1, 0x2081, 0x10C3, 0x6982, 0x6900, 0x7920, 0xEC60,
  0xFCA0, 0xFC40, 0xFC40, 0xFC20, 0xFC00, 0xFBE0, 0xFBE0, 0xFBC0, 0xFBE0, 0xFBE0, 0xFBA0, 0xFB60,
  0xFB40, 0xFB40, 0xFB40, 0xFB40, 0xFB20, 0xFB20, 0xFB60, 0xFB80, 0xFB80, 0xFB60, 0xFB60, 0xFB80,
  0xFB80, 0xFB60, 0xFBA0, 0xFC00, 0xFBE0, 0xFB40, 0xFAE0, 0xFAE0, 0xFAC0, 0xFAC0, 0xFAC0, 0xFAC0,
  0xFAE0, 0xFB00, 0xFB20, 0xFB40, 0xFB80, 0xFBC0, 0xFC02, 0xFC63, 0xFD00, 0xFDE0, 0xFF0E, 0xFFDB,
  0xFFFF, 0xFFFF, 0xFFDC, 0xFF34,
  0x05DF, 0x059F, 0x055F, 0x051F, 0x04FF, 0x04DF, 0x04BF, 0x047F, 0x03FF, 0x03BF, 0x037F, 0x02DF,
  0x02BF, 0x029F, 0x027F, 0x025F, 0x023E, 0x023E, 0x021D, 0x021D, 0x021D, 0x021D, 0x021D, 0x021D,
  0x021D, 0x021D, 0x023D, 0x025E, 0x021E, 0x02BF, 0x0C5F, 0x04BF, 0x045F, 0x035D, 0x01FB, 0x01DB,
  0x01FA, 0x01DA, 0x01D9, 0x01D9, 0x01D9, 0x01B9, 0x01B8, 0x01B8, 0x01B8, 0x01B7, 0x01B7, 0x0197,
  0x01F8, 0x09B1, 0x116A, 0x2A71, 0x29CA, 0x1040, 0x10A4, 0x10A3, 0x10A3, 0x10A3, 0x1148, 0x1000,
  0x0397, 0x03FA, 0x0084, 0x0000, 0x0064, 0x0000, 0x0001, 0x0001, 0x0001, 0x0001, 0x0001, 0x0001,
  0x0001, 0x0001, 0x0001, 0x0001, 0x0001, 0x0001, 0x0001, 0x0001, 0x0001, 0x0001, 0x0001, 0x0002,
  0x0002, 0x0002, 0x0002, 0x0002, 0x0022, 0x0022, 0x0022, 0x0023, 0x0043, 0x00A5, 0x0000, 0x01EA,
  0x0127, 0x0000, 0x0084, 0x0002, 0x00A4, 0x0000, 0x0043, 0x055B, 0x063F, 0x05BF, 0x061F, 0x061F,
  0x061F, 0x05FF, 0x05FF, 0x05DF, 0x05DF, 0x05DF, 0x05BF, 0x05FF, 0x055D, 0x01EA, 0x0000, 0x00E6,
  0x0000, 0x0001, 0x0001, 0x0001, 0x0001, 0x0001, 0x0001, 0x0001, 0x0001, 0x0063, 0x00A4, 0x0000,
  0x04B7, 0x063F, 0x05FF, 0x05FF, 0x05FF, 0x05DF, 0x05DF, 0x05FF, 0x05FF, 0x05FF, 0x05FF, 0x05FF,
  0x05DF, 0x061F, 0x03D3, 0x0000, 0x0000, 0x0063, 0x0002, 0x0002, 0x0001, 0x0001, 0x0001, 0x0002,
  0x0001, 0x0001, 0x0002, 0x0002, 0x0002, 0x0002, 0x0002, 0x0022, 0x0022, 0x0043, 0x0084, 0x0000,
  0x028E, 0x0000, 0x0022, 0x0002, 0x0001, 0x0001, 0x0001, 0x0001, 0x0001, 0x0001, 0x0001, 0x0001,
  0x0001, 0x0001, 0x0001, 0x0001, 0x0001, 0x0001, 0x0001, 0x0001, 0x0000, 0x0000, 0x0000, 0x0000,
  0x0000, 0x0000, 0x0001, 0x0000, 0x0000, 0x52AA, 0x632C, 0x0000, 0x10A3, 0x0000, 0x0000, 0x0000,
  0x0000, 0x0000, 0x0000, 0x0000, 0x0000, 0x0000, 0x0000, 0x0000, 0x0000, 0x0000, 0x0000, 0x0000,
  0x0000, 0x0000, 0x0000, 0x0000, 0x0000, 0x0000, 0x0800, 0x0000, 0x1800, 0x2000, 0x0000, 0xC240,
  0xFAC0, 0xFAA0, 0xFAA0, 0xFAC0, 0xFAC0, 0xFAA0, 0xFAA0, 0xFAA0, 0xFAA0, 0xFA80, 0xF260, 0xFAC0,
  0xD240, 0x0000, 0x0000, 0x2000, 0x1000, 0x1000, 0x2020, 0x0000, 0x6940, 0xFAE0, 0xFAC0, 0xFAE0,
  0xFAE0, 0xFAE0, 0xFAC0, 0xFAC0, 0xFAC0, 0xFAC0, 0xFAE0, 0xFAE0, 0xFAC0, 0xFAC0, 0xA1C0, 0x0000,
  0x2820, 0x1000, 0x0800, 0x0800, 0x0800, 0x0800, 0x0800, 0x0800, 0x0800, 0x0800, 0x0800, 0x2020,
  0x0000, 0x6960, 0xF300, 0xFAE0, 0xFAC0, 0xFAE0, 0xFAE0, 0xFAE0, 0xFAC0, 0xFAC0, 0xFAC0, 0xFAC0,
  0xFAE0, 0xFAC0, 0xFB01, 0xD260, 0x0000, 0x0000, 0x2820, 0x0800, 0x1800, 0x3040, 0x0000, 0x91C0,
  0xFB00, 0xFAE0, 0xFAE0, 0xFB00, 0xFB00, 0xFB00, 0xFB00, 0xFAE0, 0xFAE0, 0xFAC0, 0xFAC0, 0xFB00,
  0xEAC0, 0x40E0, 0x0000, 0x2820, 0x1000, 0x0800, 0x0800, 0x0800, 0x0800, 0x0800, 0x0800, 0x0800,
  0x0800, 0x0800, 0x0800, 0x0800, 0x0800, 0x0800, 0x0800, 0x0000, 0x1820, 0x0000, 0x50E0, 0xF300,
  0x7161, 0x0061, 0x30C1, 0x28C1, 0x28C1, 0x28C1, 0x2081, 0x00A2, 0x6981, 0x7100, 0x70C0, 0xE440,
  0xFCA0, 0xFC40, 0xFC20, 0xFC20, 0xFC00, 0xFC00, 0xFBE0, 0xFBE0, 0xFBE0, 0xFBA0, 0xFB60, 0xFB60,
  0xFB60, 0xFB60, 0xFB60, 0xFB60, 0xFB80, 0xFBA0, 0xFBA0, 0xFB80, 0xFB80, 0xFB80, 0xFBA0, 0xFB80,
  0xFB80, 0xFBE0, 0xFC20, 0xFBC0, 0xFB00, 0xFAE0, 0xFB00, 0xFAE0, 0xFAE0, 0xFAE0, 0xFB00, 0xFB00,
  0xFB40, 0xFB60, 0xFB80, 0xFBA0, 0xFC01, 0xFC62, 0xFD00, 0xFDE0, 0xFEED, 0xFFBA, 0xFFFF, 0xFFFF,
  0xFFDA, 0xFF10, 0xFDE0, 0xFD00,
  0x061F, 0x05FF, 0x05BF, 0x057F, 0x053F, 0x051F, 0x04FF, 0x04DF, 0x047F, 0x041F, 0x03FF, 0x037F,
  0x031F, 0x02FF, 0x02BF, 0x029F, 0x029F, 0x027F, 0x025E, 0x023E, 0x023E, 0x021E, 0x021D, 0x021D,
  0x021D, 0x021D, 0x021D, 0x023E, 0x027E, 0x025E, 0x025F, 0x037F, 0x041F, 0x045F, 0x03DE, 0x025C,
  0x019B, 0x01FB, 0x01FA, 0x01DA, 0x01D9, 0x01D9, 0x01D9, 0x01D8, 0x01D8, 0x01B8, 0x01B8, 0x01B8,
  0x01F8, 0x09B0, 0x118A, 0x2A91, 0x29A9, 0x1020, 0x10C4, 0x10A3, 0x10A3, 0x10A3, 0x1128, 0x1000,
  0x0399, 0x03B9, 0x0000, 0x0000, 0x0064, 0x0000, 0x0001, 0x0001, 0x0001, 0x0001, 0x0001, 0x0001,
  0x0001, 0x0001, 0x0001, 0x0001, 0x0001, 0x0001, 0x0001, 0x0001, 0x0001, 0x0001, 0x0001, 0x0001,
  0x0001, 0x0001, 0x0001, 0x0001, 0x0001, 0x0001, 0x0002, 0x0002, 0x0022, 0x0022, 0x00A4, 0x0000,
  0x0001, 0x0063, 0x0001, 0x0002, 0x0023, 0x0043, 0x0004, 0x026D, 0x03B3, 0x0393, 0x03B3, 0x03D3,
  0x03B3, 0x0393, 0x0393, 0x0393, 0x03B3, 0x03B3, 0x03B3, 0x03B3, 0x028D, 0x0000, 0x0084, 0x0002,
  0x0001, 0x0001, 0x0001, 0x0001, 0x0001, 0x0001, 0x0001, 0x0001, 0x0001, 0x0001, 0x0084, 0x0000,
  0x0148, 0x0351, 0x03D3, 0x03B3, 0x03B3, 0x03B3, 0x0393, 0x0392, 0x0392, 0x0392, 0x03B3, 0x03B2,
  0x03B3, 0x0371, 0x0188, 0x0002, 0x0063, 0x0002, 0x0001, 0x0001, 0x0001, 0x0001, 0x0001, 0x0001,
  0x0001, 0x0001, 0x0001, 0x0001, 0x0001, 0x0001, 0x0001, 0x0001, 0x0002, 0x0002, 0x0022, 0x0084,
  0x0000, 0x0043, 0x0002, 0x0001, 0x0001, 0x0001, 0x0001, 0x0001, 0x0001, 0x0001, 0x0001, 0x0001,
  0x0001, 0x0001, 0x0001, 0x0001, 0x0001, 0x0001, 0x0000, 0x0000, 0x0000, 0x0000, 0x0000, 0x0000,
  0x0000, 0x0000, 0x0001, 0x0000, 0x0000, 0x52AA, 0x632C, 0x0000, 0x10A3, 0x0000, 0x0000, 0x0000,
  0x0000, 0x0000, 0x0000, 0x0000, 0x0000, 0x0000, 0x0000, 0x0000, 0x0000, 0x0000, 0x0000, 0x0000,
  0x0000, 0x0000, 0x0000, 0x0000, 0x0000, 0x0000, 0x0000, 0x0800, 0x0000, 0x2020, 0x0000, 0x50C0,
  0x8980, 0x91A0, 0x91A0, 0x91A0, 0x91A0, 0x9180, 0x9180, 0x9180, 0x9180, 0x91A0, 0x9180, 0x91A0,
  0x6100, 0x0800, 0x1800, 0x1000, 0x0800, 0x0800, 0x1000, 0x2820, 0x2000, 0x7960, 0x91A0, 0x91A0,
  0x91C0, 0x91C0, 0x91A0, 0x91A0, 0x91A0, 0x91A0, 0x91C0, 0x91C0, 0x91A0, 0x8960, 0x50C0, 0x0000,
  0x2020, 0x0800, 0x0800, 0x0800, 0x0800, 0x0800, 0x0800, 0x0800, 0x0800, 0x0800, 0x0800, 0x1000,
  0x0000, 0x0000, 0x6940, 0x99C0, 0x91C0, 0x91E0, 0x91C0, 0x91A0, 0x91A0, 0x91A0, 0x91C0, 0x91C0,
  0x91C0, 0x91A0, 0x91A0, 0x6900, 0x1000, 0x2020, 0x1000, 0x1000, 0x0800, 0x2020, 0x1800, 0x3860,
  0x8180, 0x99C0, 0x91C0, 0x91C0, 0x91C0, 0x91C0, 0x91C0, 0x91C0, 0x91C0, 0x91C0, 0x91C0, 0x99C0,
  0x7960, 0x2020, 0x1000, 0x1800, 0x0800, 0x0800, 0x0800, 0x0800, 0x0800, 0x0800, 0x0800, 0x0800,
  0x0800, 0x0800, 0x0800, 0x0800, 0x0800, 0x0000, 0x0800, 0x0000, 0x1000, 0x0000, 0x3880, 0xEAC0,
  0x7981, 0x0061, 0x30C1, 0x28C1, 0x28C1, 0x28C1, 0x2081, 0x0082, 0x6962, 0x7120, 0x6880, 0xDC00,
  0xFC80, 0xFC20, 0xFC40, 0xFC20, 0xFC00, 0xFC00, 0xFC00, 0xFBC0, 0xFB80, 0xFB80, 0xFB80, 0xFB80,
  0xFB80, 0xFB80, 0xFBA0, 0xFBE0, 0xFBC0, 0xFBC0, 0xFBC0, 0xFBC0, 0xFBC0, 0xFBC0, 0xFBA0, 0xFBC0,
  0xFC40, 0xFC20, 0xFB80, 0xFB00, 0xFB00, 0xFB00, 0xFB00, 0xFB00, 0xFB00, 0xFB20, 0xFB40, 0xFB60,
  0xFB80, 0xFBC0, 0xFC00, 0xFC42, 0xFCE0, 0xFDC0, 0xFECB, 0xFFB9, 0xFFFF, 0xFFFF, 0xFFD8, 0xFF0C,
  0xFDE0, 0xFCC0, 0xFC42, 0xFC05,
  0x069F, 0x065F, 0x05FF, 0x05BF, 0x059F, 0x055F, 0x053F, 0x051F, 0x04DF, 0x049F, 0x043F, 0x041F,
  0x037F, 0x033F, 0x031F, 0x02FF, 0x02DF, 0x02BF, 0x029F, 0x027F, 0x025E, 0x023E, 0x023E, 0x023E,
  0x023E, 0x023E, 0x023E, 0x023E, 0x025E, 0x027E, 0x029E, 0x027F, 0x02FF, 0x03BF, 0x041F, 0x041F,
  0x031C, 0x01BB, 0x01FA, 0x01FA, 0x01FA, 0x01FA, 0x01FA, 0x01D9, 0x01D9, 0x01D9, 0x01D8, 0x01B8,
  0x01F8, 0x098F, 0x19AA, 0x3290, 0x2188, 0x1020, 0x10C4, 0x10A3, 0x10A3, 0x10A3, 0x1107, 0x1000,
  0x039A, 0x0378, 0x0000, 0x0000, 0x0043, 0x0000, 0x0001, 0x0001, 0x0001, 0x0001, 0x0001, 0x0001,
  0x0001, 0x0001, 0x0001, 0x0001, 0x0001, 0x0001, 0x0001, 0x0001, 0x0001, 0x0001, 0x0001, 0x0001,
  0x0001, 0x0001, 0x0001, 0x0001, 0x0001, 0x0001, 0x0001, 0x0001, 0x0001, 0x0001, 0x0001, 0x0063,
  0x0042, 0x0001, 0x0002, 0x0002, 0x0002, 0x0022, 0x0064, 0x0000, 0x0000, 0x0000, 0x0000, 0x0000,
  0x0000, 0x0000, 0x0000, 0x0000, 0x0000, 0x0000, 0x0000, 0x0000, 0x0000, 0x0063, 0x0001, 0x0001,
  0x0001, 0x0001, 0x0001, 0x0001, 0x0001, 0x0001, 0x0001, 0x0001, 0x0001, 0x0001, 0x0001, 0x0063,
  0x0000, 0x0000, 0x0000, 0x0000, 0x0000, 0x0000, 0x0000, 0x0000, 0x0000, 0x0000, 0x0000, 0x0000,
  0x0000, 0x0000, 0x0000, 0x0063, 0x0002, 0x0002, 0x0001, 0x0001, 0x0001, 0x0001, 0x0001, 0x0001,
  0x0001, 0x0001, 0x0001, 0x0001, 0x0001, 0x0001, 0x0001, 0x0001, 0x0001, 0x0001, 0x0001, 0x0002,
  0x0084, 0x0002, 0x0001, 0x0001, 0x0001, 0x0001, 0x0001, 0x0001, 0x0001, 0x0001, 0x0001, 0x0001,
  0x0001, 0x0001, 0x0001, 0x0001, 0x0000, 0x0000, 0x0000, 0x0001, 0x0000, 0x0000, 0x0000, 0x0000,
  0x0000, 0x0000, 0x0001, 0x0000, 0x0000, 0x52AA, 0x632C, 0x0000, 0x10A3, 0x0000, 0x0000, 0x0000,
  0x0000, 0x0000, 0x0000, 0x0000, 0x0000, 0x0000, 0x0000, 0x0000, 0x0000, 0x0000, 0x0000, 0x0000,
  0x0000, 0x0000, 0x0000, 0x0000, 0x0000, 0x0000, 0x0000, 0x0000, 0x0800, 0x0000, 0x1000, 0x0000,
  0x0000, 0x0000, 0x0000, 0x0000, 0x0000, 0x0000, 0x0000, 0x0000, 0x0000, 0x0000, 0x0000, 0x0000,
  0x0000, 0x1800, 0x0800, 0x0800, 0x0800, 0x0800, 0x0800, 0x1000, 0x1000, 0x0000, 0x0000, 0x0000,
  0x0000, 0x0000, 0x0000, 0x0000, 0x0000, 0x0000, 0x0000, 0x0000, 0x0000, 0x0000, 0x0000, 0x1800,
  0x0800, 0x0800, 0x0800, 0x0800, 0x0800, 0x0800, 0x0800, 0x0800, 0x0800, 0x0800, 0x0800, 0x0800,
  0x1000, 0x1000, 0x0000, 0x0000, 0x0000, 0x0000, 0x0000, 0x0000, 0x0000, 0x0000, 0x0000, 0x0000,
  0x0000, 0x0000, 0x0000, 0x0000, 0x1800, 0x1000, 0x0800, 0x1000, 0x1000, 0x0800, 0x1800, 0x0800,
  0x0000, 0x0000, 0x0000, 0x0000, 0x0000, 0x0000, 0x0000, 0x0000, 0x0000, 0x0000, 0x0000, 0x0000,
  0x0000, 0x1000, 0x1000, 0x0800, 0x0800, 0x0800, 0x0800, 0x0800, 0x0800, 0x0800, 0x0800, 0x0800,
  0x0800, 0x0800, 0x0800, 0x0800, 0x0000, 0x0000, 0x0000, 0x0000, 0x0800, 0x0000, 0x0020, 0xEAA0,
  0x89A1, 0x0061, 0x30C1, 0x28A1, 0x28A1, 0x28A1, 0x2081, 0x0082, 0x6162, 0x7940, 0x6040, 0xD3C0,
  0xFCA0, 0xFC20, 0xFC40, 0xFC20, 0xFC20, 0xFC00, 0xFBC0, 0xFBA0, 0xFBA0, 0xFBA0, 0xFB80, 0xFBA0,
  0xFBC0, 0xFBE0, 0xFC00, 0xFBE0, 0xFBE0, 0xFBE0, 0xFBE0, 0xFBE0, 0xFBE0, 0xFBE0, 0xFC40, 0xFCA0,
  0xFC20, 0xFB40, 0xFB00, 0xFB20, 0xFB20, 0xFB20, 0xFB20, 0xFB20, 0xFB40, 0xFB60, 0xFB80, 0xFBC0,
  0xFC00, 0xFC40, 0xFCC1, 0xFD80, 0xFE85, 0xFF96, 0xFFFE, 0xFFFD, 0xFF95, 0xFEC7, 0xFDC0, 0xFCC0,
  0xFC44, 0xFC04, 0xFBA0, 0xFB40,
  0x077F, 0x075F, 0x071F, 0x06BF, 0x065F, 0x05DF, 0x059F, 0x055F, 0x053F, 0x051F, 0x04BF, 0x047F,
  0x043F, 0x03BF, 0x037F, 0x035F, 0x031F, 0x02FF, 0x02BF, 0x029F, 0x027F, 0x027F, 0x025E, 0x025E,
  0x023E, 0x023E, 0x023E, 0x025E, 0x025E, 0x025E, 0x027E, 0x029F, 0x029F, 0x02DF, 0x035F, 0x039F,
  0x043F, 0x03BD, 0x021B, 0x01BB, 0x021B, 0x021B, 0x021A, 0x01FA, 0x01F9, 0x01F9, 0x01D9, 0x01D9,
  0x01F8, 0x096E, 0x21EB, 0x3290, 0x2167, 0x0800, 0x10C4, 0x10C3, 0x10A3, 0x10C4, 0x1107, 0x1000,
  0x03BA, 0x0337, 0x0000, 0x0000, 0x0043, 0x0000, 0x0001, 0x0001, 0x0001, 0x0001, 0x0001, 0x0001,
  0x0001, 0x0001, 0x0001, 0x0001, 0x0001, 0x0001, 0x0001, 0x0001, 0x0001, 0x0001, 0x0001, 0x0001,
  0x0001, 0x0001, 0x0001, 0x0001, 0x0001, 0x0001, 0x0001, 0x0001, 0x0001, 0x0001, 0x0001, 0x0001,
  0x0001, 0x0001, 0x0001, 0x0001, 0x0002, 0x0002, 0x0002, 0x00A4, 0x0106, 0x00E6, 0x0106, 0x0106,
  0x0106, 0x00E6, 0x00E6, 0x00E6, 0x00E6, 0x00E6, 0x00E6, 0x00E6, 0x00A4, 0x0001, 0x0001, 0x0001,
  0x0001, 0x0001, 0x0001, 0x0001, 0x0001, 0x0001, 0x0001, 0x0001, 0x0001, 0x0001, 0x0002, 0x0001,
  0x0063, 0x00E5, 0x0106, 0x00E6, 0x0106, 0x0106, 0x00E6, 0x00E6, 0x00E6, 0x00E6, 0x00E6, 0x00E5,
  0x00E6, 0x00E5, 0x0043, 0x0001, 0x0001, 0x0001, 0x0001, 0x0001, 0x0001, 0x0001, 0x0001, 0x0001,
  0x0001, 0x0001, 0x0001, 0x0001, 0x0001, 0x0001, 0x0001, 0x0001, 0x0001, 0x0001, 0x0001, 0x0001,
  0x0001, 0x0001, 0x0001, 0x0001, 0x0001, 0x0001, 0x0001, 0x0001, 0x0001, 0x0001, 0x0001, 0x0001,
  0x0001, 0x0000, 0x0000, 0x0000, 0x0000, 0x0000, 0x0000, 0x0000, 0x0000, 0x0000, 0x0000, 0x0000,
  0x0000, 0x0000, 0x0001, 0x0000, 0x0000, 0x528A, 0x630C, 0x0000, 0x10A2, 0x0000, 0x0000, 0x0000,
  0x0000, 0x0000, 0x0000, 0x0000, 0x0000, 0x0000, 0x0000, 0x0000, 0x0000, 0x0000, 0x0000, 0x0000,
  0x0000, 0x0000, 0x0000, 0x0000, 0x0000, 0x0000, 0x0000, 0x0000, 0x0000, 0x0800, 0x0000, 0x1800,
  0x2820, 0x2820, 0x2840, 0x2840, 0x2840, 0x2820, 0x2820, 0x2820, 0x2840, 0x2840, 0x2820, 0x2840,
  0x1800, 0x0800, 0x0800, 0x0800, 0x0800, 0x0800, 0x0800, 0x0800, 0x0800, 0x2020, 0x2840, 0x2840,
  0x2840, 0x2840, 0x3040, 0x3040, 0x3040, 0x2840, 0x2840, 0x2840, 0x2820, 0x2820, 0x1800, 0x0800,
  0x0800, 0x0800, 0x0800, 0x0800, 0x0800, 0x0800, 0x0800, 0x0800, 0x0800, 0x0800, 0x0800, 0x0800,
  0x0800, 0x0800, 0x2020, 0x2840, 0x2840, 0x2840, 0x2840, 0x2840, 0x3040, 0x3040, 0x3040, 0x3040,
  0x2840, 0x2840, 0x2840, 0x2020, 0x0800, 0x1000, 0x0800, 0x0800, 0x0800, 0x1000, 0x0800, 0x1000,
  0x2840, 0x3040, 0x2840, 0x3040, 0x3040, 0x3040, 0x3040, 0x3040, 0x3040, 0x2840, 0x2840, 0x2840,
  0x2020, 0x1000, 0x0800, 0x0800, 0x0800, 0x0800, 0x0800, 0x0800, 0x0800, 0x0800, 0x0800, 0x0800,
  0x0800, 0x0800, 0x0000, 0x0000, 0x0000, 0x0000, 0x0000, 0x0000, 0x0800, 0x1000, 0x0000, 0xE2A0,
  0x99C1, 0x0041, 0x38C1, 0x28A1, 0x28A1, 0x28A1, 0x2081, 0x0082, 0x6162, 0x7960, 0x6020, 0xCBA0,
  0xFCA0, 0xFC40, 0xFC40, 0xFC20, 0xFC00, 0xFBE0, 0xFBC0, 0xFBC0, 0xFBC0, 0xFBA0, 0xFBC0, 0xFC00,
  0xFC00, 0xFC00, 0xFC00, 0xFC00, 0xFC00, 0xFC20, 0xFC20, 0xFC00, 0xFC20, 0xFCA0, 0xFCC0, 0xFBE0,
  0xFB20, 0xFB20, 0xFB20, 0xFB20, 0xFB20, 0xFB40, 0xFB40, 0xFB60, 0xFB80, 0xFBC0, 0xFBE0, 0xFC40,
  0xFCA1, 0xFD20, 0xFE40, 0xFF71, 0xFFFA, 0xFFDA, 0xFF52, 0xFE80, 0xFDA0, 0xFCA0, 0xFC25, 0xFBE4,
  0xFBA0, 0xFB60, 0xFB20, 0xFB00,
  0x06DF, 0x075F, 0x077F, 0x077F, 0x075F, 0x071F, 0x06DF, 0x065F, 0x05FF, 0x059F, 0x053F, 0x04DF,
  0x049F, 0x045F, 0x03FF, 0x03BF, 0x039F, 0x035F, 0x031F, 0x02FF, 0x02BF, 0x02BF, 0x029F, 0x027F,
  0x025E, 0x025E, 0x025E, 0x025E, 0x027E, 0x027E, 0x029E, 0x029F, 0x02BF, 0x02DF, 0x02FF, 0x033F,
  0x035F, 0x041F, 0x043E, 0x02FC, 0x01BB, 0x023B, 0x023B, 0x021A, 0x01FA, 0x01FA, 0x01F9, 0x01FA,
  0x0218, 0x094D, 0x2A0B, 0x3290, 0x2146, 0x0820, 0x10C4, 0x10A3, 0x10A3, 0x10C4, 0x10E5, 0x1000,
  0x03BB, 0x02F6, 0x0000, 0x0000, 0x0023, 0x0000, 0x0001, 0x0001, 0x0001, 0x0001, 0x0001, 0x0001,
  0x0001, 0x0001, 0x0001, 0x0000, 0x0001, 0x0001, 0x0001, 0x0001, 0x0001, 0x0000, 0x0001, 0x0001,
  0x0001, 0x0001, 0x0001, 0x0000, 0x0001, 0x0001, 0x0001, 0x0001, 0x0001, 0x0001, 0x0001, 0x0001,
  0x0001, 0x0001, 0x0001, 0x0001, 0x0001, 0x0001, 0x0001, 0x0001, 0x0001, 0x0002, 0x0002, 0x0002,
  0x0002, 0x0002, 0x0002, 0x0002, 0x0002, 0x0002, 0x0001, 0x0001, 0x0001, 0x0001, 0x0001, 0x0001,
  0x0001, 0x0001, 0x0001, 0x0001, 0x0001, 0x0001, 0x0001, 0x0001, 0x0001, 0x0001, 0x0001, 0x0001,
  0x0001, 0x0001, 0x0002, 0x0002, 0x0002, 0x0002, 0x0002, 0x0002, 0x0002, 0x0002, 0x0002, 0x0002,
  0x0001, 0x0001, 0x0001, 0x0001, 0x0001, 0x0001, 0x0001, 0x0001, 0x0001, 0x0000, 0x0000, 0x0000,
  0x0001, 0x0001, 0x0000, 0x0001, 0x0001, 0x0001, 0x0001, 0x0001, 0x0001, 0x0001, 0x0001, 0x0001,
  0x0001, 0x0001, 0x0001, 0x0001, 0x0001, 0x0001, 0x0001, 0x0001, 0x0001, 0x0001, 0x0001, 0x0001,
  0x0000, 0x0000, 0x0000, 0x0000, 0x0000, 0x0000, 0x0000, 0x0000, 0x0000, 0x0000, 0x0000, 0x0000,
  0x0000, 0x0000, 0x0001, 0x0000, 0x0000, 0x528A, 0x5B0C, 0x0000, 0x10A2, 0x0000, 0x0000, 0x0000,
  0x0000, 0x0000, 0x0000, 0x0000, 0x0000, 0x0000, 0x0000, 0x0000, 0x0000, 0x0000, 0x0000, 0x0000,
  0x0000, 0x0000, 0x0000, 0x0000, 0x0000, 0x0000, 0x0000, 0x0000, 0x0000, 0x0000, 0x0000, 0x0000,
  0x0000, 0x0000, 0x0000, 0x0000, 0x0800, 0x0800, 0x0800, 0x0800, 0x0800, 0x0800, 0x0000, 0x0000,
  0x0800, 0x0800, 0x0800, 0x0000, 0x0000, 0x0800, 0x0000, 0x0800, 0x0800, 0x0800, 0x0800, 0x0800,
  0x0800, 0x0800, 0x0800, 0x0800, 0x0800, 0x0800, 0x0800, 0x0800, 0x0800, 0x0800, 0x0800, 0x0800,
  0x0800, 0x0800, 0x0800, 0x0000, 0x0000, 0x0000, 0x0000, 0x0000, 0x0800, 0x0800, 0x0800, 0x0800,
  0x0800, 0x0800, 0x0800, 0x0800, 0x0800, 0x0800, 0x0800, 0x0800, 0x0800, 0x0800, 0x0800, 0x0800,
  0x0800, 0x0800, 0x0800, 0x0800, 0x0800, 0x0800, 0x0800, 0x0800, 0x0800, 0x0800, 0x0800, 0x0800,
  0x0800, 0x0800, 0x0800, 0x0800, 0x1000, 0x1000, 0x1000, 0x1000, 0x1000, 0x0800, 0x0800, 0x0800,
  0x0800, 0x0800, 0x0800, 0x0800, 0x0800, 0x0800, 0x0800, 0x0800, 0x0800, 0x0800, 0x0800, 0x0000,
  0x0000, 0x0000, 0x0000, 0x0000, 0x0000, 0x0000, 0x0000, 0x0000, 0x0000, 0x1820, 0x0000, 0xE280,
  0xAA01, 0x0021, 0x38C1, 0x28A1, 0x28A1, 0x28A1, 0x2881, 0x0082, 0x5962, 0x8160, 0x6000, 0xC360,
  0xFCA0, 0xFC20, 0xFC20, 0xFC00, 0xFBE0, 0xFBE0, 0xFBE0, 0xFBE0, 0xFBE0, 0xFC00, 0xFC20, 0xFC00,
  0xFC00, 0xFC20, 0xFC20, 0xFC20, 0xFC40, 0xFC40, 0xFC40, 0xFCA0, 0xFD00, 0xFC60, 0xFB60, 0xFB20,
  0xFB60, 0xFB40, 0xFB40, 0xFB40, 0xFB60, 0xFB80, 0xFB80, 0xFBC0, 0xFBE0, 0xFC20, 0xFC80, 0xFCE0,
  0xFDE0, 0xFF0C, 0xFFD4, 0xFF96, 0xFECE, 0xFDE0, 0xFD40, 0xFCC2, 0xFC65, 0xFC02, 0xFBE0, 0xFB80,
  0xFB40, 0xFB00, 0xFAE0, 0xFAC0,
  0x04FF, 0x057F, 0x061F, 0x06BF, 0x071F, 0x075F, 0x075F, 0x075F, 0x075F, 0x06FF, 0x069F, 0x061F,
  0x055F, 0x04FF, 0x049F, 0x043F, 0x041F, 0x03DF, 0x039F, 0x035F, 0x033F, 0x02FF, 0x02DF, 0x02BF,
  0x029F, 0x029F, 0x027F, 0x027F, 0x029F, 0x029F, 0x029F, 0x02BF, 0x02BF, 0x02DF, 0x02FF, 0x031F,
  0x033F, 0x031F, 0x03DF, 0x049F, 0x03BD, 0x01FC, 0x021C, 0x023B, 0x023B, 0x021B, 0x01FA, 0x021A,
  0x0239, 0x094C, 0x322C, 0x3AB0, 0x2125, 0x0800, 0x10C4, 0x10A3, 0x10A3, 0x10C5, 0x10A4, 0x0800,
  0x039C, 0x02B4, 0x0000, 0x0000, 0x0022, 0x0000, 0x0001, 0x0001, 0x0000, 0x0001, 0x0001, 0x0001,
  0x0001, 0x0001, 0x0001, 0x0001, 0x0001, 0x0001, 0x0001, 0x0001, 0x0001, 0x0001, 0x0000, 0x0001,
  0x0001, 0x0000, 0x0021, 0x0022, 0x0001, 0x0001, 0x0022, 0x0021, 0x0001, 0x0001, 0x0042, 0x0001,
  0x0022, 0x0042, 0x0042, 0x0042, 0x0001, 0x0001, 0x0062, 0x0042, 0x0002, 0x0042, 0x0022, 0x0002,
  0x0043, 0x0022, 0x0002, 0x0002, 0x0002, 0x0001, 0x0022, 0x0042, 0x0042, 0x0042, 0x0001, 0x0001,
  0x0001, 0x0001, 0x0001, 0x0001, 0x0001, 0x0001, 0x0001, 0x0001, 0x0001, 0x0001, 0x0001, 0x0001,
  0x0001, 0x0001, 0x0002, 0x0002, 0x0002, 0x0022, 0x0063, 0x0063, 0x0022, 0x0002, 0x0022, 0x0042,
  0x0022, 0x0001, 0x0022, 0x0042, 0x0001, 0x0001, 0x0042, 0x0021, 0x0001, 0x0042, 0x0042, 0x0042,
  0x0001, 0x0021, 0x0062, 0x0021, 0x0001, 0x0001, 0x0001, 0x0001, 0x0001, 0x0001, 0x0021, 0x0062,
  0x0022, 0x0001, 0x0001, 0x0001, 0x0001, 0x0001, 0x0001, 0x0001, 0x0001, 0x0001, 0x0000, 0x0000,
  0x0000, 0x0000, 0x0000, 0x0000, 0x0000, 0x0000, 0x0000, 0x0000, 0x0000, 0x0000, 0x0000, 0x0000,
  0x0000, 0x0000, 0x0000, 0x0000, 0x0000, 0x4A8A, 0x5AEB, 0x0000, 0x10A2, 0x0000, 0x0000, 0x0000,
  0x0000, 0x0000, 0x0000, 0x0000, 0x0000, 0x0000, 0x0000, 0x0000, 0x0000, 0x0000, 0x0000, 0x0000,
  0x0000, 0x0000, 0x0000, 0x0000, 0x0000, 0x0000, 0x0000, 0x0000, 0x0000, 0x0000, 0x0000, 0x0800,
  0x0800, 0x0000, 0x0800, 0x1000, 0x0800, 0x0800, 0x1000, 0x0800, 0x0800, 0x1020, 0x1020, 0x1020,
  0x1000, 0x0000, 0x0800, 0x1020, 0x0800, 0x0000, 0x1020, 0x0800, 0x0800, 0x1000, 0x0800, 0x0800,
  0x0800, 0x0800, 0x0800, 0x0800, 0x1000, 0x1020, 0x1020, 0x0800, 0x0800, 0x0800, 0x0800, 0x0800,
  0x0800, 0x0000, 0x0000, 0x0000, 0x0000, 0x0000, 0x0000, 0x0000, 0x0000, 0x0000, 0x0800, 0x0800,
  0x0800, 0x0800, 0x0800, 0x0800, 0x0800, 0x0800, 0x1020, 0x1020, 0x1000, 0x0800, 0x0800, 0x1000,
  0x1000, 0x0800, 0x0800, 0x1000, 0x1000, 0x0800, 0x0800, 0x1000, 0x0800, 0x1000, 0x1020, 0x1020,
  0x1000, 0x0800, 0x1020, 0x1020, 0x1000, 0x0800, 0x1000, 0x1000, 0x0800, 0x0800, 0x0800, 0x1000,
  0x1020, 0x0800, 0x0800, 0x0800, 0x0800, 0x0800, 0x0800, 0x0800, 0x0800, 0x0000, 0x0000, 0x0000,
  0x0000, 0x0000, 0x0000, 0x0000, 0x0000, 0x0000, 0x0000, 0x0000, 0x0000, 0x2020, 0x0000, 0xDA60,
  0xB220, 0x0021, 0x38C1, 0x28A1, 0x28A1, 0x28A1, 0x28A1, 0x0082, 0x5142, 0x8180, 0x6000, 0xBB20,
  0xFC80, 0xFC00, 0xFC20, 0xFC20, 0xFC00, 0xFC00, 0xFC00, 0xFC20, 0xFC20, 0xFC20, 0xFC20, 0xFC20,
  0xFC40, 0xFC40, 0xFC40, 0xFC60, 0xFC60, 0xFC80, 0xFD00, 0xFD00, 0xFC00, 0xFB40, 0xFB60, 0xFB80,
  0xFB60, 0xFB60, 0xFB60, 0xFB80, 0xFBA0, 0xFBC0, 0xFC00, 0xFC20, 0xFC80, 0xFCE0, 0xFDC0, 0xFEE9,
  0xFF6F, 0xFF10, 0xFE2A, 0xFD60, 0xFCE0, 0xFCA4, 0xFC65, 0xFC21, 0xFBE0, 0xFBC0, 0xFB80, 0xFB40,
  0xFB00, 0xFAE0, 0xFAC0, 0xFAA0,
  0x03FF, 0x049F, 0x049F, 0x04DF, 0x053F, 0x05BF, 0x063F, 0x06BF, 0x06FF, 0x073F, 0x077F, 0x077F,
  0x075F, 0x06DF, 0x0E3F, 0x0D9F, 0x04FF, 0x047F, 0x043F, 0x03FF, 0x03BF, 0x035F, 0x033F, 0x0AFF,
  0x0ADF, 0x02DF, 0x02BF, 0x02BF, 0x02BF, 0x02BF, 0x02BF, 0x02DF, 0x02DF, 0x02FF, 0x02FF, 0x031F,
  0x031F, 0x035F, 0x033F, 0x035F, 0x047F, 0x045E, 0x029D, 0x01FC, 0x025C, 0x025C, 0x023B, 0x023B,
  0x0239, 0x094B, 0x324D, 0x3AAF, 0x2104, 0x0800, 0x10C4, 0x10A3, 0x10A3, 0x10C5, 0x1080, 0x0860,
  0x037C, 0x0274, 0x0000, 0x0000, 0x0002, 0x0000, 0x0001, 0x0001, 0x0000, 0x0000, 0x0000, 0x0001,
  0x0001, 0x0001, 0x0001, 0x0000, 0x0001, 0x0001, 0x0001, 0x0000, 0x0001, 0x0001, 0x0001, 0x0000,
  0x0000, 0x0001, 0x0001, 0x0001, 0x0001, 0x0001, 0x0001, 0x0000, 0x0001, 0x0001, 0x0001, 0x0001,
  0x0000, 0x0000, 0x0000, 0x0000, 0x0001, 0x0022, 0x0000, 0x0001, 0x0042, 0x0001, 0x0001, 0x0001,
  0x0001, 0x0001, 0x0001, 0x0001, 0x0001, 0x0001, 0x0000, 0x0000, 0x0000, 0x0000, 0x0000, 0x0001,
  0x0001, 0x0001, 0x0001, 0x0001, 0x0001, 0x0001, 0x0001, 0x0001, 0x0001, 0x0001, 0x0001, 0x0001,
  0x0001, 0x0001, 0x0001, 0x0001, 0x0022, 0x0022, 0x0000, 0x0000, 0x0022, 0x0001, 0x0002, 0x0001,
  0x0001, 0x0001, 0x0001, 0x0001, 0x0001, 0x0001, 0x0001, 0x0000, 0x0001, 0x0000, 0x0000, 0x0000,
  0x0021, 0x0000, 0x0000, 0x0001, 0x0001, 0x0001, 0x0001, 0x0001, 0x0001, 0x0001, 0x0001, 0x0000,
  0x0000, 0x0021, 0x0000, 0x0001, 0x0001, 0x0001, 0x0001, 0x0001, 0x0000, 0x0001, 0x0000, 0x0000,
  0x0000, 0x0000, 0x0000, 0x0000, 0x0000, 0x0000, 0x0000, 0x0000, 0x0000, 0x0000, 0x0000, 0x0000,
  0x0000, 0x0000, 0x0000, 0x0000, 0x0000, 0x4A69, 0x5AEB, 0x0000, 0x10A2, 0x0000, 0x0000, 0x0000,
  0x0000, 0x0000, 0x0000, 0x0000, 0x0000, 0x0000, 0x0000, 0x0000, 0x0000, 0x0000, 0x0000, 0x0000,
  0x0000, 0x0000, 0x0000, 0x0000, 0x0000, 0x0000, 0x0000, 0x0000, 0x0000, 0x0000, 0x0000, 0x0000,
  0x0000, 0x0800, 0x0800, 0x0000, 0x0000, 0x0800, 0x0000, 0x0800, 0x0000, 0x0000, 0x0000, 0x0000,
  0x0000, 0x0800, 0x0000, 0x0000, 0x0800, 0x0800, 0x0000, 0x0000, 0x0000, 0x0000, 0x0800, 0x0800,
  0x0800, 0x0800, 0x0800, 0x0800, 0x0800, 0x0000, 0x0000, 0x0000, 0x0800, 0x0000, 0x0000, 0x0000,
  0x0000, 0x0000, 0x0000, 0x0000, 0x0000, 0x0000, 0x0000, 0x0000, 0x0000, 0x0000, 0x0000, 0x0800,
  0x0800, 0x0800, 0x0800, 0x0000, 0x0800, 0x1000, 0x0000, 0x0000, 0x0800, 0x0800, 0x0800, 0x0800,
  0x0800, 0x0800, 0x0800, 0x0800, 0x0800, 0x0800, 0x0800, 0x0800, 0x0800, 0x0000, 0x0000, 0x0000,
  0x0000, 0x1000, 0x0000, 0x0000, 0x1000, 0x0800, 0x0800, 0x0800, 0x0800, 0x0800, 0x1000, 0x0000,
  0x0000, 0x0800, 0x0800, 0x0000, 0x0000, 0x0000, 0x0000, 0x0000, 0x0000, 0x0000, 0x0000, 0x0000,
  0x0000, 0x0000, 0x0000, 0x0000, 0x0000, 0x0000, 0x0000, 0x0000, 0x0000, 0x2020, 0x0000, 0xCA40,
  0xC220, 0x0021, 0x38C1, 0x28A1, 0x28C1, 0x28C1, 0x28A1, 0x0861, 0x4942, 0x8180, 0x6000, 0xB2E0,
  0xFC80, 0xFC20, 0xFC40, 0xFC20, 0xFC20, 0xFC40, 0xFC60, 0xFC60, 0xFC60, 0xFC40, 0xFC60, 0xFC60,
  0xFC60, 0xFC60, 0xFC80, 0xFCA0, 0xFD00, 0xFD40, 0xFCC0, 0xFB80, 0xFB60, 0xFBA0, 0xFB80, 0xFB80,
  0xFB80, 0xFBA0, 0xFBC0, 0xFBE0, 0xFC00, 0xFC40, 0xFC80, 0xFD00, 0xFDC0, 0xFEA6, 0xFF0B, 0xFEAC,
  0xFD86, 0xFCC0, 0xFCA0, 0xFC85, 0xFC64, 0xFC20, 0xFBE0, 0xFBC0, 0xFBA0, 0xFB80, 0xFB40, 0xFB20,
  0xFB00, 0xFAE0, 0xFAC0, 0xFAC0,
  0x01BC, 0x035E, 0x045F, 0x047F, 0x049F, 0x049F, 0x04BF, 0x04DF, 0x053F, 0x059F, 0x063F, 0x06BF,
  0x073F, 0x079F, 0x07BF, 0x179F, 0x273F, 0x2EBF, 0x1DDF, 0x0D3F, 0x049F, 0x041F, 0x03BF, 0x039F,
  0x035F, 0x033F, 0x0B1F, 0x12FF, 0x0AFF, 0x02FF, 0x02FF, 0x02FF, 0x02FF, 0x031F, 0x031F, 0x033F,
  0x033F, 0x035F, 0x037F, 0x037F, 0x035F, 0x043F, 0x04BF, 0x039E, 0x021D, 0x025D, 0x027C, 0x025C,
  0x0239, 0x094B, 0x3A8E, 0x3AAF, 0x2103, 0x0820, 0x10C4, 0x10A3, 0x10A3, 0x10E6, 0x1040, 0x08E6,
  0x037C, 0x0232, 0x0000, 0x0001, 0x0001, 0x0000, 0x0001, 0x0000, 0x0000, 0x0000, 0x0000, 0x0001,
  0x0001, 0x0001, 0x0001, 0x0000, 0x0001, 0x0000, 0x0000, 0x0000, 0x0000, 0x0001, 0x0001, 0x0000,
  0x0000, 0x0042, 0x0000, 0x0000, 0x0001, 0x0001, 0x0000, 0x0000, 0x0083, 0x0000, 0x0000, 0x0000,
  0x0000, 0x0000, 0x0000, 0x0000, 0x0000, 0x0000, 0x0000, 0x0000, 0x0000, 0x0000, 0x0000, 0x00A3,
  0x0000, 0x0000, 0x00A3, 0x0001, 0x0001, 0x0022, 0x0000, 0x0000, 0x0000, 0x0000, 0x0000, 0x0062,
  0x0000, 0x0001, 0x0001, 0x0001, 0x0001, 0x0001, 0x0001, 0x0001, 0x0001, 0x0001, 0x0001, 0x0001,
  0x0001, 0x0001, 0x0000, 0x0001, 0x0000, 0x0000, 0x0000, 0x0000, 0x0000, 0x0083, 0x0000, 0x0000,
  0x0000, 0x00A3, 0x0000, 0x0000, 0x0000, 0x0082, 0x0000, 0x0000, 0x0000, 0x0000, 0x0000, 0x0000,
  0x0000, 0x0000, 0x0000, 0x0000, 0x0000, 0x0021, 0x0001, 0x0000, 0x0000, 0x0021, 0x0000, 0x0000,
  0x0000, 0x0000, 0x0021, 0x0000, 0x0001, 0x0001, 0x0001, 0x0001, 0x0001, 0x0000, 0x0000, 0x0000,
  0x0000, 0x0000, 0x0000, 0x0000, 0x0000, 0x0000, 0x0000, 0x0000, 0x0000, 0x0000, 0x0000, 0x0000,
  0x0000, 0x0000, 0x0000, 0x0000, 0x0000, 0x4A69, 0x5ACB, 0x0000, 0x10A2, 0x0000, 0x0000, 0x0000,
  0x0000, 0x0000, 0x0000, 0x0000, 0x0000, 0x0000, 0x0000, 0x0000, 0x0000, 0x0000, 0x0000, 0x0000,
  0x0000, 0x0000, 0x0000, 0x0000, 0x0000, 0x0000, 0x0000, 0x0000, 0x0000, 0x1020, 0x0000, 0x0000,
  0x0000, 0x1840, 0x0000, 0x0000, 0x0800, 0x0800, 0x0000, 0x0000, 0x0000, 0x0000, 0x0000, 0x0000,
  0x0000, 0x0000, 0x0000, 0x0000, 0x0000, 0x0000, 0x0000, 0x0000, 0x1020, 0x0000, 0x0000, 0x1000,
  0x0800, 0x0000, 0x0000, 0x0800, 0x0000, 0x0000, 0x0000, 0x0000, 0x0800, 0x0000, 0x0000, 0x0000,
  0x0000, 0x0000, 0x0000, 0x0000, 0x0000, 0x0000, 0x0000, 0x0000, 0x0000, 0x0000, 0x0000, 0x0000,
  0x0000, 0x0000, 0x0000, 0x0000, 0x1000, 0x0000, 0x0000, 0x0000, 0x0000, 0x0000, 0x1020, 0x0000,
  0x0000, 0x1020, 0x0000, 0x0000, 0x0000, 0x2040, 0x0000, 0x0000, 0x0000, 0x0000, 0x0000, 0x0000,
  0x0000, 0x0000, 0x0000, 0x0000, 0x0000, 0x1000, 0x0800, 0x0800, 0x0000, 0x1020, 0x0000, 0x0000,
  0x0000, 0x0000, 0x0800, 0x0800, 0x0000, 0x0000, 0x0000, 0x0000, 0x0000, 0x0000, 0x0000, 0x0000,
  0x0000, 0x0000, 0x0000, 0x0000, 0x0000, 0x0000, 0x0000, 0x0000, 0x0000, 0x2020, 0x0000, 0xC220,
  0xCA40, 0x0021, 0x38C1, 0x28A1, 0x28C1, 0x28A1, 0x28A1, 0x0861, 0x4122, 0x89A0, 0x6000, 0xAAA0,
  0xFCA0, 0xFC40, 0xFC60, 0xFC60, 0xFC80, 0xFCA0, 0xFC80, 0xFC80, 0xFC80, 0xFC80, 0xFC80, 0xFC80,
  0xFCA0, 0xFCC0, 0xFD00, 0xFD60, 0xFD20, 0xFC00, 0xFB60, 0xFBA0, 0xFBC0, 0xFBA0, 0xFBA0, 0xFBC0,
  0xFBC0, 0xFBE0, 0xFC00, 0xFC40, 0xFC80, 0xFD00, 0xFDA0, 0xFE40, 0xFEA4, 0xFE27, 0xFD23, 0xFCA0,
  0xFC80, 0xFC84, 0xFC43, 0xFC20, 0xFBE0, 0xFBE0, 0xFBC0, 0xFBA0, 0xFB80, 0xFB40, 0xFB20, 0xFB00,
  0xFB00, 0xFB00, 0xFB20, 0xFB40,
  0x0199, 0x013A, 0x025C, 0x037F, 0x03FF, 0x041F, 0x045F, 0x047F, 0x049F, 0x049F, 0x04BF, 0x04FF,
  0x053F, 0x05BF, 0x063F, 0x06DF, 0x0F5F, 0x2FBF, 0x47BF, 0x579F, 0x671F, 0x5E7F, 0x45BF, 0x053F,
  0x049F, 0x041F, 0x03BF, 0x037F, 0x033F, 0x033F, 0x133F, 0x133F, 0x035F, 0x035F, 0x035F, 0x037F,
  0x037F, 0x039F, 0x039F, 0x039F, 0x03BF, 0x039F, 0x045F, 0x051F, 0x045F, 0x02BE, 0x025D, 0x02BE,
  0x0259, 0x1129, 0x42CF, 0x42CF, 0x18E2, 0x0840, 0x10C4, 0x10A3, 0x10A3, 0x10E6, 0x1000, 0x094A,
  0x037C, 0x01F1, 0x0000, 0x0023, 0x0001, 0x0000, 0x0000, 0x0000, 0x0000, 0x0000, 0x0000, 0x0000,
  0x0000, 0x0001, 0x0001, 0x0001, 0x0000, 0x0000, 0x0000, 0x0001, 0x0000, 0x0000, 0x0000, 0x0001,
  0x0042, 0x0000, 0x02ED, 0x0433, 0x0000, 0x0000, 0x0412, 0x030E, 0x0000, 0x028C, 0x0454, 0x0041,
  0x0370, 0x0495, 0x0474, 0x04F6, 0x026B, 0x02EE, 0x0D37, 0x0412, 0x0000, 0x03B0, 0x030D, 0x0000,
  0x03D0, 0x02ED, 0x0000, 0x0022, 0x0063, 0x0000, 0x02AC, 0x0475, 0x0495, 0x0474, 0x026A, 0x0000,
  0x00E4, 0x0000, 0x0001, 0x0001, 0x0001, 0x0001, 0x0001, 0x0001, 0x0001, 0x0001, 0x0001, 0x0001,
  0x0001, 0x0001, 0x0001, 0x00A3, 0x0000, 0x032E, 0x0536, 0x04B4, 0x0209, 0x0000, 0x01A8, 0x0474,
  0x02ED, 0x0000, 0x034F, 0x0453, 0x0166, 0x0000, 0x04B4, 0x038F, 0x02CD, 0x04B5, 0x04D5, 0x0453,
  0x0000, 0x03B0, 0x0536, 0x03F1, 0x0000, 0x0000, 0x0000, 0x0001, 0x0062, 0x0000, 0x032E, 0x0536,
  0x0432, 0x0000, 0x0001, 0x0001, 0x0001, 0x0001, 0x0001, 0x0001, 0x0001, 0x0001, 0x0000, 0x0000,
  0x0000, 0x0000, 0x0000, 0x0000, 0x0000, 0x0000, 0x0000, 0x0000, 0x0000, 0x0000, 0x0000, 0x0000,
  0x0000, 0x0000, 0x0000, 0x0000, 0x0000, 0x4A49, 0x5ACB, 0x0000, 0x1082, 0x0000, 0x0000, 0x0000,
  0x0000, 0x0000, 0x0000, 0x0000, 0x0000, 0x0000, 0x0000, 0x0000, 0x0000, 0x0000, 0x0000, 0x0000,
  0x0000, 0x0000, 0x0000, 0x0000, 0x0000, 0x0000, 0x0000, 0x0000, 0x2060, 0x0000, 0x6180, 0xA2C0,
  0x5960, 0x0000, 0x8A60, 0x9280, 0x1020, 0x0000, 0xAAE0, 0x7200, 0x38E0, 0xA2C0, 0xAAC0, 0xAAE0,
  0x92A0, 0x0000, 0x9280, 0xB320, 0x7A20, 0x0000, 0xA2E0, 0x4920, 0x0000, 0x9AC0, 0x3900, 0x0000,
  0x0000, 0x0800, 0x0800, 0x0000, 0x8A80, 0xAB20, 0xAAE0, 0x69A0, 0x0000, 0x1840, 0x0000, 0x0000,
  0x0000, 0x0000, 0x0000, 0x0000, 0x0000, 0x0000, 0x0000, 0x0000, 0x0000, 0x0000, 0x0000, 0x0000,
  0x0000, 0x0000, 0x0000, 0x1820, 0x0000, 0x30C0, 0xA2E0, 0xBB40, 0x8220, 0x0000, 0x0000, 0x8A40,
  0x9AA0, 0x0000, 0x30C0, 0x9A80, 0x71C0, 0x0000, 0x71E0, 0x92A0, 0x5160, 0x8AC0, 0xB361, 0xB360,
  0x69C0, 0x4940, 0xAB20, 0xA2E0, 0x4940, 0x0000, 0x0000, 0x0000, 0x1840, 0x0000, 0x2860, 0xA2C0,
  0xB2E0, 0x5140, 0x0000, 0x0800, 0x0800, 0x0000, 0x0000, 0x0000, 0x0000, 0x0000, 0x0000, 0x0000,
  0x0000, 0x0000, 0x0000, 0x0000, 0x0000, 0x0000, 0x0000, 0x0000, 0x0000, 0x2020, 0x0000, 0xB9E0,
  0xD240, 0x0041, 0x38C1, 0x28A1, 0x28A1, 0x28A1, 0x28A1, 0x1061, 0x3922, 0x89C0, 0x6800, 0xA260,
  0xFCC0, 0xFCA0, 0xFCC0, 0xFCE0, 0xFCC0, 0xFCA0, 0xFCA0, 0xFCA0, 0xFCA0, 0xFCC0, 0xFCC0, 0xFCC0,
  0xFD00, 0xFD40, 0xFD40, 0xFCA0, 0xFBC0, 0xFBC0, 0xFBE0, 0xFBC0, 0xFBC0, 0xFBC0, 0xFBE0, 0xFC00,
  0xFC20, 0xFC40, 0xFC80, 0xFD00, 0xFD80, 0xFE00, 0xFE00, 0xFDA1, 0xFD00, 0xFC60, 0xFC80, 0xFC82,
  0xFC61, 0xFC20, 0xFC00, 0xFBE0, 0xFBE0, 0xFBC0, 0xFBA0, 0xFB80, 0xFB60, 0xFB40, 0xFB20, 0xFB60,
  0xFB80, 0xFB80, 0xFB80, 0xFB40,
  0x0156, 0x01B8, 0x0179, 0x019A, 0x02BD, 0x037F, 0x039F, 0x03BF, 0x03FF, 0x043F, 0x045F, 0x049F,
  0x049F, 0x04BF, 0x04BF, 0x04DF, 0x051F, 0x057F, 0x0E3F, 0x3EFF, 0x6F7F, 0x97BF, 0xBFDF, 0xC79F,
  0xAF1F, 0x7E7F, 0x45BF, 0x04FF, 0x045F, 0x03FF, 0x03BF, 0x039F, 0x03BF, 0x0BBF, 0x0BBF, 0x03BF,
  0x03BF, 0x03DF, 0x03DF, 0x03FF, 0x03FF, 0x03FF, 0x03FF, 0x043F, 0x053F, 0x04FF, 0x037E, 0x029F,
  0x0279, 0x1149, 0x42EF, 0x42CF, 0x18C0, 0x0841, 0x10C4, 0x10A3, 0x10A2, 0x10E6, 0x1000, 0x096C,
  0x035C, 0x01AF, 0x0000, 0x0023, 0x0001, 0x0000, 0x0000, 0x0000, 0x0000, 0x0000, 0x0000, 0x0000,
  0x0000, 0x0000, 0x0000, 0x0000, 0x0000, 0x0000, 0x0000, 0x0000, 0x0000, 0x0000, 0x0001, 0x0001,
  0x00C4, 0x0000, 0x0495, 0x0F1F, 0x024A, 0x028B, 0x06FF, 0x0474, 0x0000, 0x04F7, 0x06DF, 0x0370,
  0x02CD, 0x0599, 0x069E, 0x04F5, 0x0413, 0x063C, 0x0538, 0x05FB, 0x0474, 0x04F5, 0x04B4, 0x0000,
  0x05FA, 0x04B4, 0x0000, 0x026B, 0x0000, 0x0000, 0x02EE, 0x0475, 0x0539, 0x063C, 0x030D, 0x0000,
  0x0146, 0x0000, 0x0001, 0x0001, 0x0001, 0x0001, 0x0001, 0x0001, 0x0001, 0x0001, 0x0001, 0x0001,
  0x0001, 0x0000, 0x0146, 0x0000, 0x0350, 0x065C, 0x0537, 0x05F9, 0x04F6, 0x0000, 0x03D1, 0x06DF,
  0x0517, 0x0000, 0x04D6, 0x0F3F, 0x036F, 0x0000, 0x075F, 0x0536, 0x0474, 0x063B, 0x04F5, 0x03D1,
  0x0413, 0x065C, 0x04D5, 0x063B, 0x02AB, 0x01E9, 0x0187, 0x0000, 0x0000, 0x0003, 0x05B9, 0x04D5,
  0x06BD, 0x0411, 0x0000, 0x00C4, 0x0000, 0x0001, 0x0000, 0x0000, 0x0000, 0x0000, 0x0000, 0x0000,
  0x0000, 0x0000, 0x0000, 0x0000, 0x0000, 0x0000, 0x0000, 0x0000, 0x0000, 0x0000, 0x0000, 0x0000,
  0x0000, 0x0000, 0x0000, 0x0000, 0x0000, 0x4A49, 0x5ACB, 0x0000, 0x1082, 0x0000, 0x0000, 0x0000,
  0x0000, 0x0000, 0x0000, 0x0000, 0x0000, 0x0000, 0x0000, 0x0000, 0x0000, 0x0000, 0x0000, 0x0000,
  0x0000, 0x0000, 0x0000, 0x0000, 0x0000, 0x0000, 0x0000, 0x0000, 0x38C0, 0x0000, 0x8A20, 0xFCA0,
  0xB300, 0x0000, 0xF400, 0xEBE1, 0x0000, 0x5940, 0xFC81, 0xDBC1, 0x4100, 0x9AA0, 0xEBC0, 0xD380,
  0x7A20, 0xBB20, 0xDBC0, 0xB320, 0xEC40, 0x71E0, 0xF440, 0x71E0, 0x0000, 0xE420, 0x5980, 0x4900,
  0x38C0, 0x0000, 0x1020, 0x0000, 0xDBC0, 0xCB80, 0xA2C0, 0x6980, 0x0000, 0x1840, 0x0000, 0x0000,
  0x0000, 0x0000, 0x0000, 0x0000, 0x0000, 0x0000, 0x0000, 0x0000, 0x0000, 0x0000, 0x0000, 0x0000,
  0x0000, 0x0000, 0x1840, 0x0000, 0x0000, 0xBB00, 0xDBC0, 0xB340, 0xDBE0, 0x5960, 0x0000, 0xEC00,
  0xFC41, 0x2840, 0x2080, 0xF420, 0xD360, 0x0000, 0xCB80, 0xEC20, 0x8220, 0xDBE0, 0xDC01, 0xA300,
  0x7A20, 0xD3A0, 0xC380, 0xBB60, 0xA2E0, 0x30C0, 0x5160, 0x2060, 0x2880, 0x0000, 0xB300, 0xCB80,
  0xD380, 0xCB40, 0x3080, 0x0000, 0x2040, 0x0000, 0x0000, 0x0000, 0x0000, 0x0000, 0x0000, 0x0000,
  0x0000, 0x0000, 0x0000, 0x0000, 0x0000, 0x0000, 0x0000, 0x0000, 0x0000, 0x2020, 0x0000, 0xA9C0,
  0xDA40, 0x0061, 0x38C1, 0x28A1, 0x28A1, 0x28A1, 0x28A1, 0x1061, 0x3102, 0x89C0, 0x7060, 0x9220,
  0xFD00, 0xFD00, 0xFD00, 0xFCE0, 0xFCE0, 0xFCE0, 0xFCE0, 0xFCE0, 0xFCE0, 0xFCE0, 0xFD00, 0xFD60,
  0xFD60, 0xFCE0, 0xFC00, 0xFBC0, 0xFC00, 0xFC00, 0xFBE0, 0xFBE0, 0xFC00, 0xFC00, 0xFC20, 0xFC40,
  0xFCA0, 0xFD20, 0xFDA0, 0xFDE0, 0xFDE0, 0xFD60, 0xFCE0, 0xFC80, 0xFC80, 0xFC81, 0xFC60, 0xFC20,
  0xFC20, 0xFC20, 0xFC00, 0xFBE0, 0xFBE0, 0xFBC0, 0xFBA0, 0xFBA0, 0xFBC0, 0xFBE0, 0xFBE0, 0xFBE0,
  0xFBC0, 0xFB80, 0xFB40, 0xFB20,
  0x0155, 0x0156, 0x0197, 0x0198, 0x0159, 0x021B, 0x02DE, 0x033F, 0x035F, 0x035F, 0x039F, 0x03DF,
  0x041F, 0x045F, 0x049F, 0x04BF, 0x04BF, 0x049F, 0x049F, 0x04BF, 0x04FF, 0x05BF, 0x5E9F, 0x9F3F,
  0xC79F, 0xDFDF, 0xDFDF, 0xC79F, 0xA71F, 0x6E5F, 0x2D9F, 0x04DF, 0x043F, 0x03DF, 0x03FF, 0x041F,
  0x041F, 0x043F, 0x043F, 0x043F, 0x045F, 0x045F, 0x047F, 0x045F, 0x045F, 0x051F, 0x057F, 0x047F,
  0x02B9, 0x1928, 0x42F0, 0x42AF, 0x18A0, 0x0861, 0x10C4, 0x10A3, 0x10A2, 0x10E7, 0x1000, 0x098E,
  0x031C, 0x018E, 0x0000, 0x0023, 0x0000, 0x0000, 0x0001, 0x0001, 0x0000, 0x0000, 0x0000, 0x0000,
  0x0000, 0x0000, 0x0000, 0x0000, 0x0000, 0x0000, 0x0000, 0x0000, 0x0000, 0x0001, 0x0001, 0x0001,
  0x00A3, 0x0000, 0x0455, 0x067E, 0x0474, 0x04D6, 0x069E, 0x0413, 0x0000, 0x061B, 0x04F6, 0x0579,
  0x0000, 0x030E, 0x05DB, 0x0000, 0x0454, 0x0599, 0x0000, 0x00E5, 0x024B, 0x04F6, 0x0579, 0x0434,
  0x063C, 0x0473, 0x0473, 0x04D4, 0x0000, 0x01A7, 0x0000, 0x0000, 0x0433, 0x0517, 0x0000, 0x00A4,
  0x0042, 0x0000, 0x0001, 0x0001, 0x0001, 0x0001, 0x0001, 0x0001, 0x0001, 0x0001, 0x0001, 0x0001,
  0x0001, 0x0000, 0x0187, 0x0000, 0x0558, 0x0599, 0x0000, 0x02EE, 0x03B0, 0x0000, 0x0536, 0x0517,
  0x0599, 0x0000, 0x0474, 0x071F, 0x04D5, 0x0434, 0x067E, 0x0453, 0x0453, 0x05BA, 0x0474, 0x0186,
  0x0390, 0x063C, 0x0474, 0x02EE, 0x0000, 0x0CF6, 0x036F, 0x0000, 0x0000, 0x00C3, 0x0000, 0x0350,
  0x067C, 0x036E, 0x0000, 0x00A3, 0x0000, 0x0001, 0x0000, 0x0000, 0x0000, 0x0000, 0x0000, 0x0000,
  0x0000, 0x0000, 0x0000, 0x0000, 0x0000, 0x0000, 0x0000, 0x0000, 0x0000, 0x0000, 0x0000, 0x0000,
  0x0000, 0x0000, 0x0000, 0x0000, 0x0000, 0x4A49, 0x52AA, 0x0000, 0x1082, 0x0000, 0x0000, 0x0000,
  0x0000, 0x0000, 0x0000, 0x0000, 0x0000, 0x0000, 0x0000, 0x0000, 0x0000, 0x0000, 0x0000, 0x0000,
  0x0000, 0x0000, 0x0000, 0x0000, 0x0000, 0x0000, 0x0000, 0x0000, 0x30A0, 0x0000, 0x81E0, 0xF400,
  0xCB60, 0x8A40, 0xE3A0, 0xD360, 0x0000, 0xB2E0, 0xB300, 0xDBA0, 0x69A0, 0x0000, 0xCB20, 0x9200,
  0x0000, 0xEBE0, 0x9240, 0x0000, 0x59C0, 0x5140, 0xE3C0, 0xC340, 0xAAC0, 0xE3E0, 0x4120, 0xBB40,
  0x8220, 0x0000, 0x1840, 0x0000, 0xD360, 0xBB20, 0xAAE0, 0x4900, 0x0000, 0x1020, 0x0000, 0x0000,
  0x0000, 0x0000, 0x0000, 0x0000, 0x0000, 0x0000, 0x0000, 0x0000, 0x0000, 0x0000, 0x0000, 0x0000,
  0x0000, 0x0000, 0x2060, 0x0000, 0x4900, 0xCB20, 0x81E0, 0x0000, 0xA2A0, 0x2880, 0x71C0, 0xCB60,
  0xD380, 0xA280, 0x0000, 0xEBE0, 0xE3C0, 0x8240, 0xDBC0, 0xE3E0, 0x7A00, 0xC340, 0xCB20, 0x7180,
  0x38A0, 0xBB00, 0xCB40, 0x9260, 0x0000, 0x8AA0, 0xC380, 0x4920, 0x0000, 0x1020, 0x61A0, 0x0000,
  0x8A40, 0xCB40, 0x38C0, 0x0000, 0x2040, 0x0000, 0x0000, 0x0000, 0x0000, 0x0000, 0x0000, 0x0000,
  0x0000, 0x0000, 0x0000, 0x0000, 0x0000, 0x0000, 0x0000, 0x0000, 0x0000, 0x2020, 0x0000, 0xA1C0,
  0xE260, 0x0061, 0x30C1, 0x28A1, 0x28A1, 0x28A1, 0x28A1, 0x1861, 0x30E2, 0x89E0, 0x70A0, 0x89E0,
  0xF520, 0xFD40, 0xFD20, 0xFD20, 0xFD00, 0xFD00, 0xFD00, 0xFD00, 0xFD20, 0xFD60, 0xFD80, 0xFD20,
  0xFC60, 0xFC00, 0xFC20, 0xFC20, 0xFC20, 0xFC20, 0xFC20, 0xFC40, 0xFC40, 0xFC60, 0xFCC0, 0xFD60,
  0xFDC0, 0xFE00, 0xFDE0, 0xFD60, 0xFCE0, 0xFCA0, 0xFCA0, 0xFC80, 0xFC60, 0xFC40, 0xFC20, 0xFC20,
  0xFC20, 0xFC20, 0xFC20, 0xFC00, 0xFBE0, 0xFC00, 0xFC20, 0xFC40, 0xFC40, 0xFC20, 0xFBE0, 0xFBC0,
  0xFB80, 0xFB40, 0xFB40, 0xFB40,
  0x0133, 0x0134, 0x0155, 0x0176, 0x0198, 0x0178, 0x0179, 0x023C, 0x02BE, 0x02FF, 0x031F, 0x033F,
  0x037F, 0x039F, 0x03DF, 0x041F, 0x043F, 0x045F, 0x049F, 0x0C9F, 0x149F, 0x049F, 0x04BF, 0x051F,
  0x057F, 0x061F, 0x6EBF, 0xA73F, 0xC7BF, 0xD7DF, 0xCFBF, 0xA75F, 0x6E9F, 0x1DBF, 0x04DF, 0x047F,
  0x045F, 0x045F, 0x047F, 0x047F, 0x049F, 0x04BF, 0x04DF, 0x04DF, 0x04DF, 0x04DF, 0x051F, 0x05BF,
  0x0459, 0x1866, 0x4310, 0x3AAE, 0x1060, 0x0862, 0x10A3, 0x10A3, 0x10A2, 0x10E7, 0x1000, 0x09AF,
  0x031C, 0x014D, 0x0000, 0x0024, 0x0000, 0x0000, 0x0000, 0x0000, 0x0000, 0x0000, 0x0000, 0x0000,
  0x0000, 0x0000, 0x0000, 0x0000, 0x0000, 0x0000, 0x0000, 0x0000, 0x0000, 0x0001, 0x0001, 0x0001,
  0x00A3, 0x0000, 0x04B6, 0x04D6, 0x059A, 0x059A, 0x0558, 0x0474, 0x02CE, 0x069E, 0x0475, 0x067D,
  0x0060, 0x03B1, 0x05DB, 0x0000, 0x0495, 0x0578, 0x0000, 0x0146, 0x0084, 0x0517, 0x05BA, 0x0496,
  0x065D, 0x0432, 0x0000, 0x01E9, 0x0000, 0x0125, 0x0000, 0x02EE, 0x05FB, 0x03D1, 0x0000, 0x0187,
  0x0000, 0x0001, 0x0001, 0x0001, 0x0001, 0x0001, 0x0001, 0x0001, 0x0001, 0x0001, 0x0000, 0x0001,
  0x0001, 0x0000, 0x0167, 0x0000, 0x0558, 0x0599, 0x022A, 0x05FB, 0x0538, 0x02CD, 0x05DA, 0x0495,
  0x065D, 0x030E, 0x04F6, 0x0579, 0x05BA, 0x0559, 0x0578, 0x0473, 0x04D5, 0x067D, 0x0578, 0x03D1,
  0x0000, 0x0370, 0x0558, 0x061C, 0x02EE, 0x0000, 0x0000, 0x0021, 0x0000, 0x00A3, 0x0000, 0x0474,
  0x065C, 0x0390, 0x0000, 0x00A3, 0x0000, 0x0000, 0x0000, 0x0000, 0x0000, 0x0000, 0x0000, 0x0000,
  0x0000, 0x0000, 0x0000, 0x0000, 0x0000, 0x0000, 0x0000, 0x0000, 0x0000, 0x0000, 0x0000, 0x0000,
  0x0000, 0x0000, 0x0000, 0x0000, 0x0000, 0x4A49, 0x52AA, 0x0000, 0x1082, 0x0000, 0x0000, 0x0000,
  0x0000, 0x0000, 0x0000, 0x0000, 0x0000, 0x0000, 0x0000, 0x0000, 0x0000, 0x0000, 0x0000, 0x0000,
  0x0000, 0x0000, 0x0000, 0x0000, 0x0000, 0x0000, 0x0000, 0x0000, 0x38C0, 0x0000, 0xA260, 0xCB40,
  0xCB40, 0xCB80, 0xB300, 0xBB00, 0x2080, 0xDB80, 0xA260, 0xDB60, 0xAAA0, 0x0000, 0xDB80, 0xAAA0,
  0x0000, 0xE3C0, 0x9A80, 0x0000, 0x2080, 0x0800, 0xDB80, 0xCB40, 0xBB00, 0xEC00, 0x5980, 0x0000,
  0x1040, 0x0000, 0x0000, 0x0000, 0x8A40, 0x7200, 0xD380, 0xCB40, 0x0000, 0x30A0, 0x0000, 0x0000,
  0x0000, 0x0000, 0x0000, 0x0000, 0x0000, 0x0000, 0x0000, 0x0000, 0x0000, 0x0000, 0x0000, 0x0000,
  0x0000, 0x0000, 0x2060, 0x0000, 0x4900, 0xD340, 0x9A40, 0x9280, 0xEC00, 0x7A00, 0x9AA0, 0xCB80,
  0xCB40, 0xCB60, 0x61A0, 0xCB60, 0xCB80, 0xD3A0, 0xCB80, 0xCB60, 0x9280, 0xC320, 0xDBA0, 0xAAC0,
  0x5140, 0x0020, 0x9A80, 0xEC00, 0xCB80, 0x28A0, 0x0000, 0x2860, 0x0000, 0x30A0, 0x0000, 0x8200,
  0xDBA0, 0x69C0, 0x0000, 0x1820, 0x0000, 0x0000, 0x0000, 0x0000, 0x0000, 0x0000, 0x0000, 0x0000,
  0x0000, 0x0000, 0x0000, 0x0000, 0x0000, 0x0000, 0x0000, 0x0000, 0x0000, 0x2020, 0x0000, 0x9980,
  0xE260, 0x0081, 0x30A1, 0x28A1, 0x28A1, 0x28A1, 0x28C1, 0x1861, 0x28E2, 0x89E1, 0x78C0, 0x7960,
  0xED40, 0xFD80, 0xFD40, 0xFD40, 0xFD40, 0xFD40, 0xFD60, 0xFD80, 0xFDA0, 0xFD80, 0xFCC0, 0xFC40,
  0xFC60, 0xFC60, 0xFC60, 0xFC40, 0xFC60, 0xFC60, 0xFC80, 0xFCA0, 0xFD00, 0xFDA0, 0xFE00, 0xFE20,
  0xFDE0, 0xFD80, 0xFD00, 0xFCC0, 0xFCC0, 0xFCA0, 0xFC80, 0xFC60, 0xFC60, 0xFC40, 0xFC40, 0xFC40,
  0xFC40, 0xFC60, 0xFC60, 0xFC80, 0xFCA0, 0xFCA0, 0xFC60, 0xFC20, 0xFC00, 0xFC00, 0xFBE0, 0xFBA0,
  0xFB80, 0xFB60, 0xFB60, 0xFB40,
  0x0112, 0x0113, 0x0133, 0x0134, 0x0135, 0x0176, 0x0177, 0x0158, 0x0199, 0x023C, 0x029E, 0x02DF,
  0x02FF, 0x031F, 0x035F, 0x037F, 0x039F, 0x03BF, 0x03FF, 0x041F, 0x043F, 0x0C7F, 0x249F, 0x349F,
  0x34BF, 0x0CDF, 0x04FF, 0x053F, 0x057F, 0x061F, 0x6EBF, 0x9F3F, 0xA79F, 0x8FBF, 0x6F5F, 0x36BF,
  0x0E1F, 0x057F, 0x04FF, 0x04FF, 0x04FF, 0x051F, 0x051F, 0x053F, 0x053F, 0x055F, 0x053F, 0x05BF,
  0x0477, 0x18A5, 0x42F1, 0x3A8E, 0x1880, 0x1083, 0x10A3, 0x10A3, 0x1082, 0x10E7, 0x1000, 0x098E,
  0x033D, 0x018F, 0x0000, 0x0023, 0x0000, 0x0000, 0x0000, 0x0000, 0x0000, 0x0000, 0x0000, 0x0000,
  0x0000, 0x0000, 0x0000, 0x0000, 0x0000, 0x0000, 0x0000, 0x0000, 0x0000, 0x0000, 0x0000, 0x0001,
  0x00A4, 0x0000, 0x0538, 0x0454, 0x0517, 0x0475, 0x04F6, 0x0494, 0x0455, 0x05BB, 0x04D6, 0x065D,
  0x03D0, 0x02ED, 0x05FC, 0x0000, 0x03D2, 0x063C, 0x03D1, 0x0579, 0x0495, 0x04F5, 0x0412, 0x0000,
  0x0599, 0x0432, 0x028A, 0x038F, 0x0000, 0x0104, 0x0000, 0x04B5, 0x05DB, 0x0000, 0x0000, 0x00A4,
  0x0000, 0x0001, 0x0001, 0x0001, 0x0001, 0x0001, 0x0001, 0x0001, 0x0001, 0x0001, 0x0001, 0x0001,
  0x0001, 0x0000, 0x0166, 0x0000, 0x03F3, 0x061C, 0x0370, 0x059A, 0x0517, 0x04F6, 0x05FB, 0x04B6,
  0x065C, 0x0473, 0x0517, 0x0413, 0x0537, 0x0433, 0x0536, 0x0473, 0x0516, 0x05FB, 0x02ED, 0x01C9,
  0x0453, 0x0557, 0x01C9, 0x061C, 0x0371, 0x0472, 0x034D, 0x0000, 0x0000, 0x020A, 0x05B9, 0x022C,
  0x05FB, 0x04B4, 0x0000, 0x00E4, 0x0000, 0x0000, 0x0000, 0x0000, 0x0000, 0x0000, 0x0000, 0x0000,
  0x0000, 0x0000, 0x0000, 0x0000, 0x0000, 0x0000, 0x0000, 0x0000, 0x0000, 0x0000, 0x0000, 0x0000,
  0x0000, 0x0000, 0x0000, 0x0000, 0x0000, 0x4A49, 0x52AA, 0x0000, 0x1082, 0x0000, 0x0000, 0x0000,
  0x0000, 0x0000, 0x0000, 0x0000, 0x0000, 0x0000, 0x0000, 0x0000, 0x0000, 0x0000, 0x0000, 0x0000,
  0x0000, 0x0000, 0x0000, 0x0000, 0x0000, 0x0000, 0x0000, 0x0000, 0x38C0, 0x0000, 0xAAA0, 0xCB20,
  0xAAC0, 0xBB20, 0xA2A0, 0xB2E0, 0x9260, 0xE380, 0xB2A0, 0xCB20, 0xDB40, 0x0000, 0xDBA0, 0xB2C0,
  0x0000, 0xC320, 0xD360, 0x8A00, 0xDBA0, 0x69C0, 0xD380, 0x4900, 0x0000, 0xDBC0, 0x5960, 0x8A40,
  0x69A0, 0x0000, 0x0800, 0x0000, 0xB300, 0x8A20, 0xBAE0, 0xB2E0, 0x0000, 0x2880, 0x0000, 0x0000,
  0x0000, 0x0000, 0x0000, 0x0000, 0x0000, 0x0000, 0x0000, 0x0000, 0x0000, 0x0000, 0x0000, 0x0000,
  0x0000, 0x0000, 0x2040, 0x0000, 0x0000, 0xC300, 0xCB20, 0x81E0, 0xD340, 0xA2C0, 0xC360, 0xD380,
  0xCB60, 0xDBA0, 0xA2C0, 0xBB20, 0xAAE0, 0xAB00, 0xAAC0, 0xBB00, 0x9AA0, 0xC320, 0xB2E0, 0x4900,
  0x71E0, 0xC360, 0x8A40, 0xB300, 0xD380, 0x7A20, 0x8260, 0x4120, 0x0000, 0x0000, 0x69C0, 0xEBA0,
  0xBAC0, 0x71C0, 0x30A0, 0x0000, 0x0800, 0x0000, 0x0000, 0x0000, 0x0000, 0x0000, 0x0000, 0x0000,
  0x0000, 0x0000, 0x0000, 0x0000, 0x0000, 0x0000, 0x0000, 0x0000, 0x0000, 0x2020, 0x0000, 0xA980,
  0xE240, 0x0081, 0x30A1, 0x28A1, 0x28A1, 0x28A1, 0x28C1, 0x1861, 0x20E2, 0x8A01, 0x78E0, 0x68E0,
  0xE540, 0xFDC0, 0xFD80, 0xFDA0, 0xFDA0, 0xFDA0, 0xFDA0, 0xFDA0, 0xFD20, 0xFCC0, 0xFCA0, 0xFCA0,
  0xFCA0, 0xFCA0, 0xFC80, 0xFC80, 0xFCA0, 0xFD00, 0xFDA1, 0xFE21, 0xFE61, 0xFE40, 0xFE00, 0xFDA0,
  0xFD60, 0xFD00, 0xFCE0, 0xFCE0, 0xFCC0, 0xFCA0, 0xFC80, 0xFC80, 0xFC80, 0xFC80, 0xFC80, 0xFCA0,
  0xFCE0, 0xFD00, 0xFD00, 0xFCE0, 0xFCA0, 0xFC60, 0xFC20, 0xFC20, 0xFC20, 0xFC00, 0xFBC0, 0xFBA0,
  0xFB80, 0xFB60, 0xFB20, 0xF2E0,
  0x0112, 0x0112, 0x0113, 0x0133, 0x0134, 0x0135, 0x0155, 0x0176, 0x0177, 0x0158, 0x01BA, 0x023C,
  0x029E, 0x02DF, 0x02FF, 0x031F, 0x033F, 0x035F, 0x039F, 0x03BF, 0x03DF, 0x03FF, 0x043F, 0x045F,
  0x047F, 0x0C9F, 0x24BF, 0x34DF, 0x34FF, 0x051F, 0x053F, 0x055F, 0x05BF, 0x3E1F, 0x5EBF, 0x573F,
  0x3F7F, 0x273F, 0x0EBF, 0x065F, 0x05FF, 0x05BF, 0x059F, 0x057F, 0x059F, 0x05BF, 0x059F, 0x061F,
  0x0477, 0x1805, 0x3AD1, 0x3A8E, 0x20E0, 0x1082, 0x08A3, 0x10A3, 0x10A3, 0x10C5, 0x1060, 0x08A3,
  0x035D, 0x0234, 0x0000, 0x0001, 0x0002, 0x0000, 0x0000, 0x0000, 0x0000, 0x0000, 0x0000, 0x0000,
  0x0000, 0x0000, 0x0000, 0x0000, 0x0000, 0x0000, 0x0000, 0x0000, 0x0000, 0x0000, 0x0000, 0x0001,
  0x0063, 0x0000, 0x0413, 0x0370, 0x0000, 0x0000, 0x0432, 0x03B0, 0x03F2, 0x01C7, 0x0000, 0x03D1,
  0x03F1, 0x01E8, 0x04D5, 0x0000, 0x0000, 0x0474, 0x05BA, 0x0474, 0x00A4, 0x0452, 0x03B0, 0x0001,
  0x0453, 0x030D, 0x03F1, 0x03F1, 0x0000, 0x0020, 0x0062, 0x0453, 0x03D1, 0x0000, 0x0125, 0x0000,
  0x0001, 0x0001, 0x0000, 0x0001, 0x0001, 0x0001, 0x0001, 0x0001, 0x0001, 0x0001, 0x0001, 0x0001,
  0x0001, 0x0000, 0x0062, 0x0021, 0x0000, 0x0433, 0x0579, 0x0538, 0x036F, 0x04D5, 0x03B0, 0x0000,
  0x032E, 0x0412, 0x0412, 0x034F, 0x0186, 0x0000, 0x03F1, 0x03AF, 0x034F, 0x0558, 0x05B9, 0x04F6,
  0x01A8, 0x04F6, 0x059A, 0x0495, 0x0000, 0x0556, 0x03CF, 0x0000, 0x0082, 0x0000, 0x0434, 0x059A,
  0x04D6, 0x0000, 0x0000, 0x0021, 0x0000, 0x0000, 0x0000, 0x0000, 0x0000, 0x0000, 0x0000, 0x0000,
  0x0000, 0x0000, 0x0000, 0x0000, 0x0000, 0x0000, 0x0000, 0x0000, 0x0000, 0x0000, 0x0000, 0x0000,
  0x0000, 0x0000, 0x0000, 0x0000, 0x0000, 0x3186, 0x39E7, 0x0000, 0x0841, 0x0000, 0x0000, 0x0000,
  0x0000, 0x0000, 0x0000, 0x0000, 0x0000, 0x0000, 0x0000, 0x0000, 0x0000, 0x0000, 0x0000, 0x0000,
  0x0000, 0x0000, 0x0000, 0x0000, 0x0000, 0x0000, 0x0000, 0x0000, 0x2880, 0x0000, 0x79E0, 0xA280,
  0x4100, 0x0000, 0x71C0, 0x8A20, 0x9A60, 0x9240, 0x0000, 0x0000, 0xB2C0, 0x3080, 0xAAC0, 0x8220,
  0x0000, 0x1840, 0xB2C0, 0xCB40, 0x9A60, 0x0000, 0xAAA0, 0x6980, 0x2880, 0xA2A0, 0x2080, 0xAAC0,
  0x79E0, 0x0000, 0x1840, 0x0000, 0x8A40, 0xD360, 0xBB00, 0x30A0, 0x0000, 0x1020, 0x0000, 0x0000,
  0x0000, 0x0000, 0x0000, 0x0000, 0x0000, 0x0000, 0x0000, 0x0000, 0x0000, 0x0000, 0x0000, 0x0000,
  0x0000, 0x0000, 0x0000, 0x1840, 0x0000, 0x40E0, 0xBAE0, 0xCB20, 0x8A20, 0x7200, 0xA2E0, 0x0000,
  0x0000, 0x9A80, 0x9A80, 0x9280, 0x71E0, 0x0000, 0x5140, 0x9260, 0x61A0, 0x9260, 0xCB60, 0xD381,
  0x8A40, 0x7A00, 0xCB80, 0xD360, 0x48E0, 0x69E0, 0xAB00, 0x4100, 0x0000, 0x0000, 0x8220, 0xBAE0,
  0xC320, 0xBB00, 0x4900, 0x0000, 0x1020, 0x0000, 0x0000, 0x0000, 0x0000, 0x0000, 0x0000, 0x0000,
  0x0000, 0x0000, 0x0000, 0x0000, 0x0000, 0x0000, 0x0000, 0x0000, 0x0000, 0x2820, 0x0000, 0xD1E0,
  0xC1E0, 0x0061, 0x38C1, 0x28A1, 0x28A1, 0x28A1, 0x28C1, 0x1881, 0x28E2, 0x81C1, 0x68C0, 0x6060,
  0xDD41, 0xFE00, 0xFDC0, 0xFDE0, 0xFDE0, 0xFDC0, 0xFD60, 0xFD00, 0xFCE0, 0xFD01, 0xFD00, 0xFCE0,
  0xFCC0, 0xFCC0, 0xFCE0, 0xFD42, 0xFE03, 0xFEA2, 0xFEC2, 0xFEA2, 0xFE20, 0xFDE0, 0xFD80, 0xFD40,
  0xFD20, 0xFD20, 0xFD00, 0xFD00, 0xFCE0, 0xFCE0, 0xFCC0, 0xFCE0, 0xFD00, 0xFD20, 0xFD60, 0xFD60,
  0xFD40, 0xFD00, 0xFCC0, 0xFCA0, 0xFCA0, 0xFC80, 0xFC60, 0xFC60, 0xFC20, 0xFBE0, 0xFBA0, 0xFB60,
  0xFB20, 0xFAE0, 0xFAA0, 0xF280,
  0x0111, 0x0112, 0x0112, 0x0113, 0x0113, 0x0134, 0x0135, 0x0155, 0x0156, 0x0177, 0x0178, 0x0179,
  0x01BA, 0x021C, 0x027E, 0x02BF, 0x02FF, 0x033F, 0x035F, 0x039F, 0x03BF, 0x03DF, 0x03FF, 0x041F,
  0x045F, 0x047F, 0x047F, 0x04BF, 0x04DF, 0x14FF, 0x2D1F, 0x351F, 0x253F, 0x055F, 0x057F, 0x057F,
  0x15DF, 0x1E5F, 0x16BF, 0x06DF, 0x06DF, 0x06BF, 0x067F, 0x063F, 0x061F, 0x061F, 0x05FF, 0x063F,
  0x0497, 0x0805, 0x2250, 0x2A8F, 0x3164, 0x18A2, 0x0883, 0x10A3, 0x10A3, 0x10A3, 0x10E7, 0x1000,
  0x02DA, 0x02DA, 0x0000, 0x0000, 0x0045, 0x0000, 0x0000, 0x0000, 0x0000, 0x0000, 0x0000, 0x0000,
  0x0000, 0x0000, 0x0000, 0x0000, 0x0000, 0x0000, 0x0000, 0x0000, 0x0000, 0x0000, 0x0000, 0x0000,
  0x0000, 0x0062, 0x0000, 0x0000, 0x0000, 0x0000, 0x0000, 0x0000, 0x0000, 0x0000, 0x0187, 0x0000,
  0x0000, 0x0000, 0x0000, 0x0083, 0x0000, 0x0000, 0x0000, 0x0000, 0x0000, 0x0000, 0x0000, 0x0021,
  0x0000, 0x0000, 0x0000, 0x0000, 0x00E3, 0x0000, 0x0000, 0x0000, 0x0000, 0x00E4, 0x0000, 0x0001,
  0x0000, 0x0000, 0x0000, 0x0000, 0x0000, 0x0000, 0x0000, 0x0000, 0x0000, 0x0000, 0x0000, 0x0000,
  0x0000, 0x0000, 0x0000, 0x0021, 0x0041, 0x0000, 0x0000, 0x0000, 0x0000, 0x0000, 0x0000, 0x01A8,
  0x0000, 0x0000, 0x0000, 0x0000, 0x0000, 0x0083, 0x0000, 0x0000, 0x0000, 0x0000, 0x0000, 0x0000,
  0x0000, 0x0000, 0x0000, 0x0000, 0x0062, 0x0000, 0x0000, 0x0082, 0x0000, 0x0000, 0x0000, 0x0000,
  0x0000, 0x0000, 0x0021, 0x0000, 0x0000, 0x0000, 0x0000, 0x0000, 0x0000, 0x0000, 0x0000, 0x0000,
  0x0000, 0x0000, 0x0000, 0x0000, 0x0000, 0x0000, 0x0000, 0x0000, 0x0000, 0x0000, 0x0000, 0x0000,
  0x0000, 0x0000, 0x0000, 0x0000, 0x0000, 0x0000, 0x0000, 0x0020, 0x0000, 0x0000, 0x0000, 0x0000,
  0x0000, 0x0000, 0x0000, 0x0000, 0x0000, 0x0000, 0x0000, 0x0000, 0x0000, 0x0000, 0x0000, 0x0000,
  0x0000, 0x0000, 0x0000, 0x0000, 0x0000, 0x0000, 0x0000, 0x0000, 0x0000, 0x1840, 0x0000, 0x0000,
  0x0000, 0x0800, 0x0000, 0x0000, 0x0000, 0x0000, 0x3080, 0x1820, 0x0000, 0x0000, 0x0000, 0x0000,
  0x1820, 0x0000, 0x0000, 0x0000, 0x0000, 0x0000, 0x0000, 0x0000, 0x0000, 0x0000, 0x0000, 0x0000,
  0x0000, 0x1020, 0x0000, 0x1020, 0x0000, 0x0000, 0x0000, 0x0000, 0x0800, 0x0000, 0x0000, 0x0000,
  0x0000, 0x0000, 0x0000, 0x0000, 0x0000, 0x0000, 0x0000, 0x0000, 0x0000, 0x0000, 0x0000, 0x0000,
  0x0000, 0x0000, 0x0000, 0x0000, 0x1820, 0x0000, 0x0000, 0x0000, 0x0000, 0x0000, 0x0000, 0x1820,
  0x30A0, 0x0000, 0x0000, 0x0000, 0x0000, 0x1820, 0x0000, 0x0000, 0x0000, 0x0000, 0x0000, 0x0000,
  0x0000, 0x0000, 0x0000, 0x0000, 0x0000, 0x0000, 0x0000, 0x0000, 0x0820, 0x1020, 0x0000, 0x0000,
  0x0000, 0x0000, 0x0000, 0x1020, 0x0000, 0x0000, 0x0000, 0x0000, 0x0000, 0x0000, 0x0000, 0x0000,
  0x0000, 0x0000, 0x0000, 0x0000, 0x0000, 0x0000, 0x0000, 0x0000, 0x2020, 0x0000, 0x3840, 0xF240,
  0x8961, 0x0081, 0x30C1, 0x28A1, 0x28A1, 0x28A1, 0x28A1, 0x1881, 0x3923, 0x79A0, 0x6080, 0x5800,
  0xDD61, 0xFE61, 0xFE21, 0xFE00, 0xFDC0, 0xFD60, 0xFD41, 0xFD41, 0xFD40, 0xFD20, 0xFD20, 0xFD20,
  0xFD61, 0xFDE5, 0xFEA7, 0xFF07, 0xFF05, 0xFEC3, 0xFE61, 0xFE20, 0xFDE0, 0xFDA0, 0xFD60, 0xFD60,
  0xFD60, 0xFD60, 0xFD40, 0xFD40, 0xFD40, 0xFD60, 0xFDA0, 0xFDC0, 0xFDC0, 0xFDA0, 0xFD60, 0xFD40,
  0xFD20, 0xFD20, 0xFD00, 0xFCE0, 0xFCC0, 0xFCA0, 0xFC60, 0xFC00, 0xFBC0, 0xFB60, 0xFB20, 0xFAE0,
  0xFAE0, 0xFAC0, 0xFAC0, 0xFAA0,
  0x00F1, 0x00F2, 0x0112, 0x0113, 0x0113, 0x0134, 0x0135, 0x0155, 0x0156, 0x0157, 0x0178, 0x0198,
  0x01B9, 0x01BA, 0x01DB, 0x021D, 0x027E, 0x02DF, 0x031F, 0x035F, 0x039F, 0x03DF, 0x03FF, 0x041F,
  0x043F, 0x047F, 0x049F, 0x04BF, 0x04DF, 0x04FF, 0x04FF, 0x051F, 0x051F, 0x153F, 0x1D7F, 0x159F,
  0x059F, 0x059F, 0x059F, 0x05DF, 0x063F, 0x067F, 0x069F, 0x06BF, 0x06BF, 0x06DF, 0x06BF, 0x06FF,
  0x04F7, 0x0006, 0x018E, 0x120E, 0x39C7, 0x2103, 0x0083, 0x10C4, 0x10A3, 0x10A3, 0x10E7, 0x1000,
  0x098E, 0x033E, 0x01F2, 0x0000, 0x0000, 0x0024, 0x0023, 0x0002, 0x0002, 0x0002, 0x0002, 0x0002,
  0x0002, 0x0002, 0x0002, 0x0002, 0x0002, 0x0002, 0x0002, 0x0002, 0x0002, 0x0002, 0x0002, 0x0002,
  0x0022, 0x0001, 0x00E5, 0x00C4, 0x0083, 0x0063, 0x00E5, 0x00C4, 0x00E5, 0x0084, 0x0000, 0x0105,
  0x00C4, 0x0063, 0x0126, 0x0001, 0x0063, 0x0146, 0x0146, 0x0146, 0x0084, 0x00E4, 0x00C4, 0x0001,
  0x0105, 0x00A4, 0x00E5, 0x00E5, 0x0000, 0x0022, 0x0001, 0x00E5, 0x0105, 0x0001, 0x0022, 0x0002,
  0x0002, 0x0002, 0x0002, 0x0002, 0x0002, 0x0002, 0x0002, 0x0002, 0x0002, 0x0002, 0x0002, 0x0002,
  0x0002, 0x0002, 0x0022, 0x0001, 0x0043, 0x0126, 0x0126, 0x0167, 0x00E5, 0x0105, 0x00E5, 0x0000,
  0x00C4, 0x00E4, 0x00E5, 0x00A4, 0x00A4, 0x0043, 0x00E4, 0x00C4, 0x00C4, 0x0146, 0x0146, 0x0105,
  0x00A4, 0x0166, 0x0105, 0x0146, 0x0022, 0x0146, 0x00E4, 0x0001, 0x0002, 0x0022, 0x0146, 0x0105,
  0x0146, 0x0083, 0x0001, 0x0002, 0x0002, 0x0002, 0x0002, 0x0002, 0x0002, 0x0002, 0x0002, 0x0002,
  0x0002, 0x0002, 0x0002, 0x0002, 0x0001, 0x0001, 0x0001, 0x0001, 0x0001, 0x0001, 0x0001, 0x0001,
  0x0001, 0x0001, 0x0001, 0x0001, 0x0001, 0x0842, 0x1061, 0x0800, 0x0800, 0x0800, 0x0800, 0x0800,
  0x0800, 0x0800, 0x0800, 0x0800, 0x0800, 0x0800, 0x0800, 0x0800, 0x0800, 0x0800, 0x0800, 0x0800,
  0x0800, 0x0800, 0x0800, 0x0800, 0x0800, 0x0800, 0x0800, 0x0800, 0x1000, 0x0000, 0x2040, 0x2860,
  0x1840, 0x1820, 0x2040, 0x2060, 0x2060, 0x2880, 0x0000, 0x1020, 0x3080, 0x0800, 0x2880, 0x2060,
  0x0000, 0x1840, 0x30A0, 0x3080, 0x30A0, 0x1000, 0x2880, 0x1820, 0x0800, 0x2880, 0x1000, 0x2880,
  0x2040, 0x0000, 0x0800, 0x0000, 0x2880, 0x30A0, 0x30A0, 0x2040, 0x0000, 0x0800, 0x0800, 0x0800,
  0x0800, 0x0800, 0x0800, 0x0800, 0x0800, 0x0800, 0x0800, 0x0800, 0x0800, 0x0800, 0x0800, 0x0800,
  0x0800, 0x0800, 0x0800, 0x0800, 0x0800, 0x2040, 0x30A0, 0x3080, 0x3080, 0x2060, 0x28A0, 0x1020,
  0x0000, 0x2880, 0x2060, 0x2060, 0x2040, 0x1020, 0x1840, 0x2060, 0x1840, 0x2860, 0x30A0, 0x30A0,
  0x2040, 0x28A0, 0x30A0, 0x30A0, 0x2060, 0x2060, 0x30A0, 0x1020, 0x0800, 0x0000, 0x2060, 0x3080,
  0x3080, 0x2880, 0x1020, 0x0800, 0x1000, 0x0800, 0x0800, 0x0800, 0x0800, 0x0800, 0x0800, 0x0800,
  0x0800, 0x0800, 0x0800, 0x1000, 0x0800, 0x1000, 0x1800, 0x1800, 0x0000, 0x0000, 0xCA00, 0xDA20,
  0x0081, 0x30C1, 0x28A1, 0x28A1, 0x28A1, 0x28A1, 0x28A1, 0x18C3, 0x4984, 0x7980, 0x5020, 0x5800,
  0xDD83, 0xFE82, 0xFE01, 0xFDC0, 0xFDA1, 0xFDA1, 0xFDA0, 0xFD80, 0xFD80, 0xFD80, 0xFDE5, 0xFE69,
  0xFF0B, 0xFF6B, 0xFF49, 0xFEE6, 0xFE82, 0xFE40, 0xFE20, 0xFE00, 0xFDE0, 0xFDC0, 0xFDC0, 0xFDC0,
  0xFDC0, 0xFDC0, 0xFDC0, 0xFDE0, 0xFE00, 0xFE20, 0xFE00, 0xFDE0, 0xFDA0, 0xFDA0, 0xFD80, 0xFD80,
  0xFD60, 0xFD40, 0xFD20, 0xFCC0, 0xFC80, 0xFC20, 0xFBC0, 0xFB80, 0xFB60, 0xFB40, 0xFB20, 0xFB20,
  0xFB00, 0xFAE0, 0xFAC0, 0xFAA0,
  0x0114, 0x0113, 0x0113, 0x0134, 0x0134, 0x0134, 0x0135, 0x0136, 0x0156, 0x0177, 0x0178, 0x0199,
  0x01BA, 0x01DA, 0x01DB, 0x01DC, 0x01FD, 0x025E, 0x029F, 0x02BF, 0x02FF, 0x035F, 0x03BF, 0x03FF,
  0x043F, 0x049F, 0x04BF, 0x04FF, 0x051F, 0x053F, 0x055F, 0x055F, 0x057F, 0x059F, 0x059F, 0x059F,
  0x05BF, 0x05DF, 0x05FF, 0x05FF, 0x05FF, 0x061F, 0x063F, 0x065F, 0x067F, 0x06BF, 0x06BF, 0x075F,
  0x057A, 0x000C, 0x090C, 0x014C, 0x3A09, 0x39C6, 0x0063, 0x08A3, 0x10C4, 0x10A4, 0x10A3, 0x10E7,
  0x1000, 0x0256, 0x02FD, 0x016F, 0x0000, 0x0000, 0x0000, 0x0000, 0x0000, 0x0000, 0x0000, 0x0000,
  0x0000, 0x0000, 0x0000, 0x0000, 0x0000, 0x0000, 0x0000, 0x0000, 0x0000, 0x0000, 0x0000, 0x0000,
  0x0000, 0x0000, 0x0000, 0x0000, 0x0000, 0x0000, 0x0000, 0x0000, 0x0000, 0x0000, 0x0000, 0x0000,
  0x0000, 0x0000, 0x0000, 0x0000, 0x0000, 0x0000, 0x0000, 0x0000, 0x0000, 0x0000, 0x0000, 0x0000,
  0x0000, 0x0000, 0x0000, 0x0000, 0x0000, 0x0000, 0x0000, 0x0000, 0x0000, 0x0000, 0x0000, 0x0000,
  0x0000, 0x0000, 0x0000, 0x0000, 0x0000, 0x0000, 0x0000, 0x0000, 0x0000, 0x0000, 0x0000, 0x0000,
  0x0000, 0x0000, 0x0000, 0x0000, 0x0000, 0x0000, 0x0000, 0x0000, 0x0000, 0x0000, 0x0000, 0x0000,
  0x0000, 0x0000, 0x0000, 0x0000, 0x0000, 0x0000, 0x0000, 0x0000, 0x0000, 0x0000, 0x0000, 0x0000,
  0x0000, 0x0000, 0x0000, 0x0000, 0x0000, 0x0000, 0x0000, 0x0000, 0x0000, 0x0000, 0x0000, 0x0000,
  0x0000, 0x0000, 0x0000, 0x0000, 0x0000, 0x0000, 0x0000, 0x0000, 0x0000, 0x0000, 0x0000, 0x0000,
  0x0000, 0x0000, 0x0000, 0x0000, 0x0000, 0x0000, 0x0000, 0x0000, 0x0000, 0x0000, 0x0000, 0x0000,
  0x0000, 0x0000, 0x0000, 0x0000, 0x0000, 0x0000, 0x0000, 0x0000, 0x0000, 0x0000, 0x0000, 0x0000,
  0x0000, 0x0000, 0x0000, 0x0000, 0x0000, 0x0000, 0x0000, 0x0000, 0x0000, 0x0000, 0x0000, 0x0000,
  0x0000, 0x0000, 0x0000, 0x0000, 0x0000, 0x0000, 0x0000, 0x0000, 0x0000, 0x0000, 0x0000, 0x0000,
  0x0000, 0x0000, 0x0000, 0x0000, 0x0000, 0x0000, 0x0000, 0x0000, 0x0000, 0x0000, 0x0000, 0x0000,
  0x0000, 0x0000, 0x0000, 0x0000, 0x0000, 0x0000, 0x0000, 0x0000, 0x0000, 0x0000, 0x0000, 0x0000,
  0x0000, 0x0000, 0x0000, 0x0000, 0x0000, 0x0000, 0x0000, 0x0000, 0x0000, 0x0000, 0x0000, 0x0000,
  0x0000, 0x0000, 0x0000, 0x0000, 0x0000, 0x0000, 0x0000, 0x0000, 0x0000, 0x0000, 0x0000, 0x0000,
  0x0000, 0x0000, 0x0000, 0x0000, 0x0000, 0x0000, 0x0000, 0x0000, 0x0000, 0x0000, 0x0000, 0x0000,
  0x0000, 0x0000, 0x0000, 0x0000, 0x0000, 0x0000, 0x0000, 0x0000, 0x0000, 0x0000, 0x0000, 0x0000,
  0x0000, 0x0000, 0x0000, 0x0000, 0x0000, 0x0000, 0x0000, 0x0000, 0x0000, 0x0000, 0x0000, 0x0000,
  0x0000, 0x0000, 0x0000, 0x0000, 0x0000, 0x0000, 0x0000, 0x0000, 0x0000, 0x0000, 0x0000, 0x0000,
  0x0000, 0x0000, 0x0000, 0x0000, 0x0000, 0x0000, 0x0000, 0x0000, 0x0000, 0xB1E0, 0xF2A0, 0x6921,
  0x0061, 0x30A1, 0x28A1, 0x28A1, 0x28A1, 0x28C1, 0x2080, 0x2965, 0x5983, 0x6100, 0x4000, 0x5880,
  0xE5A4, 0xFE63, 0xFE02, 0xFE21, 0xFE00, 0xFDE0, 0xFDE0, 0xFE04, 0xFE69, 0xFEEC, 0xFF4D, 0xFF8D,
  0xFF6C, 0xFF29, 0xFEC5, 0xFE80, 0xFE60, 0xFE40, 0xFE20, 0xFE20, 0xFE20, 0xFE20, 0xFE20, 0xFE20,
  0xFE40, 0xFE60, 0xFE60, 0xFE60, 0xFE60, 0xFE40, 0xFE40, 0xFE20, 0xFE00, 0xFDE0, 0xFDA0, 0xFD60,
  0xFD20, 0xFCE0, 0xFCA0, 0xFC40, 0xFC00, 0xFBE0, 0xFBC0, 0xFBA0, 0xFB80, 0xFB60, 0xFB40, 0xFB40,
  0xFB20, 0xFB00, 0xFB00, 0xFAE0,
  0x0178, 0x0178, 0x0179, 0x0199, 0x0178, 0x0178, 0x0178, 0x0178, 0x0178, 0x0199, 0x019A, 0x01BA,
  0x01BB, 0x01DB, 0x01DC, 0x01FD, 0x021D, 0x023D, 0x025E, 0x029F, 0x02DF, 0x02FF, 0x033F, 0x039F,
  0x03DF, 0x045F, 0x04BF, 0x051F, 0x055F, 0x059F, 0x05DF, 0x05FF, 0x061F, 0x061F, 0x063F, 0x063F,
  0x063F, 0x063F, 0x063F, 0x065F, 0x065F, 0x067F, 0x067F, 0x067F, 0x067F, 0x069F, 0x067F, 0x071F,
  0x05DD, 0x0174, 0x086D, 0x012C, 0x31CA, 0x52AA, 0x1905, 0x0002, 0x18E4, 0x08A3, 0x10A3, 0x10C5,
  0x10A5, 0x0800, 0x0277, 0x02FD, 0x0215, 0x0087, 0x0000, 0x0000, 0x0000, 0x0000, 0x0000, 0x0000,
  0x0000, 0x0000, 0x0000, 0x0000, 0x0000, 0x0000, 0x0000, 0x0000, 0x0000, 0x0000, 0x0000, 0x0000,
  0x0000, 0x0000, 0x0000, 0x0000, 0x0000, 0x0000, 0x0000, 0x0000, 0x0000, 0x0000, 0x0000, 0x0000,
  0x0000, 0x0000, 0x0000, 0x0000, 0x0000, 0x0000, 0x0000, 0x0000, 0x0000, 0x0000, 0x0000, 0x0000,
  0x0000, 0x0000, 0x0000, 0x0000, 0x0000, 0x0000, 0x0000, 0x0000, 0x0000, 0x0000, 0x0000, 0x0000,
  0x0000, 0x0000, 0x0000, 0x0000, 0x0000, 0x0000, 0x0000, 0x0000, 0x0000, 0x0000, 0x0000, 0x0000,
  0x0000, 0x0000, 0x0000, 0x0000, 0x0000, 0x0000, 0x0000, 0x0000, 0x0000, 0x0000, 0x0000, 0x0000,
  0x0000, 0x0000, 0x0000, 0x0000, 0x0000, 0x0000, 0x0000, 0x0000, 0x0000, 0x0000, 0x0000, 0x0000,
  0x0000, 0x0000, 0x0000, 0x0000, 0x0000, 0x0000, 0x0000, 0x0000, 0x0000, 0x0000, 0x0000, 0x0000,
  0x0000, 0x0000, 0x0000, 0x0000, 0x0000, 0x0000, 0x0000, 0x0000, 0x0000, 0x0000, 0x0000, 0x0000,
  0x0000, 0x0000, 0x0000, 0x0000, 0x0000, 0x0000, 0x0000, 0x0000, 0x0000, 0x0000, 0x0000, 0x0000,
  0x0000, 0x0000, 0x0000, 0x0000, 0x0800, 0x0000, 0x0000, 0x0001, 0x0000, 0x0000, 0x0000, 0x0000,
  0x0000, 0x0000, 0x0000, 0x0000, 0x0000, 0x0000, 0x0000, 0x0000, 0x0000, 0x0000, 0x0000, 0x0000,
  0x0000, 0x0000, 0x0000, 0x0000, 0x0000, 0x0000, 0x0000, 0x0000, 0x0000, 0x0000, 0x0000, 0x0000,
  0x0000, 0x0000, 0x0000, 0x0000, 0x0000, 0x0000, 0x0000, 0x0000, 0x0000, 0x0000, 0x0000, 0x0000,
  0x0000, 0x0000, 0x0000, 0x0000, 0x0000, 0x0000, 0x0000, 0x0000, 0x0000, 0x0000, 0x0000, 0x0000,
  0x0000, 0x0000, 0x0000, 0x0000, 0x0000, 0x0000, 0x0000, 0x0000, 0x0000, 0x0000, 0x0000, 0x0000,
  0x0000, 0x0000, 0x0000, 0x0000, 0x0000, 0x0000, 0x0000, 0x0000, 0x0000, 0x0000, 0x0000, 0x0000,
  0x0000, 0x0000, 0x0000, 0x0000, 0x0000, 0x0000, 0x0000, 0x0000, 0x0000, 0x0000, 0x0000, 0x0000,
  0x0000, 0x0000, 0x0000, 0x0000, 0x0000, 0x0000, 0x0000, 0x0000, 0x0000, 0x0000, 0x0000, 0x0000,
  0x0000, 0x0000, 0x0000, 0x0000, 0x0000, 0x0000, 0x0000, 0x0000, 0x0000, 0x0000, 0x0000, 0x0000,
  0x0000, 0x0000, 0x0000, 0x0000, 0x0000, 0x0000, 0x0000, 0x0000, 0x0000, 0x0000, 0x0000, 0x0000,
  0x0000, 0x0000, 0x0000, 0x0000, 0x0000, 0x0000, 0x0000, 0x60E0, 0xC200, 0xF2A0, 0x8981, 0x0021,
  0x30A1, 0x20A1, 0x28A1, 0x28A1, 0x28C1, 0x28A1, 0x28E2, 0x41E7, 0x6961, 0x48C0, 0x3800, 0x6982,
  0xEE06, 0xFEA5, 0xFE84, 0xFE83, 0xFE85, 0xFEA9, 0xFEED, 0xFF50, 0xFF90, 0xFFAF, 0xFF6D, 0xFF4B,
  0xFF08, 0xFEE4, 0xFEC2, 0xFEA1, 0xFE81, 0xFE81, 0xFE81, 0xFEA2, 0xFEA1, 0xFEA1, 0xFEA2, 0xFEA2,
  0xFEC3, 0xFEC3, 0xFEC3, 0xFEC2, 0xFEA1, 0xFE60, 0xFE20, 0xFDE0, 0xFDA0, 0xFD60, 0xFD20, 0xFCE0,
  0xFCC0, 0xFCC0, 0xFCA0, 0xFC60, 0xFC40, 0xFC20, 0xFC00, 0xFBE0, 0xFBC0, 0xFBC0, 0xFBA0, 0xFBA0,
  0xFBA0, 0xFBA0, 0xFBC0, 0xFBE0,
  0x0158, 0x0179, 0x019A, 0x01BB, 0x01DC, 0x01DD, 0x01FD, 0x021D, 0x021D, 0x021D, 0x021D, 0x023D,
  0x023E, 0x023E, 0x025E, 0x027E, 0x029F, 0x02DF, 0x02DF, 0x02FF, 0x031F, 0x035F, 0x039F, 0x03BF,
  0x03FF, 0x041F, 0x047F, 0x04BF, 0x051F, 0x057F, 0x05BF, 0x061F, 0x065F, 0x069F, 0x06BF, 0x06DF,
  0x06DF, 0x06FF, 0x06FF, 0x06FF, 0x06FF, 0x06FF, 0x071F, 0x071F, 0x071F, 0x071F, 0x06FF, 0x0F7F,
  0x169F, 0x0AB9, 0x0010, 0x11CD, 0x000A, 0x632D, 0x528A, 0x0000, 0x10C4, 0x10C4, 0x08A3, 0x10A2,
  0x08C5, 0x08A5, 0x0800, 0x0235, 0x02FE, 0x02BC, 0x0237, 0x01D3, 0x01D2, 0x01F3, 0x01F3, 0x0213,
  0x0213, 0x0213, 0x0213, 0x0213, 0x0213, 0x0213, 0x0213, 0x0213, 0x0213, 0x0213, 0x0213, 0x0233,
  0x0233, 0x0213, 0x0233, 0x0213, 0x0213, 0x0213, 0x0233, 0x0233, 0x0233, 0x0233, 0x0233, 0x0233,
  0x0233, 0x0233, 0x0233, 0x0233, 0x0233, 0x0233, 0x0233, 0x0233, 0x0233, 0x0253, 0x0253, 0x0233,
  0x0233, 0x0233, 0x0233, 0x0233, 0x0233, 0x0233, 0x0233, 0x0233, 0x0233, 0x0233, 0x0233, 0x0233,
  0x0233, 0x0233, 0x0233, 0x0212, 0x0233, 0x0233, 0x0233, 0x0233, 0x0233, 0x0233, 0x0233, 0x0213,
  0x0213, 0x0213, 0x0213, 0x0213, 0x0213, 0x0213, 0x0213, 0x0212, 0x0212, 0x0213, 0x0213, 0x0213,
  0x0213, 0x0213, 0x0212, 0x01F2, 0x01F2, 0x01F2, 0x01F2, 0x01F2, 0x01F2, 0x01F2, 0x01F2, 0x01F3,
  0x01F3, 0x01F3, 0x01F2, 0x01D2, 0x01D3, 0x01D2, 0x01D2, 0x01D2, 0x01D2, 0x01D2, 0x01D2, 0x01D2,
  0x01B2, 0x01D2, 0x01D2, 0x01D2, 0x01D2, 0x01D2, 0x01D2, 0x01D2, 0x01D2, 0x01B2, 0x01B2, 0x01B2,
  0x01B2, 0x01B2, 0x0192, 0x0192, 0x0192, 0x01B2, 0x0192, 0x0192, 0x0192, 0x0192, 0x0192, 0x0192,
  0x0192, 0x0192, 0x0192, 0x1192, 0x0193, 0x31D1, 0x91E6, 0x9980, 0x9163, 0x9960, 0x9980, 0x9980,
  0x9980, 0x9960, 0x9960, 0x9960, 0x9960, 0x9980, 0x9960, 0x9980, 0x9980, 0x9980, 0x9980, 0x9980,
  0x9980, 0x9980, 0x9980, 0x9980, 0x9980, 0x9980, 0x9980, 0x9980, 0x9980, 0x9980, 0x9980, 0x9980,
  0x9980, 0x9980, 0x9980, 0x9980, 0x9980, 0x99A0, 0x99A0, 0x9980, 0x9980, 0x9980, 0x9980, 0x99A0,
  0x99A0, 0x9980, 0x9180, 0x9180, 0x9980, 0x9980, 0x99A0, 0x99A0, 0x9980, 0x99A0, 0x99A0, 0x99A0,
  0x9980, 0x9980, 0x9980, 0x9180, 0x9180, 0x9980, 0x99A0, 0x99A0, 0x99A0, 0x99A0, 0x99A0, 0x99A0,
  0x99A0, 0x99A0, 0x9980, 0x9980, 0x9980, 0x9980, 0x9980, 0x9980, 0x9980, 0x9980, 0x9980, 0x9980,
  0x99A0, 0x99A0, 0x99A0, 0x99A0, 0x99A0, 0x99A0, 0x9980, 0x99A0, 0x99A0, 0x9980, 0x9980, 0x99A0,
  0x99A0, 0x9980, 0x9180, 0x9980, 0x9980, 0x9180, 0x9980, 0x9980, 0x9980, 0x9980, 0x9180, 0x9160,
  0x9980, 0x9980, 0x9980, 0x9980, 0x9980, 0x99A0, 0x99A0, 0x99A0, 0x99A0, 0x99A0, 0x99A0, 0x9980,
  0x9980, 0x9980, 0x9980, 0x99A0, 0x99A0, 0x9980, 0x9980, 0x99A0, 0x99A0, 0x99A0, 0x9980, 0x9980,
  0x9980, 0x9980, 0x9980, 0x9980, 0x9980, 0xA9A0, 0xCA00, 0xEA60, 0xDA40, 0x6921, 0x0021, 0x38C1,
  0x20A1, 0x28A1, 0x28A1, 0x28A1, 0x28C2, 0x1800, 0x39C6, 0x59E6, 0x6940, 0x40A0, 0x4800, 0x8AA3,
  0xF6CA, 0xFF09, 0xFF0B, 0xFF2D, 0xFF70, 0xFFB2, 0xFFD3, 0xFFB1, 0xFF8F, 0xFF6C, 0xFF49, 0xFF48,
  0xFF27, 0xFF07, 0xFF06, 0xFF06, 0xFF06, 0xFF06, 0xFF06, 0xFF06, 0xFF06, 0xFF07, 0xFF07, 0xFF06,
  0xFF06, 0xFEE4, 0xFEC3, 0xFE82, 0xFE41, 0xFE01, 0xFDC1, 0xFDA1, 0xFD80, 0xFD60, 0xFD40, 0xFD20,
  0xFD20, 0xFD00, 0xFCE1, 0xFCC0, 0xFCA0, 0xFC80, 0xFC60, 0xFC60, 0xFC60, 0xFC80, 0xFC80, 0xFC80,
  0xFC80, 0xFC60, 0xFC40, 0xFC20,
  0x019B, 0x019B, 0x01BB, 0x01BC, 0x01BC, 0x01DD, 0x01FE, 0x023F, 0x025F, 0x027F, 0x029F, 0x029F,
  0x02BF, 0x02DF, 0x02FF, 0x031F, 0x035F, 0x039F, 0x03BF, 0x03DF, 0x03DF, 0x041F, 0x043F, 0x045F,
  0x049F, 0x04DF, 0x04FF, 0x051F, 0x055F, 0x057F, 0x05BF, 0x05FF, 0x063F, 0x067F, 0x06DF, 0x071F,
  0x075F, 0x077F, 0x079F, 0x079F, 0x079F, 0x079F, 0x07BF, 0x07BF, 0x07BF, 0x079F, 0x079F, 0x07DF,
  0x077F, 0x045D, 0x0015, 0x19CE, 0x000B, 0x31EA, 0x7BCF, 0x39E8, 0x0000, 0x2125, 0x10C4, 0x0883,
  0x10A2, 0x10C5, 0x10C6, 0x1000, 0x08EA, 0x0216, 0x027A, 0x029B, 0x02BB, 0x02DB, 0x02DB, 0x02DB,
  0x02FB, 0x02FC, 0x02FC, 0x02FB, 0x02FB, 0x02FB, 0x02FB, 0x02FB, 0x02FB, 0x031B, 0x031C, 0x031B,
  0x031B, 0x031B, 0x031B, 0x031B, 0x031B, 0x031B, 0x031B, 0x031B, 0x031B, 0x033B, 0x033B, 0x031B,
  0x031B, 0x031B, 0x031B, 0x031B, 0x031B, 0x031B, 0x033B, 0x033B, 0x033B, 0x033C, 0x033B, 0x031B,
  0x031B, 0x033B, 0x033B, 0x033B, 0x033B, 0x033B, 0x033B, 0x031B, 0x031B, 0x031B, 0x031B, 0x031B,
  0x031B, 0x033B, 0x031B, 0x031B, 0x031B, 0x031B, 0x031B, 0x031B, 0x031B, 0x031B, 0x031B, 0x031B,
  0x02FB, 0x02FB, 0x02FB, 0x02FB, 0x02FB, 0x031B, 0x02FB, 0x02FB, 0x02FB, 0x02FB, 0x02FB, 0x02FB,
  0x02FB, 0x02FB, 0x02DB, 0x02DB, 0x02DB, 0x02DB, 0x02DB, 0x02BB, 0x02BB, 0x02BB, 0x02BB, 0x02DB,
  0x02DB, 0x02DB, 0x02BB, 0x02BB, 0x02BB, 0x02BB, 0x029A, 0x029A, 0x029A, 0x029B, 0x029A, 0x029A,
  0x029A, 0x029A, 0x029A, 0x029B, 0x029A, 0x029B, 0x029B, 0x029B, 0x029B, 0x029B, 0x027A, 0x027A,
  0x027A, 0x027A, 0x025A, 0x025A, 0x025A, 0x025A, 0x025A, 0x025A, 0x025A, 0x025A, 0x023A, 0x023A,
  0x023A, 0x025A, 0x025A, 0x225A, 0x025B, 0x4A99, 0xCAC9, 0xE260, 0xDA25, 0xDA20, 0xDA21, 0xDA21,
  0xDA21, 0xDA21, 0xDA20, 0xDA20, 0xDA20, 0xE220, 0xDA20, 0xE220, 0xE220, 0xE220, 0xDA20, 0xDA20,
  0xDA20, 0xDA20, 0xDA20, 0xDA40, 0xDA41, 0xDA41, 0xDA41, 0xDA41, 0xE241, 0xDA41, 0xDA41, 0xDA41,
  0xE241, 0xDA40, 0xDA40, 0xDA40, 0xDA40, 0xE241, 0xE241, 0xE240, 0xDA40, 0xDA40, 0xE240, 0xE260,
  0xE240, 0xDA40, 0xDA40, 0xDA40, 0xDA40, 0xE240, 0xE240, 0xE240, 0xDA40, 0xDA40, 0xDA40, 0xE240,
  0xDA40, 0xDA40, 0xDA40, 0xDA40, 0xDA40, 0xDA40, 0xDA60, 0xE260, 0xE260, 0xE260, 0xE260, 0xDA60,
  0xE240, 0xE240, 0xE240, 0xE240, 0xDA40, 0xDA40, 0xDA20, 0xE240, 0xE240, 0xE240, 0xE240, 0xE240,
  0xE240, 0xE240, 0xE240, 0xE240, 0xE260, 0xE240, 0xE240, 0xE240, 0xE240, 0xDA40, 0xDA40, 0xE260,
  0xE240, 0xDA40, 0xDA40, 0xE240, 0xE240, 0xDA40, 0xDA40, 0xDA40, 0xDA40, 0xDA40, 0xDA20, 0xDA20,
  0xDA20, 0xDA40, 0xDA40, 0xDA40, 0xE240, 0xE240, 0xE240, 0xE260, 0xE240, 0xE240, 0xE240, 0xE240,
  0xE240, 0xE240, 0xE240, 0xE260, 0xE240, 0xE240, 0xE240, 0xE240, 0xE260, 0xE260, 0xE240, 0xE240,
  0xE240, 0xE240, 0xE240, 0xDA40, 0xE240, 0xDA20, 0xCA00, 0x8961, 0x0001, 0x0041, 0x40C1, 0x28A1,
  0x28A1, 0x2881, 0x28C2, 0x28C2, 0x1000, 0x3185, 0x4A28, 0x6160, 0x50E1, 0x50E0, 0x6800, 0xBC4A,
  0xFFB3, 0xFF93, 0xFFD5, 0xFFF6, 0xFFF5, 0xFFD3, 0xFFB2, 0xFFB1, 0xFFAF, 0xFF8D, 0xFF8D, 0xFF8D,
  0xFF8D, 0xFF8D, 0xFF8C, 0xFF6C, 0xFF6C, 0xFF6B, 0xFF6B, 0xFF6B, 0xFF6A, 0xFF49, 0xFF27, 0xFF05,
  0xFEE2, 0xFEA0, 0xFE80, 0xFE60, 0xFE40, 0xFE20, 0xFE00, 0xFE00, 0xFDE0, 0xFDE0, 0xFDC0, 0xFDA0,
  0xFDA0, 0xFD80, 0xFD60, 0xFD40, 0xFD40, 0xFD40, 0xFD20, 0xFD20, 0xFD20, 0xFD00, 0xFCE0, 0xFCA0,
  0xFC80, 0xFC60, 0xFC20, 0xFC20,
  0x01DF, 0x01DF, 0x01FF, 0x01FF, 0x021F, 0x023F, 0x023F, 0x025F, 0x027F, 0x02BF, 0x02FF, 0x033F,
  0x035F, 0x039F, 0x03DF, 0x041F, 0x045F, 0x047F, 0x04BF, 0x04DF, 0x051F, 0x053F, 0x057F, 0x05BF,
  0x05DF, 0x05FF, 0x061F, 0x065F, 0x067F, 0x069F, 0x069F, 0x06BF, 0x06DF, 0x06FF, 0x071F, 0x073F,
  0x077F, 0x079F, 0x07BF, 0x07BF, 0x1FDF, 0x37DF, 0x47DF, 0x4FDF, 0x4FDF, 0x47DF, 0x3FDF, 0x27DF,
  0x1FFF, 0x061F, 0x02BC, 0x01D4, 0x198E, 0x0007, 0x5B0C, 0x7BEF, 0x2145, 0x0000, 0x10E4, 0x18E4,
  0x10A4, 0x0883, 0x08A4, 0x08E7, 0x0860, 0x0800, 0x0800, 0x0840, 0x0860, 0x0840, 0x0840, 0x0820,
  0x0840, 0x0840, 0x0840, 0x0820, 0x0820, 0x0820, 0x0840, 0x0840, 0x0840, 0x0840, 0x0820, 0x0820,
  0x0820, 0x0820, 0x0820, 0x0820, 0x0820, 0x0820, 0x0800, 0x0800, 0x0800, 0x0800, 0x0800, 0x0800,
  0x0800, 0x0800, 0x0800, 0x0800, 0x0800, 0x0800, 0x0800, 0x0800, 0x0800, 0x0800, 0x0800, 0x0800,
  0x0800, 0x0800, 0x0800, 0x0800, 0x0800, 0x0800, 0x0800, 0x0800, 0x0820, 0x0820, 0x0800, 0x0800,
  0x0800, 0x0800, 0x0800, 0x0800, 0x0800, 0x0800, 0x0800, 0x0800, 0x0800, 0x0800, 0x0800, 0x0800,
  0x0800, 0x0800, 0x0800, 0x0800, 0x0800, 0x0800, 0x0800, 0x1020, 0x0800, 0x0800, 0x0800, 0x0800,
  0x1020, 0x1020, 0x1020, 0x0820, 0x0820, 0x0820, 0x0820, 0x0820, 0x0820, 0x0800, 0x0800, 0x0800,
  0x0820, 0x0820, 0x0820, 0x0820, 0x0820, 0x0820, 0x0820, 0x0820, 0x0820, 0x1020, 0x0820, 0x0820,
  0x0820, 0x0820, 0x0820, 0x0820, 0x0820, 0x0820, 0x0820, 0x0820, 0x0820, 0x0820, 0x0820, 0x0820,
  0x1040, 0x1020, 0x1040, 0x1040, 0x1040, 0x1040, 0x1040, 0x1040, 0x1040, 0x1040, 0x1040, 0x1040,
  0x1040, 0x1040, 0x1060, 0x1060, 0x1040, 0x0820, 0x0001, 0x0042, 0x0062, 0x0042, 0x0042, 0x0042,
  0x0042, 0x0062, 0x0062, 0x0062, 0x0062, 0x0062, 0x0062, 0x0042, 0x0042, 0x0042, 0x0042, 0x0042,
  0x0042, 0x0042, 0x0042, 0x0042, 0x0042, 0x0042, 0x0042, 0x0042, 0x0042, 0x0042, 0x0062, 0x0062,
  0x0042, 0x0042, 0x0042, 0x0062, 0x0042, 0x0042, 0x0042, 0x0042, 0x0042, 0x0062, 0x0062, 0x0062,
  0x0062, 0x0062, 0x0042, 0x0062, 0x0062, 0x0042, 0x0042, 0x0042, 0x0042, 0x0042, 0x0042, 0x0042,
  0x0042, 0x0042, 0x0062, 0x0062, 0x0042, 0x0042, 0x0042, 0x0042, 0x0042, 0x0042, 0x0042, 0x0042,
  0x0042, 0x0042, 0x0042, 0x0042, 0x0041, 0x0041, 0x0041, 0x0041, 0x0042, 0x0041, 0x0042, 0x0042,
  0x0041, 0x0042, 0x0042, 0x0042, 0x0042, 0x0042, 0x0042, 0x0042, 0x0041, 0x0041, 0x0041, 0x0041,
  0x0041, 0x0041, 0x0041, 0x0041, 0x0041, 0x0041, 0x0041, 0x0041, 0x0041, 0x0041, 0x0041, 0x0061,
  0x0041, 0x0041, 0x0041, 0x0041, 0x0041, 0x0041, 0x0061, 0x0061, 0x0061, 0x0041, 0x0041, 0x0061,
  0x0061, 0x0061, 0x0061, 0x0041, 0x0041, 0x0041, 0x0041, 0x0041, 0x0061, 0x0061, 0x0061, 0x0061,
  0x0061, 0x0061, 0x0061, 0x0041, 0x0061, 0x0021, 0x0001, 0x0021, 0x30A1, 0x38C1, 0x2081, 0x28A1,
  0x28C2, 0x3103, 0x2860, 0x1800, 0x3985, 0x5A89, 0x69C3, 0x6940, 0x48C1, 0x5900, 0x8000, 0xDDD3,
  0xFFFB, 0xFFD9, 0xFFF9, 0xFFF8, 0xFFD7, 0xFFD6, 0xFFD6, 0xFFD5, 0xFFD5, 0xFFD5, 0xFFD4, 0xFFD4,
  0xFFD3, 0xFFD2, 0xFFD2, 0xFFD1, 0xFFB1, 0xFFB0, 0xFFAF, 0xFF8E, 0xFF8C, 0xFF6A, 0xFF49, 0xFF28,
  0xFF27, 0xFF06, 0xFF05, 0xFEE4, 0xFEE3, 0xFEC2, 0xFEA0, 0xFEA0, 0xFE80, 0xFE80, 0xFE60, 0xFE60,
  0xFE40, 0xFE40, 0xFE20, 0xFE20, 0xFE00, 0xFDE0, 0xFDC0, 0xFDA0, 0xFDA0, 0xFD80, 0xFD60, 0xFD60,
  0xFD40, 0xFD40, 0xFD20, 0xFD20,
  0x04FF, 0x04FF, 0x051F, 0x051F, 0x053F, 0x055F, 0x055F, 0x057F, 0x0D9F, 0x15BF, 0x1DDF, 0x1DFF,
  0x1DFF, 0x261F, 0x2E5F, 0x367F, 0x3E7F, 0x469F, 0x4EBF, 0x4EBF, 0x4EDF, 0x4EFF, 0x4EFF, 0x4F1F,
  0x4F3F, 0x573F, 0x573F, 0x575F, 0x577F, 0x577F, 0x5F7F, 0x5F9F, 0x5F9F, 0x5F9F, 0x67BF, 0x67BF,
  0x67BF, 0x67BF, 0x67BF, 0x6FDF, 0x7FDF, 0x87DF, 0x8FDF, 0x8FDF, 0x8FDF, 0x97DF, 0x9FDF, 0x9FDF,
  0xA7FF, 0x8F3F, 0x1C5F, 0x0219, 0x1190, 0x192B, 0x0000, 0x634D, 0x7BEF, 0x31A6, 0x0000, 0x0001,
  0x10A4, 0x10E5, 0x10C4, 0x10A3, 0x10C6, 0x10E8, 0x10C6, 0x10C3, 0x10A2, 0x10A2, 0x10A2, 0x10C2,
  0x10A2, 0x10A1, 0x10C2, 0x10C2, 0x10C2, 0x10C2, 0x10C2, 0x10C2, 0x10C2, 0x10C2, 0x10C2, 0x10C2,
  0x10C2, 0x10C2, 0x10C2, 0x10C2, 0x10C2, 0x10C2, 0x10C2, 0x10C2, 0x10C2, 0x10C2, 0x10C2, 0x10C2,
  0x10C2, 0x10C2, 0x10C2, 0x10C2, 0x10C2, 0x10C2, 0x10C2, 0x10C2, 0x10C2, 0x10C2, 0x10C2, 0x10C2,
  0x10C2, 0x10C2, 0x10C2, 0x10C2, 0x10C2, 0x10C2, 0x10C2, 0x10C2, 0x10C2, 0x10C2, 0x10C2, 0x10C2,
  0x10C2, 0x10C1, 0x10C2, 0x10C2, 0x18C2, 0x10C2, 0x10C2, 0x10C1, 0x10C1, 0x10C1, 0x10C1, 0x10C1,
  0x10C1, 0x10C1, 0x10C1, 0x10C1, 0x10C1, 0x10C2, 0x10C2, 0x18C2, 0x18C2, 0x18C2, 0x18C2, 0x18C2,
  0x18C1, 0x18C1, 0x18C2, 0x18C2, 0x18C1, 0x18C2, 0x18C2, 0x18C2, 0x18C2, 0x18C1, 0x18C1, 0x18C1,
  0x18C1, 0x10C1, 0x10C1, 0x10C1, 0x10C1, 0x18C1, 0x18C1, 0x18C1, 0x18C1, 0x18C1, 0x18C1, 0x18C1,
  0x18C1, 0x18C1, 0x18C1, 0x18C1, 0x18C1, 0x18C1, 0x18C1, 0x18C1, 0x18C0, 0x18C1, 0x18C1, 0x18C1,
  0x18C1, 0x18C1, 0x18C1, 0x18C1, 0x18C1, 0x18C1, 0x18C1, 0x18C1, 0x18C1, 0x18C1, 0x18C1, 0x18C1,
  0x18C1, 0x18C1, 0x18C0, 0x18C0, 0x18C0, 0x18C2, 0x10C3, 0x08A3, 0x00A3, 0x00A3, 0x08C3, 0x08C3,
  0x08C3, 0x08C3, 0x08C3, 0x08C3, 0x00C3, 0x08C3, 0x08C3, 0x00C3, 0x08C3, 0x08C3, 0x08C3, 0x08C3,
  0x08C3, 0x08C3, 0x08C3, 0x08C3, 0x08C3, 0x08C3, 0x08C3, 0x08C3, 0x08C3, 0x08C3, 0x08C3, 0x08C3,
  0x08C3, 0x08C3, 0x08C3, 0x08C3, 0x08C3, 0x08C3, 0x08C3, 0x08C3, 0x08C3, 0x08C3, 0x10C3, 0x08C3,
  0x08C3, 0x08C3, 0x10C3, 0x08C3, 0x08C3, 0x08C3, 0x10C3, 0x08C3, 0x08C3, 0x08C3, 0x08C3, 0x08C3,
  0x08C3, 0x10C3, 0x08C3, 0x08C3, 0x10C3, 0x10C3, 0x10C3, 0x10C3, 0x10C3, 0x10C3, 0x10C3, 0x10C3,
  0x10C3, 0x10C3, 0x10C2, 0x10C2, 0x10C2, 0x10C2, 0x10C2, 0x10C2, 0x08A2, 0x10C2, 0x10C2, 0x10C2,
  0x10C2, 0x10C2, 0x10C2, 0x10C2, 0x10C2, 0x10C2, 0x10C2, 0x10C2, 0x10C2, 0x10C2, 0x10C2, 0x10C2,
  0x10C2, 0x10C2, 0x10C2, 0x10C2, 0x10C2, 0x10C2, 0x10C2, 0x10C2, 0x10C2, 0x10C2, 0x10C2, 0x18C2,
  0x18C2, 0x18C2, 0x18C2, 0x18C2, 0x18C2, 0x18C2, 0x18C2, 0x18C2, 0x18C2, 0x18C2, 0x18C2, 0x18C2,
  0x18C2, 0x18C2, 0x18C2, 0x18C2, 0x18C2, 0x18C2, 0x18C2, 0x18C2, 0x18C2, 0x18C2, 0x18C2, 0x18C2,
  0x18C2, 0x18C2, 0x20C2, 0x20C2, 0x20C2, 0x30C2, 0x40E2, 0x40E2, 0x30C2, 0x28C2, 0x28E2, 0x28C2,
  0x2860, 0x2000, 0x2000, 0x4228, 0x632C, 0x69E4, 0x89A0, 0x6920, 0x6941, 0x7900, 0xAA02, 0xF73A,
  0xFFFC, 0xFFDB, 0xFFFB, 0xFFFB, 0xFFFB, 0xFFFB, 0xFFFB, 0xFFFB, 0xFFFA, 0xFFFA, 0xFFFA, 0xFFF9,
  0xFFF8, 0xFFF8, 0xFFF7, 0xFFF7, 0xFFF7, 0xFFD6, 0xFFD5, 0xFFD4, 0xFFD4, 0xFFD3, 0xFFD3, 0xFFB3,
  0xFFB2, 0xFFB1, 0xFFB1, 0xFF91, 0xFF91, 0xFF90, 0xFF6F, 0xFF6F, 0xFF6E, 0xFF6E, 0xFF4E, 0xFF4E,
  0xFF4D, 0xFF2D, 0xFF2D, 0xFF2D, 0xFF2D, 0xFF2D, 0xFF2D, 0xFF2D, 0xFF0C, 0xFF0C, 0xFEEC, 0xFEEC,
  0xFECC, 0xFECB, 0xFECB, 0xFEAB,
  0x067F, 0x069F, 0x069F, 0x06BF, 0x06BF, 0x06DF, 0x06DF, 0x0EFF, 0x16FF, 0x1F1F, 0x271F, 0x271F,
  0x2F1F, 0x373F, 0x3F3F, 0x4F5F, 0x575F, 0x5F5F, 0x675F, 0x675F, 0x675F, 0x675F, 0x6F7F, 0x677F,
  0x677F, 0x6F7F, 0x6F7F, 0x6F7F, 0x6F7F, 0x779F, 0x779F, 0x779F, 0x7F9F, 0x7F9F, 0x7FBF, 0x7FBF,
  0x7FBF, 0x87BF, 0x87DF, 0x87DF, 0x8FDF, 0x97DF, 0x97DF, 0x97DF, 0x97DF, 0x9FDF, 0xA7DF, 0xA7DF,
  0xAFFF, 0x9FFF, 0x359F, 0x025B, 0x1192, 0x010B, 0x1908, 0x0000, 0x632D, 0x8430, 0x5AEB, 0x1904,
  0x0001, 0x0001, 0x0002, 0x0063, 0x0862, 0x0882, 0x0883, 0x0885, 0x0885, 0x0885, 0x0885, 0x0885,
  0x0885, 0x0885, 0x0885, 0x0885, 0x0885, 0x0885, 0x0885, 0x0885, 0x0885, 0x0085, 0x0085, 0x0085,
  0x0085, 0x0885, 0x0084, 0x0064, 0x0064, 0x0064, 0x0064, 0x0064, 0x0064, 0x0064, 0x0064, 0x0064,
  0x0044, 0x0064, 0x0064, 0x0044, 0x0044, 0x0044, 0x0044, 0x0064, 0x0064, 0x0064, 0x0064, 0x0044,
  0x0044, 0x0044, 0x0044, 0x0064, 0x0064, 0x0064, 0x0064, 0x0044, 0x0064, 0x0064, 0x0064, 0x0044,
  0x0044, 0x0044, 0x0044, 0x0044, 0x0064, 0x0064, 0x0044, 0x0044, 0x0044, 0x0044, 0x0044, 0x0044,
  0x0044, 0x0044, 0x0044, 0x0044, 0x0044, 0x0044, 0x0044, 0x0044, 0x0044, 0x0044, 0x0044, 0x0044,
  0x0044, 0x0024, 0x0023, 0x0023, 0x0023, 0x0023, 0x0023, 0x0023, 0x0023, 0x0023, 0x0003, 0x0023,
  0x0023, 0x0023, 0x0023, 0x0023, 0x0023, 0x0003, 0x0023, 0x0023, 0x0023, 0x0003, 0x0003, 0x0003,
  0x0003, 0x0003, 0x0003, 0x0003, 0x0003, 0x0003, 0x0003, 0x0003, 0x0003, 0x0003, 0x0003, 0x0003,
  0x0003, 0x0003, 0x0003, 0x0003, 0x0003, 0x0003, 0x0003, 0x0003, 0x0003, 0x0023, 0x0023, 0x0023,
  0x0023, 0x0023, 0x0023, 0x0003, 0x0003, 0x0003, 0x1820, 0x1820, 0x1821, 0x1821, 0x1820, 0x1820,
  0x1820, 0x1820, 0x1820, 0x1820, 0x1820, 0x1800, 0x1800, 0x1800, 0x1820, 0x1820, 0x1820, 0x1820,
  0x1820, 0x1820, 0x1820, 0x1820, 0x1820, 0x1820, 0x1820, 0x1820, 0x1820, 0x1820, 0x1820, 0x1820,
  0x1820, 0x1820, 0x1820, 0x1840, 0x1820, 0x1840, 0x1840, 0x1840, 0x1840, 0x2040, 0x2040, 0x1840,
  0x2040, 0x2040, 0x2040, 0x2020, 0x2020, 0x1820, 0x1820, 0x1820, 0x1820, 0x1820, 0x1820, 0x1820,
  0x1820, 0x1820, 0x1820, 0x1820, 0x1820, 0x2020, 0x2020, 0x1800, 0x1800, 0x2000, 0x2000, 0x2000,
  0x2020, 0x2000, 0x2000, 0x2000, 0x2000, 0x2000, 0x2000, 0x2020, 0x2020, 0x2020, 0x2020, 0x2020,
  0x2020, 0x2020, 0x2040, 0x2040, 0x2040, 0x2020, 0x2040, 0x2020, 0x2020, 0x2040, 0x2040, 0x2040,
  0x2040, 0x2020, 0x2020, 0x2020, 0x2020, 0x2020, 0x2040, 0x2040, 0x2040, 0x2020, 0x2020, 0x2040,
  0x2020, 0x2040, 0x2040, 0x2020, 0x2020, 0x2040, 0x2840, 0x2840, 0x2840, 0x2840, 0x2840, 0x2840,
  0x2840, 0x2840, 0x2840, 0x2840, 0x2840, 0x2840, 0x2840, 0x2840, 0x2840, 0x2840, 0x2840, 0x2840,
  0x2860, 0x2860, 0x2860, 0x2860, 0x2860, 0x2860, 0x2060, 0x2060, 0x2040, 0x2020, 0x1800, 0x1800,
  0x1800, 0x3965, 0x630B, 0x7B8E, 0x6A26, 0x8160, 0x6941, 0x7960, 0x89C2, 0xA8A0, 0xDCF2, 0xFFFD,
  0xFFDB, 0xFFFB, 0xFFFB, 0xFFFB, 0xFFFB, 0xFFFB, 0xFFFA, 0xFFFA, 0xFFF9, 0xFFF9, 0xFFF8, 0xFFF8,
  0xFFF7, 0xFFD6, 0xFFD6, 0xFFD6, 0xFFD6, 0xFFD5, 0xFFD5, 0xFFB4, 0xFFB3, 0xFFB3, 0xFF93, 0xFF92,
  0xFF92, 0xFF92, 0xFF72, 0xFF72, 0xFF72, 0xFF71, 0xFF51, 0xFF30, 0xFF30, 0xFF30, 0xFF30, 0xFF30,
  0xFF30, 0xFF30, 0xFF30, 0xFF30, 0xFF30, 0xFF30, 0xFF30, 0xFF30, 0xFF10, 0xFF0F, 0xFEEF, 0xFEEF,
  0xFF0F, 0xFF0F, 0xFEEF, 0xFEEE,
  0x03BF, 0x039F, 0x03BF, 0x03DF, 0x03FF, 0x041F, 0x043F, 0x045F, 0x047F, 0x049F, 0x04BF, 0x04DF,
  0x04DF, 0x051F, 0x053F, 0x055F, 0x057F, 0x05BF, 0x05FF, 0x061F, 0x061F, 0x063F, 0x065F, 0x065F,
  0x067F, 0x067F, 0x069F, 0x06BF, 0x06DF, 0x06FF, 0x071F, 0x071F, 0x073F, 0x073F, 0x073F, 0x075F,
  0x075F, 0x077F, 0x079F, 0x079F, 0x07BF, 0x07BF, 0x07BF, 0x07DF, 0x07DF, 0x07DF, 0x07DF, 0x07BF,
  0x079F, 0x07FF, 0x06DF, 0x0B5D, 0x0136, 0x016D, 0x08A9, 0x1907, 0x0000, 0x422A, 0x8430, 0x73AF,
  0x426A, 0x2987, 0x1905, 0x10A4, 0x08A4, 0x08A3, 0x0883, 0x0883, 0x0882, 0x0883, 0x0883, 0x0883,
  0x0883, 0x0883, 0x0883, 0x0883, 0x0883, 0x0883, 0x0883, 0x0883, 0x0883, 0x0883, 0x0883, 0x0883,
  0x0883, 0x1083, 0x0883, 0x1083, 0x1083, 0x0882, 0x0882, 0x0883, 0x1083, 0x10A3, 0x10A3, 0x1083,
  0x10A3, 0x1082, 0x0882, 0x0882, 0x0882, 0x0882, 0x0882, 0x0882, 0x0882, 0x0882, 0x0882, 0x0882,
  0x0882, 0x0882, 0x0882, 0x0882, 0x0882, 0x0882, 0x0882, 0x0882, 0x0882, 0x0882, 0x0882, 0x0882,
  0x0882, 0x0882, 0x0882, 0x1082, 0x0882, 0x0882, 0x1082, 0x0882, 0x0882, 0x0882, 0x1082, 0x1082,
  0x1082, 0x1082, 0x1082, 0x1082, 0x1082, 0x1082, 0x1082, 0x10A2, 0x1082, 0x1082, 0x1082, 0x1082,
  0x1082, 0x10A2, 0x10A2, 0x1082, 0x1082, 0x1082, 0x1082, 0x1082, 0x10A2, 0x1082, 0x1082, 0x1082,
  0x1082, 0x1082, 0x1082, 0x1082, 0x1082, 0x1082, 0x1082, 0x1082, 0x1082, 0x1082, 0x1082, 0x1082,
  0x1082, 0x1082, 0x1082, 0x1082, 0x1082, 0x10A2, 0x1082, 0x10A2, 0x1082, 0x1082, 0x1082, 0x1082,
  0x1082, 0x1082, 0x1082, 0x1082, 0x1082, 0x1082, 0x1082, 0x1082, 0x1082, 0x1082, 0x1082, 0x1082,
  0x1082, 0x1082, 0x1082, 0x1081, 0x1081, 0x1082, 0x0882, 0x0882, 0x0882, 0x0882, 0x1082, 0x1082,
  0x0882, 0x0882, 0x0882, 0x1082, 0x1082, 0x0882, 0x0882, 0x1082, 0x1082, 0x1082, 0x10A2, 0x10A2,
  0x10A2, 0x10A2, 0x10A2, 0x10A2, 0x10A2, 0x10A2, 0x10A2, 0x10A2, 0x10A2, 0x10A2, 0x10A2, 0x10A2,
  0x1082, 0x10A2, 0x10A2, 0x10A2, 0x10A2, 0x10A2, 0x10A2, 0x10A2, 0x10A2, 0x10A2, 0x1082, 0x1082,
  0x1082, 0x1082, 0x1082, 0x1082, 0x1082, 0x1082, 0x1082, 0x1082, 0x10A2, 0x1082, 0x1082, 0x1082,
  0x1082, 0x1082, 0x1082, 0x1082, 0x1082, 0x1082, 0x1082, 0x1082, 0x1082, 0x1082, 0x1082, 0x1082,
  0x1082, 0x1082, 0x1082, 0x1082, 0x1082, 0x1082, 0x1082, 0x1082, 0x1082, 0x1082, 0x1082, 0x1082,
  0x1882, 0x1882, 0x1082, 0x1082, 0x1882, 0x1882, 0x1081, 0x1881, 0x1882, 0x1882, 0x1081, 0x1881,
  0x1881, 0x1881, 0x1881, 0x1881, 0x1881, 0x1881, 0x1881, 0x1881, 0x1881, 0x1881, 0x1881, 0x1881,
  0x1881, 0x1881, 0x1881, 0x1881, 0x1881, 0x1881, 0x1881, 0x1881, 0x1881, 0x1881, 0x1881, 0x1881,
  0x1881, 0x1881, 0x1881, 0x1881, 0x1881, 0x1881, 0x1881, 0x1881, 0x1881, 0x1881, 0x1881, 0x1881,
  0x1881, 0x2081, 0x1881, 0x2081, 0x2081, 0x2081, 0x20A1, 0x20A1, 0x28A1, 0x28E2, 0x3165, 0x41E7,
  0x52AA, 0x738E, 0x7B6D, 0x6980, 0x7920, 0x6142, 0x7140, 0x89E2, 0xA1A0, 0xC284, 0xF73A, 0xFFFB,
  0xFFD8, 0xFFF8, 0xFFF6, 0xFFF5, 0xFFD4, 0xFFD3, 0xFFD2, 0xFFD1, 0xFFD0, 0xFFCF, 0xFFAE, 0xFFAD,
  0xFF8C, 0xFF8B, 0xFF8A, 0xFF88, 0xFF67, 0xFF64, 0xFF40, 0xFF20, 0xFF00, 0xFF00, 0xFEE0, 0xFEE0,
  0xFEE0, 0xFEC0, 0xFEC0, 0xFEA0, 0xFEA0, 0xFE60, 0xFE20, 0xFE00, 0xFE00, 0xFE00, 0xFDE0, 0xFDA0,
  0xFDA0, 0xFDA0, 0xFDA0, 0xFD80, 0xFD80, 0xFD60, 0xFD60, 0xFD40, 0xFD40, 0xFD20, 0xFCE0, 0xFCE0,
  0xFCC0, 0xFCC0, 0xFCC0, 0xFCC0,
  0x031F, 0x031F, 0x033F, 0x033F, 0x035F, 0x035F, 0x037F, 0x037F, 0x039F, 0x03BF, 0x03DF, 0x03FF,
  0x041F, 0x045F, 0x0C7F, 0x0CBF, 0x14DF, 0x151F, 0x153F, 0x155F, 0x155F, 0x1D7F, 0x1D7F, 0x1D9F,
  0x1DBF, 0x1DDF, 0x1DFF, 0x1E1F, 0x1E1F, 0x1E3F, 0x1E5F, 0x1E7F, 0x1E9F, 0x269F, 0x26BF, 0x26DF,
  0x26FF, 0x271F, 0x273F, 0x273F, 0x275F, 0x277F, 0x277F, 0x279F, 0x2F9F, 0x2F9F, 0x2F7F, 0x277F,
  0x2F7F, 0x277F, 0x079F, 0x053E, 0x0018, 0x0150, 0x010A, 0x0047, 0x2126, 0x0000, 0x0000, 0x4A8B,
  0x5B2D, 0x5B0D, 0x52CC, 0x3A4A, 0x3A09, 0x31E9, 0x31E9, 0x31E9, 0x31E9, 0x31E9, 0x31E9, 0x31E9,
  0x3A09, 0x3A09, 0x3A29, 0x3A09, 0x3A29, 0x4229, 0x4229, 0x4229, 0x4229, 0x424A, 0x424A, 0x424A,
  0x424A, 0x424A, 0x424A, 0x4A6A, 0x4A6A, 0x4A6A, 0x4A6A, 0x4A6A, 0x4A6A, 0x4A6A, 0x4A8A, 0x4A8B,
  0x52AB, 0x52AB, 0x4A8A, 0x4A8A, 0x4A8A, 0x52AB, 0x528A, 0x4A8A, 0x4A8A, 0x528A, 0x52AB, 0x52AB,
  0x52AB, 0x52AB, 0x52AB, 0x52AA, 0x52AA, 0x52AA, 0x52AA, 0x52AA, 0x52AA, 0x528A, 0x52AA, 0x52AB,
  0x52AB, 0x52AB, 0x52AB, 0x52AB, 0x52AB, 0x52AB, 0x52AB, 0x52AB, 0x52CB, 0x52CB, 0x52CB, 0x52AB,
  0x52AB, 0x52AB, 0x52AB, 0x528A, 0x52AA, 0x52AB, 0x52AB, 0x52AB, 0x52AB, 0x52AB, 0x52AB, 0x52CB,
  0x52CB, 0x52CB, 0x5ACB, 0x5ACB, 0x5ACB, 0x5ACB, 0x5ACB, 0x5ACB, 0x5ACB, 0x5AEB, 0x5ACB, 0x5ACB,
  0x5ACB, 0x52CB, 0x52CB, 0x52AB, 0x5ACB, 0x5ACB, 0x5ACB, 0x5ACB, 0x5ACB, 0x5ACB, 0x5AEB, 0x5AEB,
  0x5AEB, 0x5AEB, 0x5AEB, 0x5AEB, 0x5AEB, 0x5AEB, 0x5AEB, 0x5AEB, 0x5AEB, 0x5AEB, 0x5AEB, 0x5AEB,
  0x5AEB, 0x5AEB, 0x5AEB, 0x5AEB, 0x5AEB, 0x5AEB, 0x5AEB, 0x5AEB, 0x5ACB, 0x5ACB, 0x5ACB, 0x52AA,
  0x52AA, 0x52CA, 0x5ACB, 0x5ACB, 0x5ACB, 0x5ACB, 0x5ACB, 0x52AA, 0x52AA, 0x52AA, 0x52AA, 0x52AA,
  0x5AAA, 0x5ACA, 0x5ACA, 0x52AA, 0x52AA, 0x5ACA, 0x5ACB, 0x5ACB, 0x5ACA, 0x5ACA, 0x5ACA, 0x5ACA,
  0x52AA, 0x5AAA, 0x5ACB, 0x5ACB, 0x5ACB, 0x5ACB, 0x5ACB, 0x5ACB, 0x5AEB, 0x5AEB, 0x5ACB, 0x5ACB,
  0x5ACB, 0x5ACA, 0x52AA, 0x5AAA, 0x5ACA, 0x5ACA, 0x5AAA, 0x52AA, 0x52AA, 0x52AA, 0x52AA, 0x52AA,
  0x52AA, 0x52AA, 0x52AA, 0x528A, 0x528A, 0x52AA, 0x52AA, 0x52AA, 0x5AAA, 0x52AA, 0x52AA, 0x5AAA,
  0x5ACA, 0x5ACA, 0x52AA, 0x52AA, 0x5AAA, 0x5ACA, 0x5ACA, 0x5ACA, 0x5ACB, 0x5ACB, 0x5ACA, 0x5ACA,
  0x5AAA, 0x5ACA, 0x5ACB, 0x5ACB, 0x5ACA, 0x5ACA, 0x5AAA, 0x52AA, 0x52AA, 0x52AA, 0x52AA, 0x528A,
  0x5289, 0x528A, 0x528A, 0x5289, 0x5289, 0x5289, 0x5289, 0x5289, 0x528A, 0x528A, 0x5289, 0x5289,
  0x5289, 0x52AA, 0x52AA, 0x528A, 0x528A, 0x5289, 0x5289, 0x5289, 0x5289, 0x5289, 0x5289, 0x5289,
  0x5AAA, 0x5AAA, 0x5AAA, 0x5AAA, 0x5AAA, 0x5AAA, 0x5AA9, 0x5289, 0x5289, 0x5AA9, 0x5AAA, 0x5A89,
  0x5289, 0x5289, 0x5289, 0x5289, 0x5289, 0x5269, 0x5269, 0x5289, 0x5289, 0x5289, 0x5269, 0x5268,
  0x5248, 0x5248, 0x5248, 0x5268, 0x4A28, 0x5248, 0x5248, 0x5248, 0x5269, 0x5AA9, 0x6B0C, 0x734D,
  0x6B0B, 0x59E6, 0x4800, 0x58E0, 0x5102, 0x6920, 0x89E2, 0xA200, 0xB800, 0xE5D3, 0xFFFA, 0xFFD8,
  0xFFF8, 0xFFF8, 0xFFF7, 0xFFF6, 0xFFF5, 0xFFD3, 0xFFD1, 0xFFB0, 0xFFAF, 0xFF8E, 0xFF6C, 0xFF6B,
  0xFF4A, 0xFF29, 0xFF28, 0xFF28, 0xFF07, 0xFF07, 0xFEE6, 0xFEC6, 0xFEA5, 0xFEA5, 0xFE85, 0xFE65,
  0xFE65, 0xFE65, 0xFE45, 0xFE25, 0xFE25, 0xFE04, 0xFE04, 0xFDE4, 0xFDC4, 0xFDA4, 0xFD84, 0xFD64,
  0xFD44, 0xFD24, 0xFD04, 0xFCE4, 0xFCC4, 0xFCC4, 0xFCA4, 0xFCA4, 0xFC84, 0xFC84, 0xFC84, 0xFC64,
  0xFC64, 0xFC63, 0xFC64, 0xFC43,
  0x029F, 0x029F, 0x029F, 0x029F, 0x029F, 0x029F, 0x02BF, 0x02BF, 0x02FF, 0x033F, 0x037F, 0x03BF,
  0x03DF, 0x041F, 0x043F, 0x043F, 0x043F, 0x045F, 0x047F, 0x049F, 0x049F, 0x04BF, 0x04DF, 0x04FF,
  0x051F, 0x053F, 0x055F, 0x057F, 0x059F, 0x05BF, 0x05DF, 0x05FF, 0x063F, 0x065F, 0x069F, 0x06BF,
  0x06DF, 0x06FF, 0x06FF, 0x071F, 0x071F, 0x073F, 0x073F, 0x073F, 0x071F, 0x071F, 0x071F, 0x073F,
  0x073F, 0x06FF, 0x073F, 0x069E, 0x0337, 0x000E, 0x012B, 0x00C8, 0x0004, 0x18E5, 0x1083, 0x0000,
  0x0000, 0x1927, 0x31C9, 0x31E9, 0x31E9, 0x31C9, 0x29C9, 0x31C8, 0x31C8, 0x31C9, 0x31C9, 0x31C9,
  0x31E9, 0x31E9, 0x39E9, 0x31E9, 0x31E9, 0x3A09, 0x3A09, 0x3A09, 0x3A09, 0x3A09, 0x3A09, 0x3A09,
  0x3A09, 0x3A09, 0x3A29, 0x422A, 0x422A, 0x422A, 0x4229, 0x4229, 0x3A29, 0x4229, 0x4229, 0x424A,
  0x424A, 0x424A, 0x424A, 0x424A, 0x424A, 0x424A, 0x424A, 0x424A, 0x4249, 0x424A, 0x424A, 0x4A6A,
  0x4A6A, 0x4A6A, 0x4A6A, 0x4A4A, 0x4A4A, 0x4A4A, 0x4A6A, 0x4A6A, 0x4A6A, 0x4A4A, 0x4A6A, 0x4A6A,
  0x4A6A, 0x4A6A, 0x4A6A, 0x4A6A, 0x4A6A, 0x4A6A, 0x4A6A, 0x4A6A, 0x4A6A, 0x4A6A, 0x4A6A, 0x4A6A,
  0x4A4A, 0x424A, 0x424A, 0x4249, 0x4249, 0x4A4A, 0x4A4A, 0x4A6A, 0x4A6A, 0x4A4A, 0x4A6A, 0x4A6A,
  0x4A6A, 0x4A6A, 0x4A6A, 0x4A6A, 0x4A6A, 0x4A6A, 0x4A6A, 0x4A6A, 0x4A6A, 0x4A6A, 0x4A6A, 0x4A6A,
  0x4A6A, 0x4A6A, 0x4A69, 0x4A49, 0x4A6A, 0x4A6A, 0x4A6A, 0x4A69, 0x4A6A, 0x4A6A, 0x528A, 0x528A,
  0x528A, 0x528A, 0x528A, 0x528A, 0x528A, 0x528A, 0x528A, 0x528A, 0x526A, 0x526A, 0x528A, 0x528A,
  0x528A, 0x528A, 0x528A, 0x528A, 0x528A, 0x528A, 0x528A, 0x528A, 0x526A, 0x4A69, 0x4A69, 0x4A69,
  0x4A69, 0x4A69, 0x4A69, 0x4A69, 0x4A69, 0x4A69, 0x4A69, 0x4A69, 0x4A49, 0x4A49, 0x4A49, 0x4A49,
  0x4A49, 0x4A69, 0x4A69, 0x4A69, 0x4A49, 0x4A69, 0x4A69, 0x4A69, 0x4A69, 0x4A69, 0x4A69, 0x4A49,
  0x4A49, 0x4A49, 0x4A69, 0x4A69, 0x4A69, 0x4A69, 0x4A69, 0x4A69, 0x526A, 0x5269, 0x5269, 0x5269,
  0x5269, 0x4A69, 0x4A69, 0x4A69, 0x4A69, 0x4A69, 0x4A69, 0x4A49, 0x4A49, 0x4A49, 0x4A49, 0x4A49,
  0x4A49, 0x4A49, 0x4A48, 0x4A48, 0x4A48, 0x4A48, 0x4A49, 0x4A49, 0x4A49, 0x4A49, 0x4A48, 0x4A49,
  0x4A69, 0x4A69, 0x4A49, 0x4A49, 0x4A49, 0x4A69, 0x4A69, 0x4A69, 0x4A69, 0x5269, 0x5269, 0x4A69,
  0x4A69, 0x5269, 0x5269, 0x5269, 0x5269, 0x5269, 0x4A69, 0x4A49, 0x4A48, 0x4A49, 0x4A49, 0x4A48,
  0x4A28, 0x4A48, 0x4A48, 0x4A28, 0x4A28, 0x4A28, 0x4A48, 0x4A48, 0x4A48, 0x4A48, 0x4A48, 0x4A48,
  0x4A48, 0x4A49, 0x5269, 0x4A48, 0x4A48, 0x4A48, 0x4A48, 0x4A48, 0x4A28, 0x4A48, 0x4A48, 0x4A48,
  0x4A48, 0x5248, 0x5248, 0x5248, 0x5268, 0x5248, 0x5248, 0x5248, 0x5248, 0x5248, 0x5248, 0x5248,
  0x5248, 0x5248, 0x5248, 0x5248, 0x5248, 0x5228, 0x5228, 0x5248, 0x5248, 0x5228, 0x5228, 0x5227,
  0x5227, 0x5207, 0x5227, 0x5227, 0x5207, 0x5207, 0x5207, 0x5207, 0x5207, 0x51E6, 0x51A5, 0x4880,
  0x3800, 0x3000, 0x30E3, 0x3081, 0x50C0, 0x71A1, 0x91A0, 0xB0A0, 0xDD0F, 0xFFF7, 0xFFF4, 0xFFF5,
  0xFFF5, 0xFFD5, 0xFFD4, 0xFFD4, 0xFFD4, 0xFFD3, 0xFFD2, 0xFFD1, 0xFFB0, 0xFFAE, 0xFF6B, 0xFF49,
  0xFF27, 0xFF05, 0xFEE3, 0xFEC2, 0xFEC2, 0xFEA1, 0xFE80, 0xFE60, 0xFE60, 0xFE40, 0xFE20, 0xFE00,
  0xFDE0, 0xFDE0, 0xFDC0, 0xFDA0, 0xFDA0, 0xFD80, 0xFD60, 0xFD60, 0xFD60, 0xFD40, 0xFD40, 0xFD20,
  0xFD00, 0xFCE0, 0xFCC0, 0xFC80, 0xFC60, 0xFC40, 0xFC20, 0xFC00, 0xFBE0, 0xFBE0, 0xFBC0, 0xFBC0,
  0xFBC0, 0xFBC0, 0xFBA0, 0xFBA0,
  0x01FE, 0x01FE, 0x01FE, 0x021F, 0x021F, 0x025F, 0x029F, 0x02BF, 0x02FF, 0x031F, 0x033F, 0x033F,
  0x031F, 0x031F, 0x033F, 0x033F, 0x037F, 0x039F, 0x03BF, 0x03FF, 0x041F, 0x043F, 0x045F, 0x047F,
  0x049F, 0x04DF, 0x04FF, 0x051F, 0x055F, 0x059F, 0x05BF, 0x05FF, 0x061F, 0x063F, 0x065F, 0x067F,
  0x069F, 0x069F, 0x06BF, 0x06BF, 0x06DF, 0x06DF, 0x06BF, 0x069F, 0x069F, 0x069F, 0x06BF, 0x06BF,
  0x06BF, 0x06BF, 0x065F, 0x069F, 0x05BC, 0x0291, 0x0004, 0x00A6, 0x0086, 0x0003, 0x0043, 0x18E5,
  0x10C4, 0x0001, 0x0000, 0x0000, 0x0000, 0x0000, 0x0000, 0x0000, 0x0000, 0x0000, 0x0000, 0x0000,
  0x0000, 0x0000, 0x0000, 0x0000, 0x0000, 0x0000, 0x0000, 0x0000, 0x0000, 0x0000, 0x0000, 0x0000,
  0x0000, 0x0000, 0x0000, 0x0000, 0x0000, 0x0000, 0x0000, 0x0000, 0x0000, 0x0000, 0x0000, 0x0000,
  0x0000, 0x0000, 0x0000, 0x0000, 0x0000, 0x0000, 0x0000, 0x0000, 0x0000, 0x0000, 0x0000, 0x0000,
  0x0000, 0x0000, 0x0000, 0x0000, 0x0000, 0x0000, 0x0000, 0x0000, 0x0000, 0x0000, 0x0000, 0x0000,
  0x0000, 0x0000, 0x0000, 0x0000, 0x0000, 0x0000, 0x0000, 0x0000, 0x0000, 0x0000, 0x0000, 0x0000,
  0x0000, 0x0000, 0x0000, 0x0000, 0x0000, 0x0000, 0x0000, 0x0000, 0x0000, 0x0000, 0x0000, 0x0000,
  0x0000, 0x0000, 0x0000, 0x0000, 0x0000, 0x0000, 0x0000, 0x0000, 0x0000, 0x0000, 0x0000, 0x0000,
  0x0000, 0x0000, 0x0000, 0x0000, 0x0000, 0x0000, 0x0000, 0x0000, 0x0000, 0x0000, 0x0000, 0x0000,
  0x0000, 0x0000, 0x0000, 0x0000, 0x0000, 0x0000, 0x0000, 0x0000, 0x0000, 0x0000, 0x0000, 0x0000,
  0x0000, 0x0000, 0x0000, 0x0000, 0x0000, 0x0000, 0x0000, 0x0000, 0x0000, 0x0000, 0x0000, 0x0000,
  0x0000, 0x0000, 0x0000, 0x0000, 0x0000, 0x0000, 0x0000, 0x0000, 0x0000, 0x0000, 0x0000, 0x0000,
  0x0000, 0x0000, 0x0000, 0x0000, 0x0000, 0x0000, 0x0000, 0x0000, 0x0000, 0x0000, 0x0000, 0x0000,
  0x0000, 0x0000, 0x0000, 0x0000, 0x0000, 0x0000, 0x0000, 0x0000, 0x0000, 0x0000, 0x0000, 0x0000,
  0x0000, 0x0000, 0x0000, 0x0000, 0x0000, 0x0000, 0x0000, 0x0000, 0x0000, 0x0000, 0x0000, 0x0000,
  0x0000, 0x0000, 0x0000, 0x0000, 0x0000, 0x0000, 0x0000, 0x0000, 0x0000, 0x0000, 0x0000, 0x0000,
  0x0000, 0x0000, 0x0000, 0x0000, 0x0000, 0x0000, 0x0000, 0x0000, 0x0000, 0x0000, 0x0000, 0x0000,
  0x0000, 0x0000, 0x0000, 0x0000, 0x0000, 0x0000, 0x0000, 0x0000, 0x0000, 0x0000, 0x0000, 0x0000,
  0x0000, 0x0000, 0x0000, 0x0000, 0x0000, 0x0000, 0x0000, 0x0000, 0x0000, 0x0000, 0x0000, 0x0000,
  0x0000, 0x0000, 0x0000, 0x0000, 0x0000, 0x0000, 0x0000, 0x0000, 0x0000, 0x0000, 0x0000, 0x0000,
  0x0000, 0x0000, 0x0000, 0x0000, 0x0000, 0x0000, 0x0000, 0x0000, 0x0000, 0x0000, 0x0000, 0x0000,
  0x0000, 0x0000, 0x0000, 0x0000, 0x0000, 0x0000, 0x0000, 0x0000, 0x0000, 0x0000, 0x0000, 0x0000,
  0x0000, 0x0000, 0x0000, 0x0000, 0x0000, 0x0000, 0x0000, 0x0800, 0x0800, 0x0800, 0x0800, 0x1800,
  0x28E3, 0x28C2, 0x3060, 0x48E0, 0x5120, 0x5000, 0x7800, 0xCCAB, 0xFFB4, 0xFFD2, 0xFFD3, 0xFFD4,
  0xFFD3, 0xFFD2, 0xFFD2, 0xFFB1, 0xFFB0, 0xFFB0, 0xFFAF, 0xFFAF, 0xFFAF, 0xFFAE, 0xFF8D, 0xFF6B,
  0xFF6A, 0xFF48, 0xFF06, 0xFEE3, 0xFEA1, 0xFE81, 0xFE60, 0xFE40, 0xFE20, 0xFE00, 0xFDC0, 0xFD80,
  0xFD60, 0xFD60, 0xFD40, 0xFD20, 0xFD20, 0xFD00, 0xFCE0, 0xFCC0, 0xFCA0, 0xFC80, 0xFC60, 0xFC60,
  0xFC60, 0xFC60, 0xFC60, 0xFC60, 0xFC40, 0xFC40, 0xFC20, 0xFC00, 0xFBE0, 0xFBA0, 0xFB80, 0xFB40,
  0xFB20, 0xFB20, 0xFB20, 0xFB00,
  0x01DD, 0x01FE, 0x021E, 0x023F, 0x025F, 0x027F, 0x029F, 0x029F, 0x027F, 0x027F, 0x025F, 0x025F,
  0x027F, 0x029F, 0x02BF, 0x02DF, 0x031F, 0x033F, 0x035F, 0x037F, 0x03BF, 0x03DF, 0x041F, 0x043F,
  0x047F, 0x049F, 0x04DF, 0x04FF, 0x055F, 0x057F, 0x059F, 0x05BF, 0x05DF, 0x05FF, 0x061F, 0x061F,
  0x063F, 0x063F, 0x065F, 0x065F, 0x063F, 0x061F, 0x05FF, 0x061F, 0x061F, 0x061F, 0x061F, 0x061F,
  0x061F, 0x05FF, 0x05DF, 0x059F, 0x05BF, 0x04FC, 0x0250, 0x0000, 0x0000, 0x0022, 0x0023, 0x0002,
  0x0022, 0x0863, 0x08A3, 0x0883, 0x0883, 0x0863, 0x0863, 0x0863, 0x0863, 0x0863, 0x0863, 0x0863,
  0x0863, 0x0883, 0x0883, 0x0883, 0x0883, 0x0883, 0x0883, 0x0883, 0x0883, 0x0883, 0x0883, 0x0883,
  0x0883, 0x0883, 0x10A3, 0x10A3, 0x10A3, 0x10A3, 0x10A3, 0x10A3, 0x10A3, 0x10A3, 0x10A3, 0x10A3,
  0x10A3, 0x10C3, 0x10A3, 0x10A3, 0x10A3, 0x10C3, 0x10A3, 0x10A3, 0x10A3, 0x10A3, 0x10A3, 0x10C3,
  0x10C3, 0x10C3, 0x10C3, 0x10C3, 0x10C3, 0x10A3, 0x10C3, 0x10C3, 0x10A3, 0x10A3, 0x10A3, 0x10C3,
  0x10C3, 0x10C3, 0x10C3, 0x10C3, 0x10C3, 0x10C3, 0x10A3, 0x10C3, 0x10C3, 0x10C3, 0x10C3, 0x10C3,
  0x10C3, 0x10A3, 0x10A3, 0x10A3, 0x10A3, 0x10C3, 0x10C3, 0x10C3, 0x10C3, 0x10C3, 0x10C3, 0x10C3,
  0x10C3, 0x10C3, 0x10C3, 0x10C3, 0x10C3, 0x10C3, 0x10C3, 0x10C3, 0x18C3, 0x18C3, 0x18C3, 0x10C3,
  0x10C3, 0x10C3, 0x10C3, 0x10C3, 0x10C3, 0x10C3, 0x10C3, 0x10C3, 0x10C3, 0x10C3, 0x18C3, 0x18C3,
  0x18C3, 0x18C3, 0x18C3, 0x18C3, 0x18C3, 0x18C3, 0x18C3, 0x18C3, 0x18C3, 0x18C3, 0x18C3, 0x18C3,
  0x18C3, 0x18C3, 0x18C3, 0x18E3, 0x18E3, 0x18C3, 0x18C3, 0x18C3, 0x18C3, 0x10C3, 0x10C3, 0x10C3,
  0x10C3, 0x10C3, 0x10C3, 0x10C3, 0x10C3, 0x10C3, 0x10C3, 0x10C3, 0x10C3, 0x10C3, 0x10C3, 0x10C3,
  0x10C3, 0x10C3, 0x10C3, 0x10C3, 0x10C3, 0x10C3, 0x18C3, 0x18C3, 0x18C3, 0x10C3, 0x18C3, 0x10C3,
  0x10C3, 0x10C3, 0x18C3, 0x18C3, 0x18C3, 0x18C3, 0x18C3, 0x18C3, 0x18C3, 0x18C3, 0x18C3, 0x18C3,
  0x18C3, 0x18C3, 0x18C3, 0x18C3, 0x18C3, 0x18C3, 0x18C3, 0x10C3, 0x10A3, 0x10C3, 0x18C3, 0x10C3,
  0x10A3, 0x10A3, 0x10A3, 0x10A3, 0x10A3, 0x10A3, 0x18C3, 0x18C3, 0x18C3, 0x18C3, 0x18C3, 0x18C3,
  0x18C3, 0x18C3, 0x18C3, 0x18C3, 0x18C3, 0x18C3, 0x18C3, 0x18C3, 0x18C3, 0x18C3, 0x18C3, 0x18C3,
  0x18C3, 0x18C3, 0x18C3, 0x18C3, 0x18C3, 0x18C3, 0x18C3, 0x18C3, 0x18C3, 0x18C3, 0x18C3, 0x18A2,
  0x18A2, 0x18A2, 0x18C3, 0x18A2, 0x18A2, 0x18A2, 0x18A2, 0x18A2, 0x18A2, 0x18A2, 0x18A2, 0x18A2,
  0x18A2, 0x18C3, 0x18C2, 0x18A2, 0x18C2, 0x18A2, 0x18A2, 0x18A2, 0x18A2, 0x18A2, 0x18A2, 0x18A2,
  0x18C2, 0x18C2, 0x18C2, 0x18C2, 0x18C2, 0x18C2, 0x18C2, 0x18A2, 0x18A2, 0x18A2, 0x18A2, 0x18A2,
  0x18A2, 0x18A2, 0x18A2, 0x18A2, 0x18A2, 0x18A2, 0x18A2, 0x18A2, 0x18A2, 0x18A2, 0x18A2, 0x18A2,
  0x18A2, 0x1882, 0x18A2, 0x18A2, 0x1881, 0x1882, 0x18A2, 0x18A2, 0x18A2, 0x18A2, 0x1882, 0x1860,
  0x2020, 0x2840, 0x2860, 0x1800, 0x0000, 0x50C0, 0xB4A8, 0xFF4F, 0xFF6D, 0xFF6D, 0xFF8F, 0xFFB0,
  0xFFB1, 0xFFD1, 0xFFD1, 0xFFB1, 0xFFB0, 0xFFAE, 0xFF8D, 0xFF8C, 0xFF6B, 0xFF6A, 0xFF49, 0xFF49,
  0xFF49, 0xFF48, 0xFF27, 0xFF05, 0xFEE4, 0xFEC2, 0xFE81, 0xFE60, 0xFE20, 0xFE00, 0xFDC0, 0xFD80,
  0xFD40, 0xFD00, 0xFCE0, 0xFCC0, 0xFCA0, 0xFC80, 0xFC60, 0xFC40, 0xFC20, 0xFC00, 0xFBE0, 0xFBA0,
  0xFBA0, 0xFBA0, 0xFBA0, 0xFBA0, 0xFBA0, 0xFBA0, 0xFBA0, 0xFBA0, 0xFBA0, 0xFBA0, 0xFB80, 0xFB60,
  0xFB40, 0xFB20, 0xFB00, 0xFAE0,
  0x021E, 0x021E, 0x023E, 0x021E, 0x021E, 0x021E, 0x01FE, 0x01DE, 0x01FE, 0x021E, 0x023F, 0x023F,
  0x025F, 0x025F, 0x027F, 0x029F, 0x02BF, 0x02FF, 0x033F, 0x037F, 0x039F, 0x03DF, 0x041F, 0x045F,
  0x047F, 0x049F, 0x04BF, 0x04FF, 0x051F, 0x053F, 0x055F, 0x055F, 0x057F, 0x057F, 0x059F, 0x05BF,
  0x05DF, 0x05FF, 0x05DF, 0x059F, 0x057F, 0x057F, 0x059F, 0x059F, 0x05BF, 0x05BF, 0x05BF, 0x059F,
  0x055F, 0x053F, 0x051F, 0x04DF, 0x043F, 0x043F, 0x03BD, 0x0234, 0x00A9, 0x0022, 0x0002, 0x0002,
  0x0002, 0x0001, 0x0001, 0x0001, 0x0001, 0x0001, 0x0001, 0x0001, 0x0001, 0x0001, 0x0001, 0x0001,
  0x0001, 0x0001, 0x0001, 0x0001, 0x0001, 0x0001, 0x0001, 0x0001, 0x0001, 0x0001, 0x0001, 0x0001,
  0x0001, 0x0001, 0x0001, 0x0001, 0x0001, 0x0001, 0x0001, 0x0001, 0x0001, 0x0001, 0x0001, 0x0001,
  0x0001, 0x0001, 0x0001, 0x0001, 0x0001, 0x0001, 0x0001, 0x0001, 0x0001, 0x0001, 0x0001, 0x0001,
  0x0001, 0x0001, 0x0001, 0x0001, 0x0001, 0x0001, 0x0001, 0x0001, 0x0001, 0x0001, 0x0001, 0x0001,
  0x0001, 0x0001, 0x0001, 0x0001, 0x0001, 0x0001, 0x0001, 0x0001, 0x0001, 0x0001, 0x0001, 0x0001,
  0x0001, 0x0001, 0x0001, 0x0001, 0x0001, 0x0001, 0x0001, 0x0001, 0x0001, 0x0001, 0x0001, 0x0001,
  0x0001, 0x0001, 0x0000, 0x0000, 0x0001, 0x0001, 0x0001, 0x0001, 0x0001, 0x0001, 0x0001, 0x0001,
  0x0001, 0x0001, 0x0001, 0x0001, 0x0001, 0x0001, 0x0001, 0x0000, 0x0001, 0x0001, 0x0000, 0x0000,
  0x0000, 0x0000, 0x0000, 0x0000, 0x0000, 0x0001, 0x0000, 0x0000, 0x0000, 0x0000, 0x0000, 0x0000,
  0x0000, 0x0000, 0x0000, 0x0000, 0x0000, 0x0000, 0x0000, 0x0000, 0x0000, 0x0000, 0x0000, 0x0000,
  0x0000, 0x0000, 0x0000, 0x0000, 0x0000, 0x0000, 0x0000, 0x0000, 0x0000, 0x0000, 0x0000, 0x0000,
  0x0000, 0x0000, 0x0000, 0x0000, 0x0000, 0x0000, 0x0000, 0x0000, 0x0000, 0x0000, 0x0000, 0x0000,
  0x0000, 0x0000, 0x0000, 0x0000, 0x0000, 0x0000, 0x0000, 0x0000, 0x0000, 0x0000, 0x0000, 0x0000,
  0x0000, 0x0000, 0x0000, 0x0000, 0x0000, 0x0000, 0x0000, 0x0000, 0x0000, 0x0000, 0x0000, 0x0000,
  0x0000, 0x0000, 0x0000, 0x0000, 0x0000, 0x0000, 0x0000, 0x0000, 0x0000, 0x0000, 0x0000, 0x0000,
  0x0000, 0x0000, 0x0000, 0x0000, 0x0000, 0x0000, 0x0000, 0x0000, 0x0000, 0x0000, 0x0000, 0x0000,
  0x0000, 0x0000, 0x0000, 0x0000, 0x0000, 0x0000, 0x0000, 0x0000, 0x0000, 0x0000, 0x0000, 0x0000,
  0x0000, 0x0000, 0x0000, 0x0000, 0x0000, 0x0000, 0x0000, 0x0000, 0x0000, 0x0000, 0x0000, 0x0000,
  0x0000, 0x0000, 0x0000, 0x0000, 0x0000, 0x0000, 0x0000, 0x0000, 0x0000, 0x0000, 0x0000, 0x0000,
  0x0800, 0x0800, 0x0800, 0x0800, 0x0800, 0x0800, 0x0800, 0x0800, 0x0800, 0x0800, 0x0800, 0x0800,
  0x0800, 0x0800, 0x0800, 0x0800, 0x0800, 0x0800, 0x0800, 0x0800, 0x0800, 0x0800, 0x1000, 0x1000,
  0x1000, 0x1000, 0x1000, 0x1000, 0x1020, 0x1020, 0x1020, 0x1820, 0x1820, 0x1820, 0x1820, 0x1820,
  0x1820, 0x2040, 0x2840, 0x5120, 0x8B00, 0xD524, 0xFEA8, 0xFEC6, 0xFEC8, 0xFF2A, 0xFF4A, 0xFF4B,
  0xFF6C, 0xFF6C, 0xFF8E, 0xFFAF, 0xFFD0, 0xFFAF, 0xFFAE, 0xFF8D, 0xFF6C, 0xFF6A, 0xFF27, 0xFF05,
  0xFEE4, 0xFEE4, 0xFEE4, 0xFEE4, 0xFEE4, 0xFEC3, 0xFEA2, 0xFE81, 0xFE60, 0xFE20, 0xFDE0, 0xFDA0,
  0xFD80, 0xFD40, 0xFD00, 0xFCC0, 0xFCA0, 0xFC60, 0xFC40, 0xFC00, 0xFBE0, 0xFBC0, 0xFBA0, 0xFB80,
  0xFB80, 0xFB60, 0xFB40, 0xFB40, 0xFB20, 0xFB20, 0xFAE0, 0xFAE0, 0xFAE0, 0xFAE0, 0xFAE0, 0xFB00,
  0xFB20, 0xFB20, 0xFB20, 0xFB00,
  0x01DD, 0x01BC, 0x019C, 0x019C, 0x019C, 0x01BC, 0x01BD, 0x01DD, 0x01DD, 0x01FD, 0x01FE, 0x021E,
  0x021F, 0x023F, 0x025F, 0x029F, 0x02DF, 0x031F, 0x033F, 0x037F, 0x03BF, 0x03FF, 0x041F, 0x043F,
  0x043F, 0x045F, 0x047F, 0x04BF, 0x04BF, 0x04DF, 0x04FF, 0x04FF, 0x051F, 0x051F, 0x055F, 0x057F,
  0x057F, 0x053F, 0x04FF, 0x04DF, 0x04FF, 0x04FF, 0x051F, 0x051F, 0x053F, 0x051F, 0x051F, 0x04DF,
  0x049F, 0x045F, 0x041F, 0x039F, 0x031E, 0x027C, 0x027C, 0x027A, 0x01B3, 0x0068, 0x0000, 0x0001,
  0x0000, 0x0000, 0x0000, 0x0001, 0x0001, 0x0001, 0x0001, 0x0000, 0x0000, 0x0000, 0x0000, 0x0000,
  0x0000, 0x0000, 0x0000, 0x0000, 0x0000, 0x0000, 0x0000, 0x0000, 0x0000, 0x0000, 0x0000, 0x0000,
  0x0000, 0x0000, 0x0000, 0x0000, 0x0000, 0x0000, 0x0000, 0x0000, 0x0000, 0x0000, 0x0000, 0x0000,
  0x0000, 0x0000, 0x0000, 0x0000, 0x0000, 0x0000, 0x0000, 0x0000, 0x0000, 0x0000, 0x0000, 0x0001,
  0x0001, 0x0001, 0x0000, 0x0000, 0x0000, 0x0000, 0x0000, 0x0000, 0x0000, 0x0000, 0x0000, 0x0000,
  0x0000, 0x0000, 0x0000, 0x0000, 0x0000, 0x0000, 0x0000, 0x0000, 0x0000, 0x0000, 0x0000, 0x0000,
  0x0000, 0x0000, 0x0000, 0x0000, 0x0000, 0x0000, 0x0000, 0x0000, 0x0000, 0x0000, 0x0000, 0x0000,
  0x0000, 0x0000, 0x0000, 0x0000, 0x0000, 0x0000, 0x0000, 0x0000, 0x0000, 0x0000, 0x0000, 0x0000,
  0x0000, 0x0000, 0x0000, 0x0000, 0x0000, 0x0000, 0x0000, 0x0000, 0x0000, 0x0000, 0x0000, 0x0000,
  0x0000, 0x0000, 0x0000, 0x0000, 0x0000, 0x0000, 0x0000, 0x0000, 0x0000, 0x0000, 0x0000, 0x0000,
  0x0000, 0x0000, 0x0000, 0x0000, 0x0000, 0x0000, 0x0000, 0x0000, 0x0000, 0x0000, 0x0000, 0x0000,
  0x0000, 0x0000, 0x0000, 0x0000, 0x0000, 0x0000, 0x0000, 0x0000, 0x0000, 0x0000, 0x0000, 0x0000,
  0x0000, 0x0000, 0x0000, 0x0000, 0x0000, 0x0000, 0x0000, 0x0000, 0x0000, 0x0000, 0x0000, 0x0000,
  0x0000, 0x0000, 0x0000, 0x0000, 0x0000, 0x0000, 0x0000, 0x0000, 0x0000, 0x0000, 0x0000, 0x0000,
  0x0000, 0x0000, 0x0000, 0x0000, 0x0000, 0x0000, 0x0000, 0x0000, 0x0000, 0x0000, 0x0000, 0x0000,
  0x0000, 0x0000, 0x0000, 0x0000, 0x0000, 0x0000, 0x0000, 0x0000, 0x0000, 0x0000, 0x0000, 0x0000,
  0x0000, 0x0000, 0x0000, 0x0000, 0x0000, 0x0000, 0x0000, 0x0000, 0x0000, 0x0000, 0x0000, 0x0000,
  0x0000, 0x0000, 0x0000, 0x0000, 0x0000, 0x0000, 0x0000, 0x0000, 0x0000, 0x0000, 0x0000, 0x0000,
  0x0000, 0x0000, 0x0000, 0x0000, 0x0000, 0x0000, 0x0000, 0x0000, 0x0000, 0x0000, 0x0000, 0x0000,
  0x0000, 0x0000, 0x0000, 0x0000, 0x0000, 0x0000, 0x0000, 0x0000, 0x0000, 0x0000, 0x0000, 0x0000,
  0x0000, 0x0000, 0x0000, 0x0000, 0x0000, 0x0000, 0x0000, 0x0000, 0x0000, 0x0000, 0x0000, 0x0000,
  0x0000, 0x0000, 0x0000, 0x0000, 0x0000, 0x0000, 0x0800, 0x0800, 0x0800, 0x0800, 0x0800, 0x0800,
  0x0800, 0x0800, 0x0800, 0x0800, 0x0800, 0x0800, 0x0800, 0x0800, 0x0800, 0x0800, 0x0800, 0x0000,
  0x0000, 0x0000, 0x50C0, 0xAAE0, 0xE4C1, 0xFD82, 0xFD60, 0xFDC3, 0xFE45, 0xFE86, 0xFEC7, 0xFEE8,
  0xFF08, 0xFF28, 0xFF28, 0xFF29, 0xFF6C, 0xFF8D, 0xFFAE, 0xFFAE, 0xFFAD, 0xFF8C, 0xFF6A, 0xFF49,
  0xFF06, 0xFEE3, 0xFEA0, 0xFE80, 0xFE80, 0xFE81, 0xFE81, 0xFE81, 0xFE61, 0xFE40, 0xFE00, 0xFDE0,
  0xFDA0, 0xFD60, 0xFD20, 0xFCE0, 0xFCC0, 0xFC80, 0xFC40, 0xFC00, 0xFBE0, 0xFBA0, 0xFB80, 0xFB60,
  0xFB40, 0xFB20, 0xFB00, 0xFB00, 0xFAE0, 0xFAE0, 0xFAC0, 0xFAA0, 0xFA80, 0xF280, 0xF260, 0xF260,
  0xF260, 0xEA80, 0xF280, 0xF280,
  0x015A, 0x017A, 0x017A, 0x019B, 0x019B, 0x01BB, 0x01BC, 0x01BC, 0x01BD, 0x01DD, 0x01FE, 0x021E,
  0x023F, 0x027F, 0x029F, 0x02DF, 0x02FF, 0x031F, 0x033F, 0x037F, 0x039F, 0x03BF, 0x03DF, 0x03DF,
  0x03FF, 0x041F, 0x043F, 0x043F, 0x045F, 0x047F, 0x049F, 0x04BF, 0x04DF, 0x051F, 0x053F, 0x04FF,
  0x049F, 0x045F, 0x045F, 0x047F, 0x047F, 0x047F, 0x049F, 0x049F, 0x049F, 0x049F, 0x049F, 0x047F,
  0x045F, 0x041F, 0x03DF, 0x037F, 0x031E, 0x029C, 0x0196, 0x00AF, 0x00AC, 0x0088, 0x0023, 0x0001,
  0x0001, 0x0000, 0x0000, 0x0000, 0x0000, 0x0000, 0x0000, 0x0000, 0x0000, 0x0000, 0x0000, 0x0000,
  0x0000, 0x0000, 0x0000, 0x0000, 0x0000, 0x0000, 0x0000, 0x0000, 0x0000, 0x0000, 0x0000, 0x0000,
  0x0000, 0x0000, 0x0000, 0x0000, 0x0000, 0x0000, 0x0000, 0x0000, 0x0000, 0x0000, 0x0000, 0x0000,
  0x0000, 0x0000, 0x0000, 0x0000, 0x0000, 0x0000, 0x0000, 0x0000, 0x0000, 0x0000, 0x0000, 0x0000,
  0x0000, 0x0000, 0x0000, 0x0000, 0x0000, 0x0000, 0x0000, 0x0000, 0x0000, 0x0000, 0x0000, 0x0000,
  0x0000, 0x0000, 0x0000, 0x0000, 0x0000, 0x0000, 0x0000, 0x0000, 0x0000, 0x0000, 0x0000, 0x0000,
  0x0000, 0x0000, 0x0000, 0x0000, 0x0000, 0x0000, 0x0000, 0x0000, 0x0000, 0x0000, 0x0000, 0x0000,
  0x0000, 0x0000, 0x0000, 0x0000, 0x0000, 0x0000, 0x0000, 0x0000, 0x0000, 0x0000, 0x0000, 0x0000,
  0x0000, 0x0000, 0x0000, 0x0000, 0x0000, 0x0000, 0x0000, 0x0000, 0x0000, 0x0000, 0x0000, 0x0000,
  0x0000, 0x0000, 0x0000, 0x0000, 0x0000, 0x0000, 0x0000, 0x0000, 0x0000, 0x0000, 0x0000, 0x0000,
  0x0000, 0x0000, 0x0000, 0x0000, 0x0000, 0x0000, 0x0000, 0x0000, 0x0000, 0x0000, 0x0000, 0x0000,
  0x0000, 0x0000, 0x0000, 0x0000, 0x0000, 0x0000, 0x0000, 0x0000, 0x0000, 0x0000, 0x0000, 0x0000,
  0x0000, 0x0000, 0x0000, 0x0000, 0x0000, 0x0000, 0x0000, 0x0000, 0x0000, 0x0000, 0x0000, 0x0000,
  0x0000, 0x0000, 0x0000, 0x0000, 0x0000, 0x0000, 0x0000, 0x0000, 0x0000, 0x0000, 0x0000, 0x0000,
  0x0000, 0x0000, 0x0000, 0x0000, 0x0000, 0x0000, 0x0000, 0x0000, 0x0000, 0x0000, 0x0000, 0x0000,
  0x0000, 0x0000, 0x0000, 0x0000, 0x0000, 0x0000, 0x0000, 0x0000, 0x0000, 0x0000, 0x0000, 0x0000,
  0x0000, 0x0000, 0x0000, 0x0000, 0x0000, 0x0000, 0x0000, 0x0000, 0x0000, 0x0000, 0x0000, 0x0000,
  0x0000, 0x0000, 0x0000, 0x0000, 0x0000, 0x0000, 0x0000, 0x0000, 0x0000, 0x0000, 0x0000, 0x0000,
  0x0000, 0x0000, 0x0000, 0x0000, 0x0000, 0x0000, 0x0000, 0x0000, 0x0000, 0x0000, 0x0000, 0x0000,
  0x0000, 0x0000, 0x0000, 0x0000, 0x0000, 0x0000, 0x0000, 0x0000, 0x0000, 0x0000, 0x0000, 0x0000,
  0x0000, 0x0000, 0x0000, 0x0000, 0x0000, 0x0000, 0x0000, 0x0000, 0x0000, 0x0000, 0x0000, 0x0000,
  0x0000, 0x0000, 0x0000, 0x0000, 0x0000, 0x0000, 0x0000, 0x0000, 0x0000, 0x0000, 0x0000, 0x0000,
  0x0000, 0x0000, 0x0000, 0x0000, 0x0000, 0x0000, 0x0000, 0x0000, 0x0000, 0x0000, 0x0800, 0x1020,
  0x2020, 0x2860, 0x6120, 0x9A00, 0xBA80, 0xE340, 0xFCE2, 0xFDE4, 0xFE25, 0xFE45, 0xFE85, 0xFEA6,
  0xFEC6, 0xFEE6, 0xFEE7, 0xFEE6, 0xFEE5, 0xFF07, 0xFF4B, 0xFF8D, 0xFFAD, 0xFF8C, 0xFF8A, 0xFF6A,
  0xFF69, 0xFF48, 0xFF26, 0xFEC3, 0xFE80, 0xFE60, 0xFE40, 0xFE20, 0xFE20, 0xFE20, 0xFE00, 0xFE00,
  0xFDC0, 0xFD80, 0xFD40, 0xFD00, 0xFCE0, 0xFCA0, 0xFC60, 0xFC40, 0xFC00, 0xFBC0, 0xFBA0, 0xFB60,
  0xFB40, 0xFB00, 0xFAE0, 0xFAC0, 0xFAC0, 0xFAA0, 0xF280, 0xF280, 0xF260, 0xEA60, 0xEA40, 0xE220,
  0xDA00, 0xD9E0, 0xD1E0, 0xD1C0,
  0x0179, 0x017A, 0x017A, 0x019A, 0x019B, 0x019B, 0x01BB, 0x01BC, 0x01BC, 0x01DD, 0x021E, 0x025F,
  0x029F, 0x02BF, 0x02BF, 0x02DF, 0x02FF, 0x031F, 0x033F, 0x035F, 0x037F, 0x037F, 0x039F, 0x039F,
  0x03BF, 0x03DF, 0x03DF, 0x03FF, 0x043F, 0x045F, 0x049F, 0x04BF, 0x04DF, 0x04BF, 0x045F, 0x03FF,
  0x03DF, 0x03FF, 0x03FF, 0x03FF, 0x03FF, 0x041F, 0x041F, 0x043F, 0x045F, 0x047F, 0x049F, 0x04DF,
  0x04DF, 0x04DF, 0x04BF, 0x049F, 0x03DF, 0x027B, 0x0153, 0x00EB, 0x0087, 0x0067, 0x0067, 0x0066,
  0x0045, 0x0004, 0x0004, 0x10A4, 0x1905, 0x2145, 0x2145, 0x1905, 0x0884, 0x0002, 0x0002, 0x0023,
  0x0023, 0x0023, 0x0023, 0x0023, 0x0022, 0x0023, 0x0022, 0x0022, 0x0023, 0x0023, 0x0023, 0x0023,
  0x0022, 0x0022, 0x0022, 0x0022, 0x0022, 0x0022, 0x0022, 0x0022, 0x0022, 0x0022, 0x0023, 0x0022,
  0x0022, 0x0022, 0x0022, 0x0023, 0x0023, 0x0023, 0x0022, 0x0022, 0x0022, 0x0022, 0x0022, 0x0023,
  0x0023, 0x0023, 0x0023, 0x0023, 0x0023, 0x0023, 0x0023, 0x0023, 0x0023, 0x0023, 0x0023, 0x0023,
  0x0023, 0x0023, 0x0023, 0x0023, 0x0023, 0x0023, 0x0023, 0x0022, 0x0022, 0x0023, 0x0023, 0x0022,
  0x0022, 0x0022, 0x0023, 0x0002, 0x0002, 0x0063, 0x1904, 0x2145, 0x2145, 0x2125, 0x18E4, 0x0042,
  0x0001, 0x0002, 0x0022, 0x0022, 0x0022, 0x0022, 0x0022, 0x0022, 0x0022, 0x0022, 0x0022, 0x0022,
  0x0022, 0x0022, 0x0022, 0x0022, 0x0022, 0x0022, 0x0022, 0x0022, 0x0022, 0x0022, 0x0022, 0x0022,
  0x0022, 0x0022, 0x0022, 0x0022, 0x0022, 0x0022, 0x0022, 0x0022, 0x0022, 0x0022, 0x0022, 0x0022,
  0x0022, 0x0022, 0x0022, 0x0022, 0x0022, 0x0022, 0x0022, 0x0022, 0x0022, 0x0022, 0x0022, 0x0022,
  0x0022, 0x0022, 0x0022, 0x0022, 0x0022, 0x0022, 0x0022, 0x0022, 0x0022, 0x0022, 0x0022, 0x0022,
  0x0022, 0x0022, 0x0022, 0x0022, 0x0021, 0x0021, 0x0021, 0x0021, 0x0021, 0x0021, 0x0021, 0x0021,
  0x0041, 0x0001, 0x0000, 0x0042, 0x18E4, 0x2125, 0x2145, 0x2124, 0x18C3, 0x0021, 0x0000, 0x0021,
  0x0021, 0x0021, 0x0021, 0x0021, 0x0021, 0x0021, 0x0021, 0x0021, 0x0021, 0x0021, 0x0021, 0x0021,
  0x0821, 0x0821, 0x0821, 0x0821, 0x0821, 0x0821, 0x0821, 0x0021, 0x0021, 0x0821, 0x0021, 0x0821,
  0x0821, 0x0821, 0x0821, 0x0821, 0x0821, 0x0821, 0x0821, 0x0821, 0x0841, 0x0841, 0x1041, 0x1041,
  0x1041, 0x1041, 0x1041, 0x1041, 0x1041, 0x1041, 0x1020, 0x1041, 0x1041, 0x1041, 0x1041, 0x1041,
  0x1041, 0x1041, 0x1041, 0x1041, 0x1041, 0x1020, 0x0800, 0x1020, 0x20E3, 0x2924, 0x2945, 0x2944,
  0x2103, 0x1061, 0x0800, 0x1000, 0x1041, 0x1040, 0x1040, 0x1040, 0x1040, 0x1040, 0x1040, 0x1840,
  0x1840, 0x1840, 0x1840, 0x1840, 0x1840, 0x1840, 0x1840, 0x1840, 0x1840, 0x1840, 0x1840, 0x1840,
  0x1840, 0x1840, 0x2040, 0x2040, 0x2040, 0x2040, 0x2040, 0x2040, 0x2040, 0x2040, 0x2040, 0x2040,
  0x2040, 0x2840, 0x2840, 0x2860, 0x2860, 0x2860, 0x3060, 0x3060, 0x3080, 0x3880, 0x40A0, 0x48C0,
  0x58E0, 0x6920, 0x6920, 0x78E0, 0xA180, 0xD2A0, 0xFC40, 0xFE03, 0xFEE7, 0xFF08, 0xFEE8, 0xFF08,
  0xFEE6, 0xFEC5, 0xFEC5, 0xFEC5, 0xFEC5, 0xFEA3, 0xFEA0, 0xFEC6, 0xFF09, 0xFF4B, 0xFF8B, 0xFF8A,
  0xFF68, 0xFF68, 0xFF47, 0xFF46, 0xFF04, 0xFEE3, 0xFE81, 0xFE20, 0xFDE0, 0xFDC0, 0xFDA0, 0xFDA0,
  0xFDA0, 0xFD80, 0xFD60, 0xFD40, 0xFD20, 0xFCE0, 0xFCA0, 0xFC60, 0xFC20, 0xFBE0, 0xFBA0, 0xFB80,
  0xFB60, 0xFB40, 0xFB00, 0xFAC0, 0xFAA0, 0xF280, 0xF260, 0xEA60, 0xEA40, 0xE240, 0xE220, 0xDA00,
  0xD1E0, 0xD1E0, 0xC9C0, 0xC9A0,
  0x0159, 0x0179, 0x017A, 0x017A, 0x019A, 0x019B, 0x01BB, 0x01DC, 0x01FE, 0x023E, 0x025F, 0x027F,
  0x029F, 0x029F, 0x02BF, 0x02BF, 0x02DF, 0x031F, 0x033F, 0x033F, 0x035F, 0x035F, 0x035F, 0x035F,
  0x039F, 0x039F, 0x03BF, 0x03FF, 0x043F, 0x049F, 0x04BF, 0x049F, 0x041F, 0x039F, 0x035F, 0x037F,
  0x037F, 0x037F, 0x039F, 0x039F, 0x03BF, 0x03DF, 0x03FF, 0x041F, 0x043F, 0x047F, 0x04BF, 0x04DF,
  0x04FF, 0x04FF, 0x04FF, 0x045F, 0x029C, 0x0135, 0x0130, 0x010E, 0x00CC, 0x00AA, 0x00A9, 0x0068,
  0x0067, 0x2168, 0x2989, 0x00A8, 0x0006, 0x0004, 0x0004, 0x0004, 0x00C7, 0x2988, 0x2148, 0x0066,
  0x0046, 0x0086, 0x0086, 0x0086, 0x0066, 0x0066, 0x0066, 0x0086, 0x0066, 0x0086, 0x0066, 0x0066,
  0x0066, 0x0066, 0x0086, 0x0086, 0x0086, 0x0086, 0x0086, 0x0066, 0x0066, 0x0086, 0x0086, 0x0086,
  0x0086, 0x0086, 0x0086, 0x0086, 0x0086, 0x0086, 0x0086, 0x0086, 0x0086, 0x0086, 0x0086, 0x0086,
  0x0086, 0x0086, 0x0086, 0x0086, 0x0086, 0x0086, 0x0086, 0x0086, 0x0086, 0x0086, 0x0086, 0x0086,
  0x0086, 0x0086, 0x0086, 0x0086, 0x0086, 0x0086, 0x0086, 0x0085, 0x0085, 0x0085, 0x0086, 0x0085,
  0x0085, 0x0085, 0x0005, 0x1906, 0x2988, 0x1926, 0x0002, 0x0000, 0x0000, 0x0000, 0x0003, 0x2147,
  0x2988, 0x10E6, 0x0025, 0x0065, 0x0065, 0x0065, 0x0065, 0x0065, 0x0065, 0x0065, 0x0065, 0x0065,
  0x0065, 0x0065, 0x0065, 0x0065, 0x0065, 0x0065, 0x0065, 0x0065, 0x0065, 0x0085, 0x0065, 0x0065,
  0x0065, 0x0065, 0x0065, 0x0065, 0x0065, 0x0065, 0x0065, 0x0065, 0x0065, 0x0065, 0x0064, 0x0064,
  0x0064, 0x0064, 0x0064, 0x0064, 0x0064, 0x0064, 0x0064, 0x0064, 0x0064, 0x0064, 0x0064, 0x0064,
  0x0084, 0x0064, 0x0064, 0x0064, 0x0064, 0x0064, 0x0064, 0x0064, 0x0064, 0x0064, 0x0063, 0x0063,
  0x0063, 0x0863, 0x0863, 0x0863, 0x0883, 0x0883, 0x0883, 0x0883, 0x0883, 0x0883, 0x0883, 0x0883,
  0x0022, 0x18E4, 0x3186, 0x2125, 0x0000, 0x0000, 0x0000, 0x0000, 0x0000, 0x2966, 0x3186, 0x18C4,
  0x0022, 0x1083, 0x1083, 0x1083, 0x1083, 0x1083, 0x1083, 0x1083, 0x1083, 0x1083, 0x1083, 0x1083,
  0x1883, 0x1083, 0x1083, 0x1883, 0x1883, 0x1882, 0x1882, 0x1882, 0x1882, 0x1882, 0x1882, 0x1882,
  0x1882, 0x1882, 0x1882, 0x1882, 0x1882, 0x2082, 0x2082, 0x2082, 0x20A2, 0x20A2, 0x20A2, 0x20A2,
  0x20A2, 0x20A2, 0x28A2, 0x28A2, 0x28A2, 0x28A2, 0x28A2, 0x28A2, 0x28A2, 0x28A2, 0x28A2, 0x28A2,
  0x28A2, 0x28A2, 0x28A2, 0x28A2, 0x2061, 0x28E3, 0x3986, 0x3965, 0x1800, 0x0000, 0x0000, 0x0000,
  0x0800, 0x3144, 0x39A6, 0x3104, 0x2840, 0x28A1, 0x28A2, 0x28A1, 0x28A1, 0x28A1, 0x30A1, 0x30A1,
  0x30A1, 0x30A1, 0x30A1, 0x30A1, 0x30A1, 0x30A1, 0x30A1, 0x38A1, 0x38A1, 0x38A1, 0x38A1, 0x38A1,
  0x38A1, 0x38A0, 0x38A0, 0x38A0, 0x38A0, 0x38A0, 0x38A0, 0x40A0, 0x40A0, 0x40A0, 0x40A0, 0x40A0,
  0x40A0, 0x48A0, 0x48C0, 0x48C0, 0x50C0, 0x50C0, 0x50C0, 0x50E0, 0x58E0, 0x6100, 0x6100, 0x6900,
  0x7120, 0x7940, 0x8160, 0x89A0, 0x99C0, 0xB220, 0xDAA0, 0xF400, 0xFE04, 0xFF28, 0xFF29, 0xFF29,
  0xFF28, 0xFEE6, 0xFEA4, 0xFEA3, 0xFE82, 0xFE83, 0xFE62, 0xFE40, 0xFE40, 0xFE43, 0xFEC8, 0xFF2A,
  0xFF6A, 0xFF68, 0xFF46, 0xFF24, 0xFF24, 0xFF45, 0xFF23, 0xFEE2, 0xFE81, 0xFE20, 0xFDC0, 0xFD80,
  0xFD40, 0xFD20, 0xFD20, 0xFD20, 0xFD20, 0xFD00, 0xFCE0, 0xFCA0, 0xFC60, 0xFC20, 0xFBE0, 0xFBA0,
  0xFB80, 0xFB60, 0xFB40, 0xFB00, 0xFAC0, 0xF280, 0xF260, 0xEA40, 0xE240, 0xDA20, 0xDA00, 0xD1E0,
  0xC9C0, 0xC9C0, 0xC1A0, 0xC1A0,
  0x0159, 0x0159, 0x0179, 0x017A, 0x019B, 0x01BC, 0x01DD, 0x021E, 0x023F, 0x025F, 0x025F, 0x025F,
  0x027F, 0x02BF, 0x02BF, 0x02DF, 0x02FF, 0x02FF, 0x031F, 0x031F, 0x031F, 0x031F, 0x033F, 0x035F,
  0x037F, 0x039F, 0x03DF, 0x043F, 0x049F, 0x04BF, 0x045F, 0x03BF, 0x031F, 0x031F, 0x033F, 0x031F,
  0x031F, 0x033F, 0x033F, 0x035F, 0x037F, 0x039F, 0x03BF, 0x03DF, 0x03FF, 0x045F, 0x049F, 0x04BF,
  0x04DF, 0x04DF, 0x047F, 0x02BD, 0x0118, 0x0152, 0x012F, 0x00ED, 0x00CC, 0x00CB, 0x006A, 0x112B,
  0x21AC, 0x000A, 0x0006, 0x0008, 0x008B, 0x31EC, 0x31EC, 0x0009, 0x0004, 0x0000, 0x0007, 0x21AA,
  0x1929, 0x0088, 0x00A8, 0x00A8, 0x00A8, 0x00A8, 0x00A8, 0x00A8, 0x00A8, 0x00A8, 0x00A8, 0x00A8,
  0x00A8, 0x00A8, 0x00A8, 0x00A8, 0x00A8, 0x00A8, 0x00A8, 0x00A8, 0x00A8, 0x00A8, 0x00A8, 0x00A8,
  0x00A8, 0x00A8, 0x00A8, 0x00A8, 0x00A8, 0x00A8, 0x00A8, 0x00A7, 0x00A8, 0x00A8, 0x00A8, 0x00A8,
  0x00A8, 0x00A8, 0x00A8, 0x00A8, 0x00A8, 0x00A8, 0x00A8, 0x00A8, 0x00A8, 0x00A8, 0x00A8, 0x00A8,
  0x00A8, 0x00A7, 0x00A7, 0x00A7, 0x00A7, 0x00A7, 0x00A7, 0x00A7, 0x00A7, 0x00A7, 0x00A7, 0x00A7,
  0x0067, 0x00A7, 0x29A9, 0x0006, 0x0000, 0x0000, 0x0006, 0x098A, 0x19EA, 0x0149, 0x0005, 0x0000,
  0x0000, 0x00C7, 0x2989, 0x0087, 0x0067, 0x00A7, 0x0086, 0x0086, 0x0086, 0x0086, 0x0087, 0x00A7,
  0x0086, 0x00A6, 0x00A6, 0x0086, 0x00A6, 0x00A6, 0x00A6, 0x00A6, 0x00A6, 0x00A6, 0x00A6, 0x0086,
  0x0086, 0x00A6, 0x0086, 0x0086, 0x0086, 0x0086, 0x0086, 0x0086, 0x0086, 0x0086, 0x0086, 0x0086,
  0x0085, 0x0085, 0x0085, 0x0085, 0x0085, 0x0085, 0x0085, 0x0085, 0x0085, 0x0085, 0x0085, 0x00A5,
  0x00A6, 0x00A5, 0x00A5, 0x00A5, 0x0085, 0x0885, 0x0885, 0x08A5, 0x08A5, 0x08A4, 0x08A4, 0x08A4,
  0x0884, 0x0884, 0x0884, 0x0884, 0x08A4, 0x10A4, 0x10A4, 0x10A4, 0x10A4, 0x10A4, 0x0883, 0x1084,
  0x31A6, 0x1083, 0x0000, 0x0000, 0x0000, 0x3147, 0x3987, 0x1884, 0x0000, 0x0000, 0x0000, 0x2125,
  0x2966, 0x1083, 0x10A3, 0x18A4, 0x18A4, 0x18A3, 0x18A3, 0x18A3, 0x18A3, 0x18A3, 0x18A3, 0x18A3,
  0x18A3, 0x18A3, 0x18A3, 0x18A3, 0x18A3, 0x20A3, 0x20A3, 0x20A3, 0x20A3, 0x20A3, 0x20A3, 0x20A3,
  0x20A3, 0x20A3, 0x20C3, 0x28C3, 0x28C3, 0x28C3, 0x28C3, 0x28C3, 0x28C3, 0x28C3, 0x28C3, 0x30C3,
  0x30C3, 0x30C3, 0x30C2, 0x30C2, 0x30C2, 0x30C2, 0x30C2, 0x30C2, 0x30C2, 0x30E2, 0x30E2, 0x38E2,
  0x38E2, 0x38E2, 0x30C2, 0x30C2, 0x49A5, 0x4164, 0x0000, 0x0000, 0x0000, 0x3902, 0x49E6, 0x49A4,
  0x2000, 0x0000, 0x0000, 0x3020, 0x49A6, 0x38E2, 0x38A0, 0x38E2, 0x38C1, 0x38C1, 0x38C1, 0x38C1,
  0x38C1, 0x40C1, 0x40C1, 0x40C1, 0x40C1, 0x40C1, 0x40C1, 0x40C1, 0x40C1, 0x40C1, 0x48C1, 0x48C1,
  0x48C1, 0x48C0, 0x48C0, 0x48C0, 0x48C0, 0x48C0, 0x48C0, 0x48C0, 0x48C0, 0x50C0, 0x50C0, 0x50C0,
  0x50C0, 0x58C0, 0x58E0, 0x58E0, 0x58E0, 0x60E0, 0x60E0, 0x6100, 0x6900, 0x6900, 0x7120, 0x7120,
  0x7120, 0x7940, 0x7940, 0x8160, 0x8980, 0xA1C0, 0xBA40, 0xDAC0, 0xFC00, 0xFE25, 0xFF4A, 0xFF4A,
  0xFF4A, 0xFF28, 0xFEE6, 0xFEA4, 0xFE62, 0xFE61, 0xFE20, 0xFE01, 0xFE02, 0xFDE0, 0xFDC0, 0xFDE1,
  0xFE67, 0xFF09, 0xFF49, 0xFF67, 0xFF45, 0xFF23, 0xFF23, 0xFF23, 0xFF23, 0xFF01, 0xFEA0, 0xFE40,
  0xFDE0, 0xFD60, 0xFD00, 0xFCC0, 0xFCC0, 0xFCC0, 0xFCA0, 0xFC80, 0xFC60, 0xFC40, 0xFC20, 0xFC00,
  0xFBE0, 0xFBA0, 0xFB60, 0xFB40, 0xFB20, 0xFB00, 0xF2A0, 0xEA60, 0xE220, 0xDA00, 0xD1E0, 0xD1E0,
  0xC9C0, 0xC1A0, 0xC180, 0xB980,
  0x0158, 0x0159, 0x017A, 0x019B, 0x01DD, 0x01FE, 0x021E, 0x023E, 0x023E, 0x023E, 0x023F, 0x027F,
  0x02BF, 0x02BF, 0x029F, 0x02BF, 0x02BF, 0x02BF, 0x02BF, 0x02DF, 0x02FF, 0x031F, 0x033F, 0x035F,
  0x039F, 0x03FF, 0x045F, 0x049F, 0x047F, 0x03DF, 0x033F, 0x02DF, 0x02DF, 0x02DF, 0x02DF, 0x02DF,
  0x02DF, 0x02DF, 0x02FF, 0x031F, 0x033F, 0x035F, 0x037F, 0x039F, 0x03DF, 0x043F, 0x047F, 0x04BF,
  0x04DF, 0x049F, 0x035F, 0x01BB, 0x01B6, 0x0152, 0x010F, 0x00EE, 0x00ED, 0x008C, 0x21AF, 0x0131,
  0x000F, 0x31D1, 0x8C95, 0xADB7, 0xB619, 0xBE5A, 0xC65A, 0xBE19, 0xAD96, 0x8C73, 0x296D, 0x0009,
  0x00EC, 0x218D, 0x00CB, 0x00EB, 0x00EB, 0x00EB, 0x00EB, 0x00EC, 0x00EC, 0x00EB, 0x00EC, 0x00EC,
  0x00EC, 0x00EC, 0x00EC, 0x010C, 0x010C, 0x010C, 0x010C, 0x00EC, 0x00EB, 0x00EB, 0x00EB, 0x00EB,
  0x00EB, 0x00EB, 0x00EB, 0x00EB, 0x00EB, 0x00EB, 0x00EB, 0x00EB, 0x00EB, 0x00EB, 0x00EB, 0x00EB,
  0x00EB, 0x00EB, 0x00EB, 0x00EB, 0x00EA, 0x00EB, 0x00EB, 0x00EA, 0x00EA, 0x00EA, 0x00EA, 0x00CA,
  0x00EA, 0x00EA, 0x00C9, 0x00C9, 0x00C9, 0x00C9, 0x00C9, 0x00C9, 0x00C9, 0x00C9, 0x00E9, 0x0089,
  0x194A, 0x218B, 0x0003, 0x0002, 0x638F, 0x9D55, 0xC638, 0xCE79, 0xCE79, 0xCE79, 0xBE18, 0x9D35,
  0x5B4F, 0x0002, 0x0005, 0x218A, 0x0909, 0x00A9, 0x00E9, 0x00E9, 0x00C9, 0x00C9, 0x00C9, 0x00C9,
  0x00C9, 0x00C9, 0x00C9, 0x00C9, 0x00C9, 0x00E9, 0x00C9, 0x00E9, 0x00E9, 0x00E9, 0x00C9, 0x00E9,
  0x00C9, 0x00C9, 0x00C9, 0x00C9, 0x00C9, 0x00C9, 0x00C8, 0x00C8, 0x00C8, 0x00C8, 0x00C8, 0x00C8,
  0x00C8, 0x00C8, 0x00C8, 0x00C7, 0x08C7, 0x08C7, 0x08C7, 0x08C7, 0x08C7, 0x08C7, 0x08C7, 0x08C7,
  0x08C7, 0x08C7, 0x10C7, 0x10C7, 0x10C6, 0x10C6, 0x18C5, 0x18C4, 0x18C5, 0x18C5, 0x18C4, 0x20C4,
  0x20C5, 0x20C4, 0x20C4, 0x20C4, 0x18C4, 0x18C4, 0x18C4, 0x20C4, 0x20E4, 0x1884, 0x2925, 0x39A6,
  0x0000, 0x0000, 0x6B4D, 0xA514, 0xC617, 0xCE59, 0xCE58, 0xC618, 0xBDB6, 0x9CD3, 0x62EC, 0x0000,
  0x0000, 0x39A6, 0x28E4, 0x28C4, 0x28E4, 0x28E4, 0x28E4, 0x28C4, 0x28E4, 0x28E4, 0x30E4, 0x30E4,
  0x30E4, 0x30E4, 0x30E4, 0x30E4, 0x30E3, 0x30E3, 0x30E3, 0x30E3, 0x30E3, 0x30E3, 0x38E3, 0x38E3,
  0x38E3, 0x38E3, 0x38E3, 0x38E3, 0x4103, 0x4103, 0x4103, 0x4103, 0x4103, 0x4103, 0x4103, 0x4103,
  0x4103, 0x4103, 0x40E3, 0x4102, 0x4103, 0x4903, 0x4903, 0x4903, 0x4903, 0x4903, 0x5103, 0x5102,
  0x5123, 0x50E2, 0x5123, 0x61C6, 0x4000, 0x2000, 0x72EA, 0xAD12, 0xBDD6, 0xCE38, 0xCE58, 0xCE59,
  0xC637, 0xAD53, 0x83AD, 0x2800, 0x2000, 0x5985, 0x5964, 0x50A0, 0x5102, 0x5101, 0x5101, 0x5902,
  0x5902, 0x5901, 0x5901, 0x5901, 0x5901, 0x6101, 0x6101, 0x6101, 0x6101, 0x6101, 0x6101, 0x6900,
  0x6900, 0x6900, 0x6900, 0x6900, 0x6900, 0x7100, 0x7120, 0x7120, 0x7120, 0x7120, 0x7120, 0x7120,
  0x7120, 0x7920, 0x7920, 0x7120, 0x7920, 0x7920, 0x7920, 0x7920, 0x8140, 0x8160, 0x8140, 0x7940,
  0x7940, 0x7940, 0x7940, 0x8160, 0x8980, 0x99C0, 0xAA00, 0xC260, 0xE340, 0xFC80, 0xFE87, 0xFF6B,
  0xFF4B, 0xFF29, 0xFEE7, 0xFEC5, 0xFE84, 0xFE42, 0xFE00, 0xFDE0, 0xFDE0, 0xFDC1, 0xFDC2, 0xFD80,
  0xFD80, 0xFDA0, 0xFE26, 0xFEC9, 0xFF48, 0xFF66, 0xFF44, 0xFF21, 0xFF02, 0xFF23, 0xFF21, 0xFF00,
  0xFEE0, 0xFE80, 0xFE20, 0xFDA0, 0xFD00, 0xFC80, 0xFC60, 0xFC40, 0xFC40, 0xFC00, 0xFBE0, 0xFBE0,
  0xFBC0, 0xFBC0, 0xFBA0, 0xFB60, 0xFB40, 0xFB40, 0xFB20, 0xFAE0, 0xF2A0, 0xEA40, 0xDA00, 0xD1C0,
  0xC9A0, 0xC1A0, 0xB980, 0xB980,
  0x017A, 0x019B, 0x01BD, 0x01FE, 0x021E, 0x021E, 0x021E, 0x021E, 0x021E, 0x025F, 0x027F, 0x029F,
  0x029E, 0x027E, 0x025E, 0x027F, 0x027F, 0x029F, 0x02BF, 0x02DF, 0x02FF, 0x033F, 0x039F, 0x03FF,
  0x043F, 0x047F, 0x045F, 0x03FF, 0x033F, 0x02BF, 0x029F, 0x029E, 0x027E, 0x027E, 0x029F, 0x029E,
  0x029E, 0x02BF, 0x02BF, 0x02DF, 0x02FF, 0x031F, 0x035F, 0x037F, 0x03BF, 0x041F, 0x047F, 0x049F,
  0x04BF, 0x03FF, 0x025E, 0x01B9, 0x0175, 0x0132, 0x010F, 0x010E, 0x008E, 0x19D0, 0x0012, 0x0013,
  0x84B8, 0xC6BC, 0xCEFD, 0xB69E, 0x9E1E, 0x95FD, 0x9E1E, 0xAE5E, 0xC6BE, 0xD6FD, 0xCE9B, 0x8C95,
  0x000E, 0x000F, 0x19AF, 0x010E, 0x010E, 0x012E, 0x012E, 0x012E, 0x012E, 0x012E, 0x012E, 0x012E,
  0x012E, 0x012E, 0x012E, 0x012E, 0x012E, 0x014F, 0x014F, 0x012E, 0x012E, 0x012E, 0x012E, 0x012E,
  0x012E, 0x012E, 0x012E, 0x012E, 0x012E, 0x012E, 0x012E, 0x012E, 0x012E, 0x012E, 0x012E, 0x012E,
  0x012E, 0x012E, 0x012E, 0x012D, 0x012D, 0x012D, 0x012D, 0x010D, 0x010D, 0x010D, 0x010D, 0x012D,
  0x012D, 0x010D, 0x010C, 0x010C, 0x010C, 0x010C, 0x010C, 0x010C, 0x010C, 0x010C, 0x00CB, 0x198C,
  0x116D, 0x0009, 0x5B50, 0xBE38, 0xE6D9, 0xF6B8, 0xFE55, 0xFE14, 0xFDF4, 0xFE14, 0xFE76, 0xF6B9,
  0xE6DA, 0xB5F7, 0x3A4D, 0x0006, 0x196C, 0x114C, 0x00EC, 0x010C, 0x010C, 0x010C, 0x010C, 0x010C,
  0x010C, 0x010C, 0x010C, 0x010C, 0x010C, 0x010C, 0x010C, 0x010B, 0x010B, 0x010B, 0x010B, 0x010B,
  0x010B, 0x010B, 0x010B, 0x010B, 0x010B, 0x010B, 0x010A, 0x010B, 0x010B, 0x010A, 0x010A, 0x010A,
  0x00EA, 0x08E9, 0x08E9, 0x0909, 0x1109, 0x1109, 0x1109, 0x1109, 0x1109, 0x10E9, 0x1109, 0x1108,
  0x10E8, 0x10E8, 0x10E8, 0x10E8, 0x10E8, 0x18E7, 0x20E5, 0x28E4, 0x28E5, 0x28E4, 0x28E4, 0x28E4,
  0x28E5, 0x28E5, 0x28E4, 0x28E4, 0x28E4, 0x28E4, 0x28E4, 0x28E4, 0x20A4, 0x3145, 0x3165, 0x0000,
  0x5ACB, 0xBDF6, 0xD6F9, 0xCEF8, 0xBEF6, 0xB6F4, 0xAEF4, 0xB6F5, 0xC6F7, 0xD6F9, 0xD6DA, 0xB576,
  0x3966, 0x0000, 0x4186, 0x3925, 0x30E4, 0x3904, 0x3904, 0x3904, 0x3904, 0x3904, 0x3904, 0x3904,
  0x3904, 0x3904, 0x3904, 0x3904, 0x4104, 0x4104, 0x4103, 0x4103, 0x4103, 0x4103, 0x4903, 0x4903,
  0x4903, 0x4903, 0x4903, 0x4903, 0x4923, 0x5123, 0x5123, 0x5123, 0x5123, 0x5123, 0x5123, 0x5103,
  0x5103, 0x5103, 0x5103, 0x5103, 0x5123, 0x5123, 0x5923, 0x5923, 0x5923, 0x5923, 0x5923, 0x5923,
  0x5902, 0x5943, 0x61A5, 0x4000, 0x6985, 0xC5B5, 0xE6FB, 0xDEBC, 0xD61D, 0xCD7D, 0xCD5D, 0xD59E,
  0xDE1E, 0xDE9D, 0xDEDB, 0xCE37, 0x834C, 0x3000, 0x6143, 0x6184, 0x60E0, 0x6122, 0x6921, 0x6922,
  0x6922, 0x6922, 0x6921, 0x6921, 0x6921, 0x6921, 0x6921, 0x6921, 0x7121, 0x7121, 0x7121, 0x7921,
  0x7920, 0x7940, 0x7940, 0x7920, 0x7940, 0x8140, 0x8140, 0x8140, 0x8140, 0x8140, 0x8140, 0x8140,
  0x8140, 0x8140, 0x8140, 0x8140, 0x8940, 0x8940, 0x8960, 0x8960, 0x8960, 0x9180, 0x8960, 0x8960,
  0x8160, 0x8160, 0x8140, 0x8160, 0x8160, 0x91A0, 0xA1E0, 0xBA40, 0xD2C0, 0xEBA0, 0xFD40, 0xFF2B,
  0xFF8E, 0xFF4C, 0xFF29, 0xFEC6, 0xFEA4, 0xFE63, 0xFE21, 0xFDE0, 0xFDC0, 0xFDA0, 0xFD80, 0xFD81,
  0xFD82, 0xFD60, 0xFD20, 0xFD60, 0xFDE6, 0xFEA7, 0xFF28, 0xFF66, 0xFF42, 0xFF20, 0xFF00, 0xFF01,
  0xFF21, 0xFF20, 0xFF00, 0xFEE0, 0xFE60, 0xFDC0, 0xFD00, 0xFC60, 0xFC00, 0xFBE0, 0xFBE0, 0xFBC0,
  0xFBA0, 0xFB80, 0xFB60, 0xFB40, 0xFB40, 0xFB20, 0xFB00, 0xFB00, 0xFB20, 0xFB00, 0xF2C0, 0xEA60,
  0xD9E0, 0xC9A0, 0xC180, 0xB980,
  0x01BD, 0x01FE, 0x01FE, 0x01FE, 0x01FE, 0x01FE, 0x021E, 0x023F, 0x025E, 0x025E, 0x025E, 0x023E,
  0x021E, 0x023E, 0x025E, 0x025E, 0x027F, 0x02BF, 0x02BF, 0x02FF, 0x037F, 0x03FF, 0x045F, 0x049F,
  0x049F, 0x045F, 0x039F, 0x02BF, 0x025F, 0x027E, 0x025E, 0x023E, 0x023E, 0x023E, 0x025E, 0x025E,
  0x027E, 0x027E, 0x029E, 0x02BE, 0x02BF, 0x02FF, 0x033F, 0x037F, 0x03BF, 0x041F, 0x047F, 0x049F,
  0x049F, 0x037F, 0x021D, 0x01B8, 0x0174, 0x0132, 0x0130, 0x00CF, 0x19F1, 0x0010, 0x2892, 0x95DA,
  0xB71E, 0x9E3D, 0x44BD, 0x03FD, 0x043D, 0x047D, 0x04BE, 0x049E, 0x049E, 0x54FD, 0xA63E, 0xC73E,
  0xA5D9, 0x180E, 0x000D, 0x116E, 0x010D, 0x010D, 0x010D, 0x010D, 0x010D, 0x00ED, 0x00ED, 0x00ED,
  0x010D, 0x010D, 0x010D, 0x010E, 0x010D, 0x010D, 0x010D, 0x010D, 0x010D, 0x010D, 0x010D, 0x010D,
  0x010D, 0x010E, 0x010E, 0x010E, 0x010E, 0x010D, 0x010D, 0x010D, 0x010D, 0x010D, 0x010D, 0x010D,
  0x010D, 0x012D, 0x010D, 0x010D, 0x010D, 0x010D, 0x010D, 0x010C, 0x010C, 0x010C, 0x010C, 0x012D,
  0x00ED, 0x00CD, 0x012D, 0x010C, 0x010C, 0x010C, 0x010C, 0x010C, 0x012C, 0x00EC, 0x196D, 0x114C,
  0x0008, 0x8CB3, 0xE73B, 0xFED8, 0xFCEE, 0xF360, 0xF300, 0xF340, 0xF360, 0xF340, 0xF340, 0xEBC2,
  0xF530, 0xFED8, 0xDF1B, 0x7C12, 0x0007, 0x092C, 0x112B, 0x00EB, 0x00EB, 0x00EB, 0x00EB, 0x00EB,
  0x00CA, 0x00EB, 0x00EA, 0x00CA, 0x00EA, 0x00EA, 0x00CA, 0x00EA, 0x00CA, 0x00CA, 0x00CA, 0x00EA,
  0x00CA, 0x00CA, 0x00CA, 0x00CA, 0x00C9, 0x00E9, 0x00C9, 0x00E9, 0x00E9, 0x00C9, 0x00C9, 0x00C9,
  0x00C9, 0x08C9, 0x00C9, 0x00A8, 0x00C8, 0x00A8, 0x10E8, 0x08C8, 0x08A7, 0x10C8, 0x08C7, 0x08A7,
  0x10C7, 0x08A7, 0x08A7, 0x10C7, 0x08A7, 0x10C6, 0x20C5, 0x20C5, 0x20C5, 0x20C4, 0x20E5, 0x20A4,
  0x1823, 0x20A4, 0x20E4, 0x20C4, 0x20C4, 0x20C4, 0x20E4, 0x20A4, 0x2945, 0x2945, 0x0000, 0x844F,
  0xD718, 0xCF38, 0x8E4F, 0x45C0, 0x15E0, 0x2E20, 0x3E40, 0x3620, 0x35C0, 0x55C5, 0x9E72, 0xD73A,
  0xD6BA, 0x6AEC, 0x0000, 0x3145, 0x3105, 0x28C4, 0x28E4, 0x28E4, 0x28E4, 0x28C4, 0x28C4, 0x28C4,
  0x30E4, 0x30C4, 0x28C3, 0x30E4, 0x30E4, 0x30C3, 0x30E3, 0x30E3, 0x30C3, 0x30C3, 0x38E3, 0x38E3,
  0x38E3, 0x38E3, 0x38E4, 0x38E3, 0x38E3, 0x38E3, 0x38E3, 0x40E3, 0x40E3, 0x40E3, 0x4103, 0x40E3,
  0x40E3, 0x40E3, 0x4103, 0x40E3, 0x3800, 0x40E3, 0x4903, 0x4903, 0x4903, 0x4903, 0x4903, 0x48E2,
  0x5144, 0x5165, 0x0000, 0x730C, 0xDEDA, 0xE71D, 0xBD1B, 0x9A5B, 0x981C, 0xA01C, 0xA8DD, 0xB07D,
  0xA81D, 0xAA5C, 0xBC5C, 0xDE7D, 0xE71C, 0x9C91, 0x0000, 0x5102, 0x5984, 0x50C0, 0x5102, 0x5102,
  0x5102, 0x5102, 0x50E1, 0x50E0, 0x50E1, 0x50E1, 0x50E1, 0x5901, 0x58E1, 0x58E0, 0x58E0, 0x58E0,
  0x58E0, 0x58E0, 0x60E0, 0x60E0, 0x6100, 0x60E0, 0x60E0, 0x60E0, 0x6100, 0x68E0, 0x6900, 0x6900,
  0x68E0, 0x6900, 0x6900, 0x6900, 0x6900, 0x6900, 0x7120, 0x7120, 0x7100, 0x7120, 0x7920, 0x8140,
  0x8140, 0x8960, 0x8960, 0x8960, 0x8980, 0x91A0, 0x99C0, 0xB220, 0xCAA0, 0xE360, 0xFCA0, 0xFE68,
  0xFF8F, 0xFF8E, 0xFF6E, 0xFF2B, 0xFEE7, 0xFEA4, 0xFE62, 0xFE21, 0xFDE0, 0xFDC0, 0xFD80, 0xFD60,
  0xFD40, 0xFD41, 0xFD21, 0xFD20, 0xFCE0, 0xFD00, 0xFDC6, 0xFE87, 0xFF27, 0xFF66, 0xFF61, 0xFF20,
  0xFF21, 0xFF21, 0xFF00, 0xFF00, 0xFF00, 0xFF00, 0xFEA0, 0xFE00, 0xFD60, 0xFCA0, 0xFBE0, 0xFB80,
  0xFB80, 0xFBA0, 0xFB80, 0xFB40, 0xFB20, 0xFB00, 0xFAE0, 0xFAC0, 0xFAC0, 0xFB00, 0xFB00, 0xFAE0,
  0xF2C0, 0xEA60, 0xD1E0, 0xC9A0,
  0x01FD, 0x01FD, 0x01FE, 0x01FE, 0x021F, 0x023F, 0x025E, 0x023E, 0x021D, 0x01FD, 0x01DD, 0x01FD,
  0x021D, 0x023E, 0x023E, 0x027E, 0x029F, 0x02BF, 0x031F, 0x03BF, 0x045F, 0x04BF, 0x04DF, 0x04BF,
  0x041F, 0x033F, 0x025F, 0x023E, 0x023E, 0x021D, 0x021D, 0x021D, 0x021D, 0x021D, 0x023D, 0x023D,
  0x025E, 0x025E, 0x027E, 0x029E, 0x029F, 0x02DF, 0x031F, 0x035F, 0x03BF, 0x041F, 0x045F, 0x049F,
  0x045F, 0x031F, 0x01FC, 0x01B8, 0x0175, 0x0152, 0x0111, 0x11D2, 0x0091, 0x000F, 0x8E5B, 0x9EFE,
  0x3C9C, 0x033D, 0x047F, 0x255F, 0x055F, 0x053F, 0x053F, 0x057F, 0x059F, 0x04FF, 0x03FE, 0x4CFD,
  0xB73F, 0xA659, 0x180A, 0x002B, 0x090B, 0x00EB, 0x00CB, 0x00CA, 0x00CA, 0x298C, 0x29AC, 0x29AC,
  0x092C, 0x29AD, 0x29AD, 0x218D, 0x112C, 0x29CD, 0x29AC, 0x114C, 0x216C, 0x31CD, 0x29AD, 0x112C,
  0x218C, 0x112C, 0x29AD, 0x29AD, 0x218C, 0x194C, 0x194C, 0x196C, 0x31CD, 0x29AC, 0x112C, 0x218C,
  0x196C, 0x092C, 0x218C, 0x00CB, 0x00EB, 0x00CA, 0x00CA, 0x00CA, 0x00CA, 0x00CA, 0x08EB, 0x002A,
  0x3A0D, 0x4A4E, 0x006A, 0x00EB, 0x00EB, 0x00EB, 0x00EB, 0x00EB, 0x00CA, 0x110B, 0x216A, 0x0004,
  0x94D2, 0xF739, 0xFDB2, 0xF2A0, 0xFAE0, 0xFBE0, 0xFC60, 0xFC63, 0xFC63, 0xFC63, 0xFC40, 0xFBE0,
  0xF300, 0xF300, 0xFE35, 0xEF7C, 0x7C32, 0x0006, 0x110A, 0x0909, 0x00A8, 0x00C9, 0x00A9, 0x1129,
  0x29AA, 0x00A8, 0x1129, 0x29AA, 0x00A8, 0x1929, 0x29AA, 0x08E8, 0x298A, 0x31AA, 0x298A, 0x1929,
  0x298A, 0x29AA, 0x1949, 0x1949, 0x1108, 0x00C8, 0x2169, 0x00A8, 0x00A8, 0x2149, 0x2989, 0x2148,
  0x0087, 0x00A7, 0x08E8, 0x29A9, 0x29A9, 0x2168, 0x0067, 0x2148, 0x2988, 0x0066, 0x2148, 0x2988,
  0x0086, 0x2968, 0x2968, 0x2127, 0x31A8, 0x2967, 0x18E5, 0x10A4, 0x18A5, 0x18C5, 0x0002, 0x2946,
  0x4A4A, 0x2946, 0x0003, 0x18E5, 0x18A4, 0x18C5, 0x18A4, 0x18C5, 0x2986, 0x0000, 0x848F, 0xD758,
  0xA672, 0x0520, 0x05C0, 0x5E83, 0x6EC7, 0x76C8, 0x76A8, 0x76A8, 0x76A7, 0x6665, 0x2DE0, 0x45C2,
  0xC737, 0xDF3A, 0x630C, 0x0000, 0x2925, 0x20E4, 0x20C4, 0x20E5, 0x18A4, 0x3166, 0x3987, 0x39A7,
  0x3146, 0x39A7, 0x39A7, 0x3166, 0x20C4, 0x39C7, 0x2905, 0x3166, 0x41C7, 0x41C7, 0x3146, 0x3986,
  0x41A7, 0x3986, 0x28C4, 0x28C3, 0x3145, 0x41A6, 0x3966, 0x28C3, 0x30E3, 0x30C3, 0x30E3, 0x30E3,
  0x30E3, 0x30E3, 0x2882, 0x3124, 0x6B0B, 0x3945, 0x3082, 0x3904, 0x38E3, 0x38E3, 0x30C3, 0x3903,
  0x4165, 0x0000, 0x734D, 0xE71C, 0xD65C, 0x8199, 0x901B, 0xA9FE, 0xB2BE, 0xBADE, 0xBA1E, 0xBABE,
  0xC31E, 0xBA9E, 0xA01D, 0x881A, 0xBD1B, 0xEF3D, 0xA4D3, 0x0000, 0x4944, 0x4944, 0x40C1, 0x40E2,
  0x40C2, 0x40E2, 0x4985, 0x51E6, 0x4985, 0x4964, 0x4944, 0x4903, 0x5164, 0x5164, 0x5185, 0x51C6,
  0x5164, 0x5185, 0x59C6, 0x59A5, 0x5143, 0x59A5, 0x59C6, 0x5164, 0x5123, 0x59A5, 0x50E0, 0x5943,
  0x5985, 0x5964, 0x5964, 0x5984, 0x61A5, 0x61C6, 0x5900, 0x5943, 0x61C6, 0x58E0, 0x6143, 0x71C5,
  0x79E5, 0x81A3, 0x89E4, 0x91C2, 0x91A0, 0x9A03, 0xA265, 0xB264, 0xC281, 0xDB20, 0xF440, 0xFDE3,
  0xFF4E, 0xFFB1, 0xFF8F, 0xFF8E, 0xFF4C, 0xFF09, 0xFEA5, 0xFE40, 0xFE00, 0xFDC0, 0xFDA0, 0xFD60,
  0xFD40, 0xFD00, 0xFCE0, 0xFCE0, 0xFCE1, 0xFCC0, 0xFC80, 0xFCA0, 0xFD66, 0xFE68, 0xFF07, 0xFF64,
  0xFF60, 0xFF20, 0xFF00, 0xFF01, 0xFEE0, 0xFEE0, 0xFEE0, 0xFF00, 0xFEC0, 0xFE60, 0xFDC0, 0xFD00,
  0xFC20, 0xFB80, 0xFB20, 0xFB40, 0xFB60, 0xFB40, 0xFB00, 0xFAC0, 0xFAA0, 0xF280, 0xF280, 0xF2A0,
  0xF2C0, 0xF2C0, 0xF280, 0xE220,
  0x01DE, 0x01FE, 0x021E, 0x021E, 0x021D, 0x021D, 0x01FC, 0x01BC, 0x01BC, 0x01DC, 0x01FD, 0x01FD,
  0x01FD, 0x023E, 0x025E, 0x027F, 0x02BF, 0x037F, 0x043F, 0x049F, 0x04FF, 0x051F, 0x04BF, 0x03DF,
  0x029F, 0x01FE, 0x021D, 0x021D, 0x01FC, 0x01FC, 0x01FC, 0x01FC, 0x01FC, 0x01FC, 0x021C, 0x021D,
  0x023D, 0x023D, 0x025E, 0x027E, 0x029E, 0x02BF, 0x02FF, 0x035F, 0x03BF, 0x041F, 0x045F, 0x045F,
  0x03FF, 0x02DF, 0x01DC, 0x01B8, 0x0175, 0x0153, 0x0173, 0x09F3, 0x000D, 0x55F9, 0x6EFE, 0x037B,
  0x033E, 0x2CFF, 0x3D1F, 0x04DF, 0x85FF, 0xAE7F, 0xB69E, 0x8E3F, 0x357F, 0x2D7F, 0x2D5F, 0x03FE,
  0x03DC, 0x973F, 0x8597, 0x0006, 0x00EA, 0x00EA, 0x00CA, 0x00CA, 0x08EA, 0x0006, 0x0002, 0x0007,
  0x00CA, 0x0003, 0x0000, 0x0007, 0x0009, 0x0003, 0x0004, 0x0009, 0x000A, 0x0000, 0x0004, 0x000A,
  0x0007, 0x004A, 0x0005, 0x0000, 0x0007, 0x0008, 0x0009, 0x000A, 0x0000, 0x0005, 0x00CA, 0x0008,
  0x0009, 0x008A, 0x0007, 0x112B, 0x00CA, 0x00CA, 0x00CA, 0x00CA, 0x00CA, 0x00CA, 0x110A, 0x0008,
  0x52AE, 0x6330, 0x0009, 0x00EA, 0x00EA, 0x00EA, 0x00EA, 0x00EA, 0x00AA, 0x31CA, 0x0003, 0x842F,
  0xEF37, 0xF50D, 0xF1A0, 0xFC25, 0xFC64, 0xFC20, 0xFC20, 0xFC20, 0xFC00, 0xFC20, 0xFC20, 0xFC20,
  0xFCA6, 0xFC66, 0xF280, 0xFDD3, 0xEF5B, 0x634E, 0x0006, 0x1109, 0x00C8, 0x0088, 0x1108, 0x0005,
  0x0000, 0x1108, 0x0007, 0x0000, 0x08E9, 0x0006, 0x0000, 0x0087, 0x0000, 0x0000, 0x0000, 0x0006,
  0x0000, 0x0000, 0x0005, 0x0004, 0x0007, 0x00C8, 0x0000, 0x10E8, 0x00C7, 0x0002, 0x0000, 0x0004,
  0x10E8, 0x00A7, 0x00C8, 0x0000, 0x0000, 0x0000, 0x2128, 0x0000, 0x0000, 0x2148, 0x0000, 0x0000,
  0x2168, 0x0000, 0x0000, 0x0001, 0x0000, 0x0000, 0x0003, 0x18E5, 0x0864, 0x2105, 0x0000, 0x31A7,
  0x6B4E, 0x31A8, 0x0000, 0x2105, 0x10A4, 0x10C5, 0x0844, 0x31C6, 0x0000, 0x63AB, 0xCF56, 0x9630,
  0x04E0, 0x4623, 0x6668, 0x5E66, 0x5E65, 0x5E44, 0x5E44, 0x6665, 0x6663, 0x5660, 0x5660, 0x3640,
  0x0560, 0xBF15, 0xD6F7, 0x41E8, 0x0000, 0x2125, 0x18C4, 0x18A4, 0x2105, 0x0000, 0x0000, 0x0000,
  0x0000, 0x0000, 0x0000, 0x0000, 0x20E5, 0x0000, 0x1002, 0x0000, 0x0000, 0x0000, 0x0000, 0x0000,
  0x0000, 0x0000, 0x3105, 0x28E4, 0x0000, 0x0000, 0x0000, 0x28C4, 0x28A3, 0x28C3, 0x28C4, 0x30C4,
  0x30C4, 0x30E4, 0x2001, 0x3945, 0x8C50, 0x41A6, 0x2000, 0x3104, 0x30C3, 0x30C3, 0x30C3, 0x4165,
  0x0000, 0x5A8A, 0xE73C, 0xD63C, 0x6017, 0xA1DD, 0xB33E, 0xAABD, 0xB2DD, 0xB2FC, 0xBBFC, 0xB35D,
  0xAA9D, 0xB2BD, 0xB2DE, 0xB29E, 0x781A, 0xB49B, 0xEF3D, 0x9471, 0x0000, 0x51A6, 0x38C2, 0x38C2,
  0x38C2, 0x4124, 0x0000, 0x0000, 0x0000, 0x2000, 0x2800, 0x4060, 0x2800, 0x3800, 0x0000, 0x0000,
  0x1000, 0x0000, 0x0000, 0x0000, 0x3800, 0x0000, 0x0000, 0x3000, 0x3800, 0x0000, 0x5143, 0x4000,
  0x2000, 0x3000, 0x3000, 0x1800, 0x0800, 0x0800, 0x50A0, 0x4800, 0x0000, 0x5143, 0x4800, 0x2800,
  0x4000, 0x6860, 0x7800, 0x8900, 0x9A03, 0x98E0, 0x9000, 0xA000, 0xBA40, 0xD301, 0xF400, 0xFD83,
  0xFF0A, 0xFF91, 0xFF91, 0xFF6E, 0xFF8E, 0xFF6D, 0xFF2A, 0xFEA5, 0xFE20, 0xFDE0, 0xFDA0, 0xFD80,
  0xFD40, 0xFD00, 0xFCC0, 0xFCA0, 0xFC80, 0xFC80, 0xFC81, 0xFC60, 0xFC20, 0xFC40, 0xFD25, 0xFE46,
  0xFF05, 0xFF63, 0xFF20, 0xFF00, 0xFEE0, 0xFEE0, 0xFEE0, 0xFEC0, 0xFEC0, 0xFEE0, 0xFEE0, 0xFEC0,
  0xFE40, 0xFDA0, 0xFCC0, 0xFBC0, 0xFB20, 0xFB00, 0xFB20, 0xFB20, 0xFB00, 0xF2A0, 0xF280, 0xEA40,
  0xE240, 0xE240, 0xEA60, 0xEA60,
  0x01FE, 0x01FD, 0x01DC, 0x01BA, 0x019A, 0x017A, 0x017A, 0x01BB, 0x01DB, 0x01DC, 0x01DC, 0x01FD,
  0x023E, 0x023E, 0x027F, 0x031F, 0x03FF, 0x049F, 0x04DF, 0x051F, 0x051F, 0x047F, 0x033F, 0x01FE,
  0x01DD, 0x021C, 0x01DC, 0x01DB, 0x01BB, 0x01BB, 0x01DB, 0x01DB, 0x01DB, 0x01DC, 0x01FC, 0x01FC,
  0x021D, 0x021D, 0x023D, 0x025E, 0x027E, 0x02BE, 0x02FF, 0x035F, 0x03BF, 0x041F, 0x043F, 0x041F,
  0x039F, 0x029E, 0x01DB, 0x0197, 0x0175, 0x0154, 0x0A34, 0x000F, 0x3476, 0x473E, 0x041C, 0x02DD,
  0x247F, 0x045F, 0x3CBF, 0x03FF, 0x3C9D, 0xE75E, 0xF7BE, 0x7D1D, 0x041F, 0x04FF, 0x049E, 0x047E,
  0x033D, 0x03FC, 0x875F, 0x6411, 0x0008, 0x010B, 0x00EA, 0x08EA, 0x000A, 0x73D1, 0x9CF5, 0x634F,
  0x0008, 0x8C52, 0x9CD4, 0x3A0B, 0x31CA, 0x9494, 0x9CD5, 0x5B0F, 0x216B, 0xA515, 0x7C12, 0x08E9,
  0x6B90, 0x0008, 0x7390, 0x9CF4, 0x52AD, 0x5B0F, 0x4A8E, 0x218B, 0xA515, 0x7BF2, 0x0008, 0x6B70,
  0x29CB, 0x31CB, 0x632F, 0x0007, 0x08EA, 0x00C9, 0x00C9, 0x00C9, 0x00C9, 0x00A9, 0x08E9, 0x0007,
  0x526D, 0x62EF, 0x0008, 0x00C9, 0x00C9, 0x00C9, 0x00C9, 0x00A9, 0x29AA, 0x0008, 0x422A, 0xE6F4,
  0xF5AF, 0xE920, 0xFB40, 0xF280, 0xFD71, 0xFEB7, 0xF677, 0xF677, 0xF697, 0xF697, 0xF677, 0xFEF9,
  0xFD2F, 0xFB00, 0xFBA0, 0xE8C0, 0xFE54, 0xD675, 0x0066, 0x0006, 0x1108, 0x10E8, 0x0005, 0x4A8C,
  0x73D0, 0x0006, 0x31CA, 0x7BF1, 0x0068, 0x422B, 0x73B0, 0x1928, 0x8C92, 0x8C52, 0x9493, 0x2168,
  0x7BD0, 0x9CD4, 0x31AA, 0x632E, 0x4A6C, 0x1929, 0x6B6F, 0x0004, 0x0025, 0x52AC, 0x8C52, 0x52AD,
  0x0088, 0x00C8, 0x0005, 0x7BD0, 0x9CF4, 0x5ACC, 0x0000, 0x52CC, 0x73D0, 0x0002, 0x634E, 0x6B6F,
  0x0000, 0x5AED, 0x6B4E, 0x5AEC, 0x9CF4, 0x8C72, 0x3A09, 0x0001, 0x2106, 0x18E5, 0x0000, 0x31A7,
  0x632D, 0x31A7, 0x0000, 0x18E5, 0x0884, 0x0864, 0x2166, 0x0001, 0x0005, 0xBEB4, 0x9E91, 0x04C0,
  0x4E25, 0x5647, 0x4E24, 0x5644, 0x5645, 0x5625, 0x5E46, 0x5623, 0x6648, 0x86AE, 0x96B0, 0x866D,
  0x4E04, 0x04E0, 0xC755, 0xADF2, 0x0000, 0x0003, 0x2105, 0x2105, 0x0844, 0x2126, 0x9492, 0x7BF0,
  0x632C, 0x8C72, 0x9472, 0x8C51, 0x1884, 0x8430, 0x3166, 0x8431, 0x94B2, 0x9CD3, 0x6B4D, 0x528A,
  0xA514, 0x6B4D, 0x0800, 0x1883, 0x41E8, 0x8430, 0x6B2D, 0x2083, 0x28E4, 0x28C4, 0x28C4, 0x28C4,
  0x28C3, 0x28E4, 0x1801, 0x3145, 0x8C30, 0x3986, 0x1800, 0x2904, 0x28C3, 0x28A3, 0x3145, 0x1800,
  0x0000, 0xC638, 0xE6FD, 0x5016, 0x91BC, 0x9A3C, 0x911B, 0xA25C, 0x881B, 0xB45B, 0xF79E, 0xCDFC,
  0x801A, 0x981B, 0x999B, 0x999B, 0xAADC, 0x7019, 0xC55C, 0xE6DC, 0x5A49, 0x0000, 0x49A6, 0x3081,
  0x4145, 0x0000, 0x6B2C, 0xAD34, 0x6B0B, 0x6289, 0x730B, 0x4985, 0x7B6D, 0x4123, 0x83CE, 0x9CD2,
  0x6B0B, 0x9450, 0x9C92, 0x9CB2, 0x4165, 0x7B8E, 0xA4F3, 0x4185, 0x5208, 0x7B8D, 0x3000, 0x6248,
  0x8BCE, 0x730B, 0x6ACA, 0x8C10, 0x9C91, 0x9430, 0x59A5, 0x6228, 0x9430, 0x3800, 0x6A89, 0xA4B2,
  0x9C71, 0x69A4, 0x936C, 0x8A87, 0x8080, 0xA34B, 0xBCB1, 0xC4B0, 0xC306, 0xD2E0, 0xF3E1, 0xFD63,
  0xFEE8, 0xFF2C, 0xFFB2, 0xFF90, 0xFF6E, 0xFF6D, 0xFF4B, 0xFF09, 0xFEA6, 0xFE42, 0xFDC0, 0xFDA0,
  0xFD60, 0xFD00, 0xFCE0, 0xFCA0, 0xFC60, 0xFC40, 0xFC20, 0xFC20, 0xFC21, 0xFC00, 0xFBE0, 0xFC00,
  0xFD04, 0xFE25, 0xFEE4, 0xFF42, 0xFF20, 0xFEE0, 0xFEE0, 0xFEE0, 0xFEC0, 0xFEA0, 0xFEA0, 0xFEA0,
  0xFEC0, 0xFEC0, 0xFEA0, 0xFE00, 0xFD40, 0xFC40, 0xFB40, 0xFAA0, 0xFAA0, 0xFAE0, 0xF2E0, 0xEAA0,
  0xEA40, 0xE220, 0xDA00, 0xDA20,
  0x0199, 0x0178, 0x0178, 0x0158, 0x0179, 0x019A, 0x01BA, 0x01BB, 0x01BB, 0x01FC, 0x01FD, 0x01FE,
  0x023E, 0x02DF, 0x039F, 0x045F, 0x04BF, 0x04FF, 0x055F, 0x053F, 0x03DF, 0x027E, 0x01BD, 0x01FC,
  0x01FB, 0x01BB, 0x01BA, 0x01BA, 0x019A, 0x01BA, 0x01BA, 0x01BB, 0x01BB, 0x01DB, 0x01DB, 0x01FC,
  0x01FC, 0x021C, 0x023D, 0x025E, 0x027E, 0x029F, 0x02FF, 0x035F, 0x03DF, 0x043F, 0x03FF, 0x03BF,
  0x035F, 0x027E, 0x01DA, 0x0197, 0x0176, 0x01B4, 0x00D2, 0x1010, 0x3EDC, 0x1D7D, 0x0A9D, 0x03DF,
  0x0BFE, 0x241F, 0x035E, 0x5CFF, 0x9DDE, 0xE77E, 0xF79E, 0xB63E, 0x6D1F, 0x043E, 0xCEFF, 0x751E,
  0x043E, 0x025D, 0x35FE, 0x76DB, 0x1009, 0x004A, 0x00EA, 0x112A, 0x0008, 0xD6BB, 0xA535, 0xC619,
  0x94B4, 0xD69B, 0xA4F5, 0xC639, 0x94B4, 0xDEFC, 0xAD56, 0x7BD1, 0xBDD8, 0xCE5A, 0xCE5A, 0x8C73,
  0xBE19, 0x8C73, 0xE71C, 0xAD76, 0x9494, 0xAD77, 0xA536, 0xAD56, 0xD6BB, 0xC619, 0x9493, 0xC619,
  0xC619, 0x5B0E, 0xBDF8, 0x0000, 0x214A, 0x00C9, 0x00C9, 0x00C9, 0x00C9, 0x00A9, 0x10E9, 0x0006,
  0x528D, 0x630F, 0x0007, 0x00C9, 0x00C9, 0x00C9, 0x00C9, 0x00C9, 0x2989, 0x0006, 0xB5AF, 0xF6AF,
  0xF280, 0xFB03, 0xF50F, 0xF531, 0xFF5C, 0xE699, 0xDD33, 0xED53, 0xED52, 0xEDB4, 0xE532, 0xF75D,
  0xFF1B, 0xFD72, 0xF4CE, 0xF344, 0xE1C0, 0xFED3, 0x948E, 0x0004, 0x0047, 0x31CA, 0x0000, 0x8C52,
  0xFFDF, 0x31EA, 0x9CF5, 0xEF5D, 0x0000, 0x9CD4, 0xE71C, 0x52CD, 0xAD56, 0xEF5D, 0xAD97, 0x94B4,
  0xCE5A, 0xC639, 0xA515, 0xB597, 0x8431, 0x31CA, 0xC639, 0x0000, 0x0000, 0xAD55, 0xDEDB, 0x9CF4,
  0x0000, 0x00C8, 0x7BF0, 0xD6BA, 0xB5B6, 0xA535, 0x0000, 0xB596, 0xDEFC, 0x0000, 0xB5B7, 0xE71C,
  0x0000, 0xCE59, 0xCE7A, 0xA4F4, 0xDEDB, 0x94B3, 0x52AC, 0x0000, 0x2146, 0x18E5, 0x0001, 0x31A7,
  0x632D, 0x3187, 0x0000, 0x18E5, 0x0884, 0x0885, 0x29C6, 0x0000, 0x850E, 0xAF12, 0x3D26, 0x0D40,
  0x4DE6, 0x3DE4, 0x4605, 0x4E24, 0x4E25, 0x5626, 0x6649, 0x2DC0, 0x864E, 0xE79B, 0xFFFF, 0xB6B5,
  0x45E3, 0x05A0, 0x5DC9, 0xC775, 0x6BAB, 0x0000, 0x1905, 0x31A8, 0x0000, 0xC639, 0xCE59, 0xAD55,
  0x7BCF, 0xC618, 0xE71C, 0x9CF3, 0x528A, 0xEF7E, 0x94B2, 0x8431, 0xE71C, 0xD6BA, 0x8C71, 0xDEDB,
  0xBDF7, 0xA514, 0x0000, 0x0000, 0x8C51, 0xDEDB, 0xBDD7, 0x0000, 0x3166, 0x20A4, 0x20C4, 0x20A4,
  0x20A3, 0x28E4, 0x1001, 0x3166, 0x8C51, 0x3986, 0x1001, 0x28E4, 0x20A3, 0x28C4, 0x3125, 0x0000,
  0x7BAF, 0xE6DD, 0x8B37, 0x6819, 0x8A1B, 0x8A3A, 0xD61D, 0xDE3D, 0xAC1B, 0xE6DD, 0xFFFF, 0xF79F,
  0xB49A, 0xBCFB, 0xDE9D, 0xAC1B, 0x919A, 0x91FA, 0x7818, 0xDDDD, 0xBD36, 0x0000, 0x38E4, 0x49A6,
  0x0000, 0x734D, 0xCE38, 0xDEDB, 0xB596, 0xC5F7, 0xAD34, 0x734D, 0xB575, 0xBDD7, 0xD679, 0xCE38,
  0x9451, 0xAD55, 0xEF5C, 0xB595, 0x9CB2, 0xCE38, 0xD679, 0xB596, 0x9471, 0xEF7D, 0x2800, 0xB575,
  0xDEDA, 0xB554, 0xBD95, 0x9471, 0xC618, 0xEF3C, 0x2800, 0x9CB2, 0xEF7D, 0x4902, 0xACD3, 0xDEBA,
  0xCE38, 0xAD13, 0xC5B6, 0x9C50, 0x5000, 0xC595, 0xD658, 0xBCF2, 0xCB88, 0xE320, 0xF401, 0xFD42,
  0xFEC8, 0xFF09, 0xFF4F, 0xFFB3, 0xFF6F, 0xFF6E, 0xFF2B, 0xFEE8, 0xFEE7, 0xFEC6, 0xFE64, 0xFDE0,
  0xFD80, 0xFD40, 0xFCE0, 0xFCA0, 0xFC60, 0xFC40, 0xFC00, 0xFBE0, 0xFBC0, 0xFBC0, 0xFBE1, 0xFBE0,
  0xFBA0, 0xFBC0, 0xFCC3, 0xFE03, 0xFEE2, 0xFF40, 0xFF00, 0xFEC0, 0xFEC0, 0xFEC0, 0xFEA0, 0xFE80,
  0xFE80, 0xFE80, 0xFE80, 0xFEC0, 0xFEA0, 0xFE40, 0xFDA0, 0xFCC0, 0xFBA0, 0xFA80, 0xFA00, 0xF260,
  0xEAA0, 0xEAA0, 0xE240, 0xE220,
  0x0135, 0x0136, 0x0157, 0x0178, 0x0179, 0x0199, 0x019A, 0x01BB, 0x01DC, 0x01DD, 0x01FE, 0x029F,
  0x035F, 0x041F, 0x049F, 0x04BF, 0x051F, 0x059F, 0x051F, 0x037F, 0x019D, 0x01BC, 0x01FB, 0x01BA,
  0x019A, 0x019A, 0x0199, 0x0199, 0x0199, 0x0199, 0x019A, 0x01BA, 0x01BA, 0x01BB, 0x01DB, 0x01DB,
  0x01FC, 0x021C, 0x023D, 0x025E, 0x027E, 0x02BF, 0x031F, 0x037F, 0x03FF, 0x03DF, 0x037F, 0x037F,
  0x031F, 0x025D, 0x01DA, 0x0197, 0x0156, 0x0214, 0x000D, 0x1C76, 0x269D, 0x039C, 0x02DD, 0x03DE,
  0x2BDF, 0x02DE, 0x95BE, 0xDF3E, 0xD6DD, 0xB5FC, 0xB5DC, 0xCE9D, 0xE73E, 0xC67E, 0xCE9D, 0x7CDE,
  0x039F, 0x13DF, 0x031D, 0x473E, 0x2BB0, 0x0006, 0x00C9, 0x1109, 0x0006, 0xD6DB, 0x94B3, 0xD6BB,
  0xA556, 0xD6BB, 0xA535, 0xD69A, 0x9CF5, 0xDEFC, 0x8C93, 0x6B6F, 0xD6DB, 0x0005, 0x194B, 0x73B1,
  0xCE7A, 0x7BF1, 0xCE9A, 0xA556, 0x7BF1, 0xAD76, 0xBDF9, 0xC639, 0x0004, 0x8C52, 0xCE7A, 0xBDB8,
  0xE73D, 0xBDD8, 0xBDD8, 0x0003, 0x194A, 0x08C9, 0x00A9, 0x00A9, 0x00A9, 0x00A8, 0x10E9, 0x0006,
  0x52AD, 0x6B2F, 0x0007, 0x00C8, 0x00C8, 0x00C8, 0x0088, 0x2989, 0x0008, 0x4229, 0xDE8D, 0xFD2A,
  0xF000, 0xFC0A, 0xF6B9, 0xE679, 0xEF3C, 0xED32, 0xE800, 0xFB20, 0xFBA0, 0xFB60, 0xF060, 0xFE57,
  0xEF1B, 0xEEBA, 0xEE98, 0xF3E8, 0xE800, 0xFD8D, 0xD650, 0x0108, 0x0007, 0x31EA, 0x0000, 0x8C52,
  0xF7BE, 0xA556, 0xC619, 0xE71C, 0x00A6, 0xBDF8, 0xD6BB, 0x9493, 0x0000, 0xDF1C, 0x0007, 0xC619,
  0x9D14, 0x0000, 0x422A, 0xBDD7, 0xD69A, 0xC618, 0xCE7A, 0x0000, 0x0004, 0xBDD7, 0xE73D, 0x8431,
  0x31E9, 0x0000, 0xB5B7, 0xAD76, 0x39E9, 0xB596, 0x10E8, 0xC659, 0xCE7A, 0x8431, 0x9CF4, 0xEF7D,
  0x9CF4, 0xDEFB, 0xC618, 0xAD56, 0xD69A, 0x73AF, 0x2126, 0x0024, 0x10C6, 0x18E6, 0x0002, 0x31A8,
  0x6B2D, 0x31A7, 0x0000, 0x1906, 0x0065, 0x1945, 0x0003, 0x0005, 0x966E, 0x762B, 0x0460, 0x3D65,
  0x2D64, 0x35A4, 0x3DC4, 0x4605, 0x3E03, 0x05E0, 0x1E00, 0x05A0, 0x864F, 0xF7BE, 0xFFFF, 0xB6B6,
  0x0540, 0x4DE5, 0x0500, 0xA730, 0x95CF, 0x0004, 0x0004, 0x31A7, 0x0000, 0xAD76, 0xC618, 0xAD55,
  0x0000, 0x7BCF, 0xCE79, 0x0000, 0x9CF4, 0xD69A, 0xCE59, 0x0000, 0xC618, 0xA514, 0x0000, 0xCE59,
  0xB576, 0x8C51, 0x0000, 0x0000, 0x9492, 0xF79E, 0xA534, 0x5ACB, 0x2905, 0x20E4, 0x20A4, 0x20A3,
  0x20A3, 0x20C4, 0x1001, 0x3166, 0x8C51, 0x3986, 0x1001, 0x28E4, 0x20A3, 0x3105, 0x0800, 0x0000,
  0xB4F6, 0xCD5C, 0x4016, 0x8A9A, 0x7019, 0xA43A, 0xFFDF, 0xFFFF, 0xFFDF, 0xFFFF, 0xF79E, 0xFFFF,
  0xFFFF, 0xFFDF, 0xFFFF, 0xCE1B, 0x7017, 0x925A, 0x5816, 0xABBA, 0xD57B, 0x5A4A, 0x0000, 0x5A49,
  0x0000, 0xB596, 0xC638, 0x30A2, 0x0000, 0xC5F7, 0xAD54, 0x49E7, 0xBDB6, 0xB575, 0xBDD7, 0xC618,
  0x734D, 0x38E3, 0xD69A, 0x30C1, 0xC618, 0xA4F3, 0x0000, 0xCE79, 0xB575, 0xEF5D, 0xA4D3, 0xD699,
  0xD69A, 0xB555, 0xBDD7, 0x0000, 0xC5D7, 0xAD34, 0x0000, 0xC5D7, 0xD69A, 0x9430, 0xA4B2, 0xDEDA,
  0xCE38, 0xAD14, 0xC5D7, 0x93EF, 0x0000, 0xC5B6, 0xDE99, 0xB490, 0xC2C0, 0xE361, 0xFC20, 0xFD21,
  0xFE86, 0xFEC8, 0xFF09, 0xFF71, 0xFFB3, 0xFF6F, 0xFF4E, 0xFF0A, 0xFEC6, 0xFEA5, 0xFEA5, 0xFE64,
  0xFDE1, 0xFD60, 0xFD00, 0xFCC0, 0xFC80, 0xFC40, 0xFC00, 0xFBC0, 0xFBA0, 0xFBA0, 0xFB60, 0xFB60,
  0xFBA0, 0xFB80, 0xFB20, 0xFB60, 0xFCA1, 0xFE01, 0xFEE1, 0xFF20, 0xFEE0, 0xFEA0, 0xFEA0, 0xFEA0,
  0xFEA0, 0xFE80, 0xFE60, 0xFE60, 0xFE60, 0xFE80, 0xFEA0, 0xFE60, 0xFE00, 0xFD40, 0xFC20, 0xFAE0,
  0xF9C0, 0xF1E0, 0xEA60, 0xE280,
  0x0135, 0x0156, 0x0157, 0x0158, 0x0179, 0x0199, 0x019A, 0x019B, 0x019C, 0x025E, 0x031F, 0x03DF,
  0x047F, 0x04BF, 0x04DF, 0x059F, 0x05DF, 0x04BF, 0x029E, 0x011D, 0x01DB, 0x01DA, 0x0199, 0x0179,
  0x0179, 0x0178, 0x0178, 0x0178, 0x0178, 0x0179, 0x0199, 0x019A, 0x019A, 0x019A, 0x01BA, 0x01DB,
  0x01FB, 0x021C, 0x021D, 0x023E, 0x027E, 0x02BF, 0x031F, 0x03BF, 0x03DF, 0x035F, 0x033F, 0x031F,
  0x02BF, 0x023D, 0x01BA, 0x0197, 0x0155, 0x01F3, 0x000C, 0x0DB9, 0x0D9C, 0x029B, 0x02DD, 0x33BE,
  0x025E, 0x9D9E, 0xEF7E, 0xAD9B, 0x01BA, 0x5BFB, 0x747B, 0x029A, 0x7CBC, 0xE75E, 0xBE1D, 0x02DE,
  0x035F, 0x0BBE, 0x019C, 0x061E, 0x2576, 0x0000, 0x00A9, 0x1929, 0x0006, 0xDEFC, 0xC619, 0x8C73,
  0x6B90, 0xDEFC, 0xD6BB, 0xB597, 0x7C11, 0xDEFC, 0x8C72, 0x6B8F, 0xD6BB, 0x422C, 0x634F, 0x8412,
  0xD69B, 0x632F, 0x94D4, 0xC618, 0xCE5A, 0xA536, 0xBDF8, 0xC619, 0x528C, 0x9CD4, 0xCE9A, 0xA515,
  0xB597, 0xEF5D, 0xC639, 0x0000, 0x298A, 0x00C9, 0x00A8, 0x00A8, 0x00A8, 0x00A8, 0x10E8, 0x0005,
  0x52AD, 0x6B50, 0x0007, 0x00C8, 0x00C8, 0x00C8, 0x0088, 0x31C9, 0x0008, 0x8C49, 0xEE29, 0xF3C7,
  0xF800, 0xFC4C, 0xEE99, 0xCB6A, 0xE638, 0xFE57, 0xFA00, 0xFD92, 0xFF7C, 0xFD0F, 0xFA00, 0xFED9,
  0xDD54, 0xDC0D, 0xEE99, 0xF3C9, 0xFA20, 0xF3C7, 0xF6CE, 0x6329, 0x0006, 0x31C9, 0x0000, 0x9CF4,
  0xB5B7, 0xDEFB, 0xBDD8, 0xC639, 0x8C72, 0xDEFC, 0xCE7A, 0xD69A, 0x0004, 0xE71C, 0x0007, 0xBDF8,
  0xAD56, 0x0085, 0x6B4E, 0xBDF8, 0xC639, 0xAD76, 0xDEDB, 0x0000, 0x630E, 0xD6BB, 0xCE59, 0xDEFC,
  0x7BF0, 0x0000, 0xB597, 0xB5B7, 0x7BD0, 0xDEFC, 0x9493, 0xE73C, 0xC659, 0xD69A, 0x9493, 0xCE9A,
  0xD69A, 0xC639, 0xB597, 0xBDD7, 0xCE7A, 0x6B8F, 0x31A8, 0x0003, 0x10E6, 0x18E6, 0x0002, 0x31A8,
  0x6B4E, 0x31A8, 0x0000, 0x1906, 0x0024, 0x19A5, 0x0000, 0x43A7, 0x7EAB, 0x4566, 0x0480, 0x2D64,
  0x2D64, 0x3584, 0x45A6, 0x2580, 0x55C9, 0xA6B3, 0xC738, 0x864F, 0x7E2F, 0xEF9D, 0xFFFF, 0xB675,
  0x04C0, 0x3D44, 0x04C0, 0x6E29, 0x9ECE, 0x29C6, 0x0003, 0x2165, 0x0000, 0x7BD0, 0x9492, 0xE71C,
  0x7BAF, 0x7BCF, 0xD69A, 0x0000, 0xDEFC, 0xC638, 0xEF7D, 0x18A4, 0xBDF7, 0xA514, 0x0000, 0x9492,
  0xAD55, 0xD69A, 0x2105, 0x0001, 0xCE79, 0xCE59, 0xE6FC, 0xAD75, 0x0000, 0x3186, 0x1883, 0x18A3,
  0x18A3, 0x20C4, 0x0801, 0x3145, 0x8C30, 0x3186, 0x1001, 0x28E4, 0x20A3, 0x3126, 0x0000, 0x49E9,
  0xC51A, 0x9B79, 0x4816, 0x8239, 0x6818, 0x71B8, 0xDEBC, 0xFFFF, 0xEF7D, 0xB578, 0x9C37, 0xACF8,
  0xE6FC, 0xFFFF, 0xF79E, 0x9417, 0x5016, 0x8A39, 0x6897, 0x81F7, 0xD4BC, 0x9372, 0x0000, 0x5A2A,
  0x0000, 0xAD55, 0xCE58, 0x62EB, 0x4185, 0xBDB6, 0xB596, 0x736D, 0xC618, 0x9CB2, 0x7B8D, 0xD69A,
  0xB596, 0x38E3, 0xD6BA, 0x4185, 0xC5F7, 0xAD55, 0x51C7, 0xCE59, 0xC5F7, 0xB596, 0xDEDB, 0xC638,
  0xC638, 0xBD96, 0xAD55, 0x9451, 0xD699, 0x0800, 0x732C, 0xE73C, 0xD679, 0xCE59, 0xA4D3, 0xDEBA,
  0xB596, 0xBDB6, 0xC617, 0xA491, 0x4800, 0xCDF7, 0xDE9A, 0xB490, 0xC2E4, 0xD320, 0xF3E0, 0xFD00,
  0xFE23, 0xFE86, 0xFEC8, 0xFF2C, 0xFF95, 0xFFB4, 0xFF6F, 0xFF4D, 0xFEE8, 0xFE84, 0xFE42, 0xFE63,
  0xFE63, 0xFE02, 0xFD60, 0xFCE0, 0xFCA0, 0xFC40, 0xFC00, 0xFBC0, 0xFBA0, 0xFB80, 0xFB40, 0xFB20,
  0xFB20, 0xFB20, 0xFB60, 0xFB40, 0xFAC0, 0xFB20, 0xFC80, 0xFDE0, 0xFEC0, 0xFF00, 0xFEC0, 0xFE80,
  0xFE80, 0xFE80, 0xFE80, 0xFE80, 0xFE60, 0xFE40, 0xFE20, 0xFE40, 0xFE60, 0xFE80, 0xFE40, 0xFDA0,
  0xFCE0, 0xFBA0, 0xFA40, 0xF1A0,
  0x0135, 0x0136, 0x0157, 0x0178, 0x0199, 0x0179, 0x017A, 0x01FC, 0x02DE, 0x037F, 0x03FF, 0x045F,
  0x047F, 0x04FF, 0x05DF, 0x057F, 0x03FF, 0x019E, 0x011B, 0x01FA, 0x0199, 0x0179, 0x0178, 0x0178,
  0x0157, 0x0157, 0x0178, 0x0178, 0x0178, 0x0178, 0x0179, 0x0199, 0x0199, 0x0199, 0x01BA, 0x01BB,
  0x01DB, 0x01FC, 0x021D, 0x023E, 0x029E, 0x02BF, 0x037F, 0x03DF, 0x033F, 0x02DF, 0x02DF, 0x02BF,
  0x027F, 0x021D, 0x01B9, 0x0176, 0x0174, 0x0111, 0x000D, 0x05FB, 0x04BC, 0x01DB, 0x2B3D, 0x029D,
  0x3BDE, 0xEF9F, 0xA57C, 0x017C, 0x001D, 0x9D9D, 0xBE5D, 0x02BC, 0x00FD, 0x5C1C, 0xEF9E, 0x84DD,
  0x029D, 0x035D, 0x01DC, 0x153D, 0x1E5A, 0x0006, 0x0069, 0x1109, 0x0007, 0xC639, 0x632F, 0x0000,
  0x632E, 0xB5D8, 0x6B4F, 0xB5B7, 0x7BF1, 0xCE7A, 0xA515, 0x73D0, 0xAD56, 0xC65A, 0xC639, 0x8452,
  0xB5D8, 0x7BF1, 0xBDD8, 0xB5B7, 0xB5B7, 0x9CF4, 0x94B4, 0x94B4, 0xD69B, 0xBDF8, 0x8C73, 0xA515,
  0x73B0, 0xB597, 0xC619, 0x0000, 0x298A, 0x00A8, 0x00A8, 0x00A8, 0x00A8, 0x0088, 0x10E8, 0x0005,
  0x52AD, 0x6B2F, 0x0007, 0x00C8, 0x00C8, 0x00A8, 0x00A8, 0x2968, 0x0007, 0xACE7, 0xED84, 0xEA84,
  0xFA00, 0xF2A0, 0xF6FB, 0xEBEB, 0xED53, 0xF678, 0xFAA0, 0xFC8E, 0xF657, 0xF42C, 0xF100, 0xF6DA,
  0xE348, 0xF552, 0xEE78, 0xF322, 0xFAC0, 0xF284, 0xFE89, 0x8426, 0x0005, 0x2989, 0x0000, 0x94D3,
  0xA515, 0x9493, 0x7BD0, 0xAD96, 0xAD76, 0xB5B7, 0x8411, 0xCE59, 0x4A8C, 0xCE59, 0x3A0A, 0x738F,
  0xCE5A, 0xC639, 0xA515, 0xAD76, 0x73D0, 0x00A8, 0xC639, 0x0000, 0x52AC, 0xC639, 0xB5B7, 0xE71C,
  0x8411, 0x0000, 0x6B6E, 0xCE59, 0xBDD7, 0xC619, 0xAD76, 0xB5B7, 0x8431, 0xCE59, 0xA535, 0xA514,
  0x7BF0, 0x94B3, 0xAD76, 0xA535, 0xCE59, 0x9493, 0x52AC, 0x0000, 0x2126, 0x10C5, 0x0000, 0x31A8,
  0x6B4E, 0x31A8, 0x0001, 0x18E6, 0x0024, 0x19A5, 0x0000, 0x54C8, 0x6ECA, 0x2D25, 0x04E2, 0x2544,
  0x2524, 0x2544, 0x4568, 0x0500, 0x75AD, 0xEF9C, 0xFFFF, 0xBED7, 0x75CE, 0xEF9D, 0xFFFF, 0xB655,
  0x0480, 0x24E2, 0x24C4, 0x3D05, 0x8F0B, 0x4346, 0x0003, 0x2986, 0x0000, 0xA514, 0xAD55, 0xDEDB,
  0x6B4E, 0x7BD0, 0xBDD7, 0x630D, 0xCE59, 0x7BCF, 0xC638, 0x83F0, 0xAD55, 0x94B3, 0x18A5, 0xBDD7,
  0xB596, 0xC638, 0x1023, 0x0000, 0xC618, 0xB5B6, 0xE71C, 0xB576, 0x0000, 0x3146, 0x1883, 0x18A4,
  0x18A4, 0x20C4, 0x0802, 0x3145, 0x8430, 0x3166, 0x0801, 0x20E4, 0x20A4, 0x28E5, 0x0000, 0x6A4E,
  0xC45C, 0x69D5, 0x5015, 0x71D7, 0x5816, 0x7A57, 0xEF3E, 0xFFDF, 0x9417, 0x2813, 0x6817, 0x5016,
  0x71D6, 0xE71D, 0xFFFF, 0xA499, 0x6016, 0x8219, 0x7938, 0x60B6, 0xC41C, 0xAB95, 0x0000, 0x4187,
  0x0000, 0x62CB, 0xBDD7, 0xD69A, 0xBDB6, 0x8C10, 0xBDB6, 0xD699, 0xA514, 0x9491, 0xAD34, 0xCE58,
  0xA4F3, 0x4186, 0xCE38, 0x62CA, 0x734D, 0xCE38, 0xD69A, 0xAD14, 0xA4D3, 0xA4D3, 0x9CB2, 0x840F,
  0xBDB6, 0xAD14, 0x9CB2, 0xCE38, 0xCE59, 0xAD34, 0xB554, 0xC617, 0x9471, 0xC618, 0xAD14, 0xCE38,
  0xB575, 0xAD34, 0xBD96, 0xD658, 0xB513, 0xC595, 0xD658, 0xBD33, 0xB38A, 0xC260, 0xE382, 0xFCC0,
  0xFE02, 0xFE43, 0xFE86, 0xFEE9, 0xFF51, 0xFFB7, 0xFF92, 0xFF6F, 0xFF0B, 0xFEC7, 0xFE42, 0xFE20,
  0xFE21, 0xFE42, 0xFE01, 0xFD60, 0xFCE0, 0xFC80, 0xFC20, 0xFBE0, 0xFBA0, 0xFB60, 0xFB40, 0xFB20,
  0xFB00, 0xFAE0, 0xFAE0, 0xFB00, 0xFB20, 0xFB00, 0xFA80, 0xFAE0, 0xFC60, 0xFDC0, 0xFEA0, 0xFEE0,
  0xFEA0, 0xFE60, 0xFE60, 0xFE60, 0xFE60, 0xFE60, 0xFE40, 0xFE40, 0xFE20, 0xFE20, 0xFE40, 0xFE60,
  0xFE60, 0xFE00, 0xFD40, 0xFC40,
  0x0135, 0x0156, 0x0177, 0x0158, 0x0139, 0x01BB, 0x029D, 0x033E, 0x039F, 0x03FF, 0x041F, 0x043F,
  0x053F, 0x05FF, 0x04FF, 0x02BE, 0x001C, 0x019A, 0x01D9, 0x0179, 0x0178, 0x0177, 0x0157, 0x0157,
  0x0157, 0x0157, 0x0157, 0x0157, 0x0157, 0x0178, 0x0178, 0x0179, 0x0199, 0x0199, 0x01BA, 0x01BA,
  0x01DB, 0x01FC, 0x021D, 0x025E, 0x027F, 0x031F, 0x03DF, 0x037F, 0x02BF, 0x02BF, 0x029F, 0x027E,
  0x025E, 0x021C, 0x0199, 0x0155, 0x01B4, 0x0010, 0x016F, 0x05FB, 0x043C, 0x017B, 0x3B5D, 0x001C,
  0xB61E, 0xD6DD, 0x023C, 0x131E, 0x01FD, 0x9D7D, 0xADBC, 0x02BC, 0x4BBE, 0x001B, 0xBE1C, 0xC65D,
  0x021B, 0x02DC, 0x11FD, 0x049E, 0x1E9C, 0x00A8, 0x0008, 0x00C9, 0x0088, 0x52CD, 0x08C8, 0x2149,
  0x31EB, 0x4A8D, 0x0006, 0x632F, 0x31EB, 0x738F, 0x8452, 0x4A8D, 0x0009, 0x8432, 0x5B0F, 0x0008,
  0x52CD, 0x0067, 0x73B0, 0x7BF1, 0x0002, 0x424C, 0x29AB, 0x0008, 0x7C12, 0x5B0F, 0x0007, 0x52AD,
  0x216A, 0x0088, 0x4A8C, 0x0006, 0x08C8, 0x00A8, 0x00A8, 0x00A8, 0x00A8, 0x00A8, 0x10E8, 0x0005,
  0x52AD, 0x632F, 0x0006, 0x00C8, 0x00A8, 0x00A8, 0x08C8, 0x1908, 0x0007, 0xBD05, 0xF522, 0xE9A0,
  0xF2C6, 0xE800, 0xEDB5, 0xF6B9, 0xF658, 0xF71B, 0xF3C9, 0xF0A0, 0xF347, 0xE800, 0xF3CA, 0xF6FB,
  0xF5B5, 0xF71B, 0xE4F2, 0xF200, 0xFB00, 0xE961, 0xFE25, 0x9C85, 0x0006, 0x0088, 0x0006, 0x31EA,
  0x52CD, 0x0002, 0x0005, 0x424B, 0x5B0D, 0x1928, 0x0000, 0x4A6B, 0x3A0A, 0x52AC, 0x1927, 0x0003,
  0x6B6F, 0x8431, 0x0007, 0x4A6C, 0x422B, 0x39EA, 0x4A8C, 0x0086, 0x0003, 0x422A, 0x7BF0, 0x39C9,
  0x4A8B, 0x0006, 0x0003, 0x5ACC, 0x7BD0, 0x1907, 0x528B, 0x0002, 0x0000, 0x52AC, 0x52CC, 0x31A9,
  0x0000, 0x2147, 0x424A, 0x3A09, 0x7BF0, 0x7BD0, 0x2988, 0x0003, 0x10C5, 0x10E5, 0x0000, 0x31A8,
  0x6B4E, 0x31A8, 0x0001, 0x18E6, 0x0064, 0x1185, 0x0001, 0x5547, 0x66C9, 0x14E3, 0x04E2, 0x2504,
  0x14E3, 0x04A0, 0x04C0, 0x04C0, 0x6DCD, 0xE79C, 0xFFFF, 0xB697, 0x758E, 0xEF9D, 0xFFFF, 0xAE55,
  0x0440, 0x14C1, 0x24C4, 0x1CA4, 0x7F09, 0x43E6, 0x0004, 0x2126, 0x0003, 0x4229, 0x8C72, 0x630D,
  0x0000, 0x4209, 0x4A4A, 0x4229, 0x528B, 0x0000, 0x3187, 0x4A6A, 0x4209, 0x526A, 0x0003, 0x6B4D,
  0x8C51, 0x2106, 0x1024, 0x18C5, 0x31A7, 0x8430, 0x526A, 0x52AB, 0x3166, 0x2946, 0x1883, 0x18A4,
  0x18A4, 0x20C4, 0x0802, 0x2945, 0x8430, 0x3166, 0x0801, 0x20E4, 0x20A4, 0x20C5, 0x0000, 0x6A10,
  0xB35C, 0x5975, 0x5015, 0x5815, 0xACF9, 0xF75E, 0xFFFF, 0xDEDC, 0x5015, 0x70B8, 0x8278, 0x79F8,
  0x4815, 0xACF8, 0xFFFF, 0xFFBF, 0xD63C, 0x82B7, 0x6017, 0x6155, 0xBBBB, 0xAB76, 0x0000, 0x28A2,
  0x3946, 0x0000, 0x5269, 0x8C51, 0x5AAA, 0x0000, 0x6B0C, 0x9471, 0x4A07, 0x0800, 0x8410, 0x83EF,
  0x1800, 0x38E3, 0x6AEB, 0x5228, 0x0800, 0x6B0C, 0x8C30, 0x4123, 0x4985, 0x62AA, 0x0000, 0x2000,
  0x62CA, 0x5A49, 0x5A28, 0x6ACA, 0x83CE, 0x8BEF, 0x730B, 0x48E2, 0x0000, 0x6289, 0x5A69, 0x7B8E,
  0x83CF, 0x3800, 0x6A89, 0x93EF, 0x9BEE, 0x8AA8, 0xA40E, 0xAC4F, 0xAAA5, 0xBA60, 0xDB61, 0xFCA0,
  0xFDE1, 0xFE02, 0xFE43, 0xFEA7, 0xFF0B, 0xFF94, 0xFFB7, 0xFF90, 0xFF4F, 0xFEEA, 0xFE85, 0xFE21,
  0xFDE0, 0xFDC0, 0xFDE1, 0xFDE0, 0xFD80, 0xFCC0, 0xFC40, 0xFC00, 0xFBC0, 0xFB80, 0xFB40, 0xFB00,
  0xFAE0, 0xFAE0, 0xFAC0, 0xF2A0, 0xF2A0, 0xF2C0, 0xFB00, 0xFAC0, 0xFA20, 0xFAA0, 0xFC40, 0xFDA0,
  0xFEA0, 0xFEC0, 0xFE80, 0xFE40, 0xFE40, 0xFE40, 0xFE40, 0xFE40, 0xFE40, 0xFE20, 0xFE20, 0xFE00,
  0xFE20, 0xFE40, 0xFE60, 0xFE20,
  0x0136, 0x0136, 0x0117, 0x0179, 0x023C, 0x02FE, 0x035F, 0x039F, 0x03DF, 0x03BF, 0x043F, 0x059F,
  0x05BF, 0x043E, 0x01BD, 0x00BA, 0x01D9, 0x0198, 0x0158, 0x0177, 0x0157, 0x0156, 0x0156, 0x0156,
  0x0156, 0x0156, 0x0157, 0x0157, 0x0157, 0x0158, 0x0178, 0x0178, 0x0199, 0x0199, 0x01BA, 0x01BA,
  0x01DB, 0x01FC, 0x021D, 0x025E, 0x029F, 0x03BF, 0x03DF, 0x02BF, 0x027F, 0x027E, 0x025E, 0x023E,
  0x023D, 0x01FC, 0x0198, 0x0155, 0x0193, 0x000F, 0x01CF, 0x05DC, 0x041C, 0x017B, 0x32FC, 0x001B,
  0xCE9D, 0xBE3D, 0x1ABA, 0x2ADB, 0x001B, 0xB61D, 0xE73E, 0x021B, 0x017B, 0x01FA, 0x9D3B, 0xCE9D,
  0x025A, 0x027B, 0x119B, 0x047D, 0x0E7C, 0x00A7, 0x0007, 0x00C9, 0x0088, 0x0000, 0x0006, 0x0006,
  0x0007, 0x0006, 0x10EA, 0x0003, 0x0008, 0x0000, 0x0000, 0x0007, 0x0008, 0x0000, 0x0005, 0x0069,
  0x0000, 0x00A8, 0x0000, 0x0000, 0x0068, 0x0006, 0x0008, 0x0049, 0x0000, 0x0004, 0x08E9, 0x0006,
  0x0008, 0x0007, 0x0003, 0x1108, 0x0088, 0x00A8, 0x00A8, 0x00A8, 0x00A8, 0x00A8, 0x10E8, 0x0005,
  0x528D, 0x632F, 0x0006, 0x00A8, 0x00A8, 0x0088, 0x10C8, 0x10C7, 0x0007, 0xC4C3, 0xF4E0, 0xE180,
  0xEA43, 0xEA40, 0xE1C0, 0xDD54, 0xDE99, 0xF7BE, 0xFE78, 0xF220, 0xE800, 0xF280, 0xFEDA, 0xEF5D,
  0xE69A, 0xCCF2, 0xD9E0, 0xEA40, 0xEAC2, 0xE101, 0xFE25, 0xA465, 0x0007, 0x0047, 0x10E7, 0x0027,
  0x0000, 0x0000, 0x08A7, 0x0006, 0x0000, 0x0000, 0x3A0A, 0x0003, 0x0000, 0x0000, 0x2128, 0x08A7,
  0x0000, 0x0000, 0x0087, 0x0000, 0x0004, 0x0005, 0x0000, 0x0005, 0x0086, 0x0002, 0x0000, 0x0000,
  0x0005, 0x08A7, 0x10E7, 0x0000, 0x0000, 0x0000, 0x0000, 0x0005, 0x2988, 0x0000, 0x0000, 0x0004,
  0x2148, 0x0004, 0x0000, 0x0000, 0x0000, 0x0000, 0x0003, 0x10C5, 0x0024, 0x18E6, 0x0000, 0x31A8,
  0x6B4E, 0x31A8, 0x0000, 0x18E6, 0x0064, 0x0965, 0x0003, 0x3D46, 0x4EA7, 0x0C83, 0x24C5, 0x04C0,
  0x34C7, 0xA634, 0xD71A, 0x9612, 0x758E, 0xE77C, 0xFFFF, 0xB656, 0x6D2E, 0xE77D, 0xFFFF, 0xB656,
  0x0440, 0x04A0, 0x1CC4, 0x1CA4, 0x6F08, 0x3BE5, 0x0004, 0x08A4, 0x2106, 0x0000, 0x0000, 0x0000,
  0x2967, 0x0000, 0x0000, 0x0000, 0x0000, 0x39E8, 0x0000, 0x0000, 0x0003, 0x0000, 0x0002, 0x0000,
  0x0000, 0x0000, 0x1064, 0x0002, 0x0000, 0x0000, 0x0000, 0x0000, 0x0000, 0x0000, 0x2946, 0x1863,
  0x18A4, 0x20C4, 0x0002, 0x2945, 0x8430, 0x3166, 0x0002, 0x20E4, 0x18A4, 0x20A4, 0x0000, 0x61D1,
  0xAADC, 0x5994, 0x5015, 0x4814, 0xC61A, 0xFFFF, 0xFFFF, 0xCE5B, 0x4813, 0x7A36, 0x71D6, 0x7A56,
  0x5014, 0xA497, 0xFFBF, 0xFFFF, 0xE73D, 0x72B4, 0x4815, 0x5994, 0xB35B, 0xA317, 0x0000, 0x28C3,
  0x2822, 0x41A6, 0x0000, 0x0000, 0x0000, 0x4186, 0x0000, 0x0000, 0x0000, 0x0000, 0x0000, 0x0000,
  0x0800, 0x0800, 0x0000, 0x0000, 0x3060, 0x0000, 0x0000, 0x3000, 0x3860, 0x1800, 0x4103, 0x49A6,
  0x0000, 0x0000, 0x3000, 0x2000, 0x0000, 0x0000, 0x2000, 0x3000, 0x51C6, 0x1800, 0x2000, 0x0000,
  0x0000, 0x4880, 0x4000, 0x4000, 0x6000, 0x7000, 0x6800, 0x8000, 0xA9E0, 0xC2C1, 0xDB40, 0xFC80,
  0xFDA0, 0xFDE1, 0xFE02, 0xFE44, 0xFEA7, 0xFF2E, 0xFFB7, 0xFFB6, 0xFF70, 0xFF2E, 0xFEC8, 0xFE44,
  0xFE00, 0xFDC1, 0xFD80, 0xFD80, 0xFDA0, 0xFD60, 0xFCC0, 0xFC20, 0xFBE0, 0xFBA0, 0xFB40, 0xFB00,
  0xFAE0, 0xFAC0, 0xF2A0, 0xF280, 0xEA80, 0xEA60, 0xEA60, 0xEA80, 0xF2E0, 0xFA80, 0xF9C0, 0xFA60,
  0xFC20, 0xFDC0, 0xFE80, 0xFEA0, 0xFE60, 0xFE20, 0xFE40, 0xFE40, 0xFE40, 0xFE20, 0xFE20, 0xFE20,
  0xFE20, 0xFE00, 0xFE00, 0xFE20,
  0x00F4, 0x0137, 0x01FA, 0x029D, 0x02FF, 0x033F, 0x035F, 0x037F, 0x037F, 0x045F, 0x059F, 0x051F,
  0x033E, 0x001C, 0x0179, 0x01D8, 0x0157, 0x0157, 0x0156, 0x0156, 0x0156, 0x0136, 0x0136, 0x0136,
  0x0136, 0x0156, 0x0156, 0x0157, 0x0157, 0x0157, 0x0178, 0x0178, 0x0178, 0x0199, 0x0199, 0x01BA,
  0x01DB, 0x01FC, 0x023D, 0x023E, 0x035F, 0x0BFF, 0x02FF, 0x025F, 0x025E, 0x023E, 0x023E, 0x021D,
  0x01FD, 0x01DB, 0x0197, 0x0134, 0x0172, 0x000F, 0x008E, 0x059C, 0x043D, 0x015B, 0x32BB, 0x0019,
  0xC65D, 0xB5DC, 0x1A59, 0x023A, 0x017B, 0x743B, 0xDEFD, 0xC63D, 0x3AFA, 0x0019, 0x951B, 0xD69D,
  0x0219, 0x025A, 0x10FA, 0x047C, 0x05FB, 0x0004, 0x0047, 0x00A8, 0x08C9, 0x4A8D, 0x192A, 0x3A0C,
  0x194B, 0x00CA, 0x0089, 0x0007, 0x1929, 0x0049, 0x090A, 0x192A, 0x010A, 0x29AB, 0x0007, 0x2149,
  0x1928, 0x0005, 0x0006, 0x52CD, 0x0005, 0x00A8, 0x1949, 0x10E9, 0x31AA, 0x216A, 0x08E8, 0x2149,
  0x10E8, 0x1929, 0x2169, 0x0068, 0x00A8, 0x00A8, 0x00A8, 0x00A8, 0x00A8, 0x0088, 0x10E8, 0x0005,
  0x528D, 0x630F, 0x0006, 0x00A8, 0x00A8, 0x0087, 0x08A7, 0x2107, 0x0006, 0xB443, 0xF4C0, 0xE1E0,
  0xE1C0, 0xE284, 0xE1A0, 0xD900, 0xCB0A, 0xC470, 0xE6FB, 0xF6BA, 0xF574, 0xFF3B, 0xE6DA, 0xD450,
  0xD2E9, 0xD840, 0xE200, 0xE262, 0xE260, 0xD9A2, 0xFDC4, 0x93C3, 0x0006, 0x0027, 0x2148, 0x0000,
  0x2169, 0x52CD, 0x0006, 0x0002, 0x39EB, 0x31CA, 0x0000, 0x0000, 0x2148, 0x31C9, 0x0000, 0x0005,
  0x52AC, 0x4A6C, 0x0002, 0x1948, 0x10E8, 0x0001, 0x0004, 0x0085, 0x0004, 0x0000, 0x424B, 0x31C9,
  0x0001, 0x1908, 0x0066, 0x2968, 0x2988, 0x2147, 0x2127, 0x10E7, 0x0025, 0x2147, 0x2127, 0x1907,
  0x0066, 0x10E7, 0x1927, 0x1907, 0x31A8, 0x2967, 0x10A5, 0x0045, 0x0085, 0x10E6, 0x0000, 0x31A8,
  0x6B2D, 0x31A8, 0x0000, 0x18E6, 0x0045, 0x0985, 0x0004, 0x2525, 0x3EC6, 0x1443, 0x2C46, 0x0480,
  0x4CE9, 0xDF5B, 0xFFFF, 0xD6FA, 0x752E, 0xE75C, 0xFFFF, 0xB615, 0x6CCD, 0xE77C, 0xFFFF, 0xB656,
  0x0440, 0x0480, 0x0C63, 0x2CE5, 0x6708, 0x2B84, 0x0004, 0x10E5, 0x0864, 0x0884, 0x3187, 0x0000,
  0x0004, 0x2947, 0x0000, 0x0001, 0x630C, 0x0000, 0x18A5, 0x2126, 0x0000, 0x528B, 0x1084, 0x0003,
  0x39C8, 0x4209, 0x2105, 0x18C4, 0x4A6A, 0x39C8, 0x52AB, 0x0000, 0x4A4A, 0x39C8, 0x0000, 0x2925,
  0x1863, 0x20E4, 0x0802, 0x2946, 0x8430, 0x3166, 0x0001, 0x20E4, 0x18A4, 0x20A5, 0x0000, 0x516F,
  0xA29C, 0x5974, 0x4814, 0x5934, 0x6293, 0xA4F6, 0xF7BF, 0xEF7E, 0x6A73, 0x0012, 0x69B6, 0x4014,
  0x3813, 0xCE5B, 0xFFFF, 0xC5F9, 0x6B12, 0x59D3, 0x5014, 0x5133, 0xAB1B, 0x9A96, 0x0000, 0x28A3,
  0x3966, 0x0000, 0x28E3, 0x630C, 0x28E3, 0x0000, 0x4A28, 0x732C, 0x5228, 0x5228, 0x49E7, 0x5A49,
  0x49E7, 0x49E7, 0x4186, 0x4A08, 0x3965, 0x30C2, 0x49C7, 0x0800, 0x40E2, 0x4944, 0x4944, 0x0000,
  0x6269, 0x51A6, 0x3800, 0x1000, 0x6ACA, 0x5228, 0x2000, 0x4165, 0x3880, 0x4965, 0x4944, 0x51A6,
  0x51A6, 0x4923, 0x5164, 0x61C6, 0x71C5, 0x79A4, 0x8205, 0x9225, 0xAA21, 0xCAC0, 0xE340, 0xF420,
  0xFD60, 0xFDC0, 0xFDE1, 0xFE02, 0xFE66, 0xFEEA, 0xFF72, 0xFFD9, 0xFFB4, 0xFF6F, 0xFF0C, 0xFE86,
  0xFE22, 0xFDC0, 0xFDA0, 0xFD60, 0xFD40, 0xFD60, 0xFD40, 0xFCE0, 0xFC40, 0xFBA0, 0xFB80, 0xFB20,
  0xFAE0, 0xF2A0, 0xF280, 0xEA60, 0xEA60, 0xE240, 0xE240, 0xE220, 0xE220, 0xEA80, 0xF2C0, 0xFA40,
  0xF180, 0xF260, 0xF440, 0xFDC0, 0xFE80, 0xFE80, 0xFE40, 0xFE00, 0xFE20, 0xFE20, 0xFE20, 0xFE20,
  0xFE20, 0xFE20, 0xFE20, 0xFE00,
  0x0198, 0x023C, 0x029E, 0x02DE, 0x02FE, 0x031E, 0x033E, 0x033F, 0x045F, 0x051F, 0x043E, 0x01DC,
  0x001A, 0x01B8, 0x0197, 0x0136, 0x0155, 0x0135, 0x0135, 0x0135, 0x0135, 0x0135, 0x0135, 0x0135,
  0x0135, 0x0156, 0x0156, 0x0157, 0x0157, 0x0157, 0x0157, 0x0178, 0x0178, 0x0178, 0x0199, 0x01BA,
  0x01DB, 0x01FD, 0x021E, 0x02DF, 0x1BFF, 0x0B5F, 0x023F, 0x023E, 0x021D, 0x01FD, 0x01FD, 0x01FC,
  0x01DC, 0x01BA, 0x0177, 0x0134, 0x0132, 0x0150, 0x000A, 0x051B, 0x0C9D, 0x017A, 0x3A9A, 0x0017,
  0xAD9B, 0xD6BD, 0x0199, 0x01BA, 0x3ADA, 0x0119, 0x09D7, 0xC63B, 0xADBC, 0x0019, 0xBE1C, 0xC63B,
  0x00F8, 0x023A, 0x1019, 0x051C, 0x0518, 0x0000, 0x08C8, 0x0007, 0x31AA, 0xB5B7, 0xCE7A, 0xB5B7,
  0x8412, 0x9CF5, 0x8412, 0xBE19, 0x0000, 0x94D4, 0xC639, 0x6350, 0x9CF5, 0x9494, 0xAD76, 0x0003,
  0xAD96, 0x1928, 0xB597, 0xC619, 0xA535, 0x0007, 0x10E9, 0x00C8, 0x0068, 0x0088, 0x0088, 0x0088,
  0x0088, 0x0088, 0x0088, 0x00A8, 0x00A8, 0x00A8, 0x0088, 0x0088, 0x0087, 0x0087, 0x08C8, 0x0005,
  0x4A6C, 0x62EF, 0x0006, 0x00A7, 0x00A7, 0x00A7, 0x0087, 0x3127, 0x0006, 0x9B63, 0xECA0, 0xDA80,
  0xD980, 0xDA20, 0xDA44, 0xD9E0, 0xD000, 0xC000, 0xB1A2, 0xDE18, 0xF7BE, 0xCDB6, 0xC9E3, 0xE000,
  0xE800, 0xEA43, 0xE243, 0xE240, 0xD9E0, 0xD261, 0xED41, 0x72A3, 0x0005, 0x2148, 0x0004, 0x5B0D,
  0xB596, 0xBDF8, 0x8452, 0x632E, 0xC619, 0xCE9A, 0x8431, 0x632E, 0xC619, 0xC639, 0x5B0D, 0x8C72,
  0xC619, 0xBDF8, 0x6B6F, 0x9CF4, 0x7C11, 0xBDF8, 0x424A, 0x8431, 0x8431, 0x7BCF, 0xCE59, 0xB5B7,
  0x5B0D, 0x0002, 0x1927, 0x0025, 0x0026, 0x0046, 0x0046, 0x0066, 0x0086, 0x0025, 0x0045, 0x0065,
  0x0066, 0x0045, 0x0045, 0x0045, 0x0005, 0x0025, 0x0065, 0x0085, 0x0065, 0x10E6, 0x0000, 0x31A8,
  0x632D, 0x3188, 0x0000, 0x10E6, 0x0005, 0x09A5, 0x0005, 0x0C25, 0x36A6, 0x1CA3, 0x2BA6, 0x0440,
  0x44C9, 0xD71A, 0xFFFF, 0xCED9, 0x750E, 0xDF3B, 0xFFFF, 0xAE15, 0x6CAD, 0xE75C, 0xFFFF, 0xAE35,
  0x03E0, 0x0460, 0x03A3, 0x3D45, 0x56A7, 0x1A64, 0x0005, 0x2146, 0x0000, 0x9CD3, 0x8C31, 0xC638,
  0x0001, 0xA535, 0x7BF0, 0xAD55, 0xBDD7, 0x8C71, 0xA514, 0x7BCF, 0x8C72, 0xC639, 0xBDD7, 0x5AEC,
  0xAD75, 0x0000, 0x8C71, 0x94B3, 0xAD76, 0xD69A, 0xAD55, 0x9492, 0xB5B6, 0xAD75, 0x5AEC, 0x0000,
  0x2925, 0x18C4, 0x0803, 0x3146, 0x8410, 0x3166, 0x0001, 0x20E4, 0x18A3, 0x20C5, 0x0060, 0x38EB,
  0x923B, 0x6995, 0x3011, 0x5994, 0x0011, 0x000E, 0xCE7A, 0xFFFF, 0xD67B, 0x7B15, 0x58F4, 0x6A14,
  0xB579, 0xFFFF, 0xF79E, 0x6B12, 0x000E, 0x59D3, 0x4012, 0x5952, 0xAADC, 0x79F4, 0x0000, 0x4168,
  0x0000, 0x5249, 0xA4F3, 0xC5F7, 0x9471, 0x7BCF, 0xBDB6, 0xBDB6, 0x83EF, 0xA514, 0xD679, 0xCE59,
  0x8C50, 0xA4F3, 0xCE59, 0xC5F7, 0x9450, 0xA4D3, 0x83CF, 0xC618, 0x2000, 0xAD34, 0x7B4D, 0x8C10,
  0xCE38, 0xCE58, 0x6B0B, 0x8C30, 0xB575, 0xBD96, 0x734C, 0x2000, 0x40E2, 0x40C1, 0x40C1, 0x40A0,
  0x40A0, 0x48C1, 0x48C0, 0x50C0, 0x6900, 0x7120, 0x8160, 0x91A0, 0xAA20, 0xC280, 0xE320, 0xF400,
  0xFD20, 0xFD80, 0xFDA0, 0xFDC1, 0xFE24, 0xFEA8, 0xFF0D, 0xFF95, 0xFFD9, 0xFF92, 0xFF2E, 0xFEC9,
  0xFE65, 0xFDE2, 0xFDA0, 0xFD60, 0xFD20, 0xFD00, 0xFD00, 0xFD00, 0xFD00, 0xFC60, 0xFB80, 0xFB20,
  0xFB00, 0xF2A0, 0xF280, 0xEA60, 0xE240, 0xE220, 0xDA20, 0xDA20, 0xDA00, 0xDA00, 0xDA00, 0xE260,
  0xEA80, 0xF200, 0xE900, 0xEA60, 0xF440, 0xFDC0, 0xFE80, 0xFE80, 0xFE20, 0xFE00, 0xFE20, 0xFE20,
  0xFE20, 0xFE20, 0xFE20, 0xFE20,
  0x025D, 0x029E, 0x02BE, 0x02BE, 0x02FE, 0x02FE, 0x033F, 0x045F, 0x045E, 0x02FC, 0x001B, 0x00F8,
  0x01B7, 0x0156, 0x0135, 0x0135, 0x0134, 0x0134, 0x0134, 0x0134, 0x0134, 0x0134, 0x0135, 0x0135,
  0x0135, 0x0156, 0x0156, 0x0157, 0x0157, 0x0157, 0x0157, 0x0157, 0x0177, 0x0178, 0x0199, 0x01BA,
  0x01DB, 0x021D, 0x027F, 0x1BBF, 0x23BF, 0x027F, 0x023E, 0x01FD, 0x01DC, 0x01BB, 0x01DB, 0x01BB,
  0x01BA, 0x0199, 0x0177, 0x0134, 0x0111, 0x0190, 0x0005, 0x0417, 0x0D1D, 0x0218, 0x21B8, 0x0118,
  0x3277, 0xEF9E, 0xA55B, 0x0016, 0x0138, 0x3278, 0x0017, 0x3278, 0x0117, 0x5B59, 0xEF9E, 0x7C18,
  0x0018, 0x0A39, 0x0017, 0x05BE, 0x03B3, 0x0000, 0x00C8, 0x00A8, 0x1908, 0x6B6F, 0xE71C, 0x73D0,
  0x8432, 0xC659, 0x94D4, 0xFFFF, 0x4A6D, 0xD6BB, 0xE73D, 0x8432, 0xBDF8, 0xAD56, 0xF79E, 0x73B0,
  0xC639, 0x9CF4, 0xCE7A, 0x8412, 0xAD76, 0x00A9, 0x0068, 0x10E8, 0x00A8, 0x00A8, 0x0088, 0x00A8,
  0x00A8, 0x00A8, 0x00A8, 0x0088, 0x00A8, 0x00A8, 0x0088, 0x0088, 0x0087, 0x0087, 0x08C8, 0x0004,
  0x4A6C, 0x5AEE, 0x0006, 0x00A7, 0x00A7, 0x00A7, 0x0087, 0x3107, 0x0006, 0x6A03, 0xE460, 0xE320,
  0xC8C0, 0xDA20, 0xD1C0, 0xD1C0, 0xD286, 0xDA65, 0xC800, 0xE5D6, 0xFFFF, 0xD491, 0xD000, 0xE265,
  0xE286, 0xDA00, 0xD9E0, 0xDA60, 0xD020, 0xDBA1, 0xDCA0, 0x3103, 0x0005, 0x31A9, 0x0000, 0x8C72,
  0xEF3D, 0xB5B7, 0x4A6B, 0xBDF8, 0xAD55, 0x9CD4, 0x7C11, 0xCE59, 0xA535, 0xA515, 0xBDF8, 0xBDD8,
  0xBDD7, 0xAD76, 0xBDF8, 0xBDD8, 0x9CF4, 0xEF5D, 0xBDF8, 0x9CF4, 0xB5B7, 0xC639, 0x9CF4, 0xA515,
  0x738F, 0x0000, 0x2127, 0x0066, 0x0086, 0x0086, 0x0086, 0x0066, 0x0066, 0x0086, 0x0066, 0x0066,
  0x0065, 0x0065, 0x0065, 0x0065, 0x0065, 0x0065, 0x0065, 0x0085, 0x0065, 0x10E6, 0x0001, 0x3188,
  0x632D, 0x3188, 0x0001, 0x10E6, 0x0025, 0x0165, 0x0004, 0x0223, 0x2E46, 0x2544, 0x2B66, 0x03E0,
  0x4469, 0xDF3B, 0xFFFF, 0xD6DA, 0x74CE, 0xE75C, 0xFFFF, 0xBE57, 0x74EE, 0xEF9D, 0xFFFF, 0xB616,
  0x0340, 0x0420, 0x02A3, 0x4606, 0x3DC5, 0x0003, 0x0805, 0x2187, 0x0000, 0xC638, 0xA514, 0xFFDF,
  0xA514, 0xBDF7, 0xA514, 0xE73D, 0xBDF8, 0x5ACC, 0xC618, 0xAD55, 0xD69A, 0x9492, 0xAD55, 0x738E,
  0xDEDB, 0x73AF, 0xCE59, 0x9CF4, 0x738E, 0xE73C, 0x528B, 0xCE59, 0xE6FC, 0x94B3, 0x4209, 0x0000,
  0x20E5, 0x18C4, 0x0802, 0x2946, 0x8410, 0x3166, 0x0001, 0x20E4, 0x18A3, 0x20A5, 0x0880, 0x0862,
  0x7998, 0x81D9, 0x102D, 0x5133, 0x2011, 0x8C15, 0xF79E, 0xFFFF, 0xFFFF, 0xF7BF, 0xDEBC, 0xEF3D,
  0xFFFF, 0xFFFF, 0xFFFF, 0xB598, 0x100F, 0x5973, 0x200E, 0x71D5, 0xA27C, 0x510E, 0x0000, 0x49C9,
  0x0000, 0x7B8E, 0xDEDB, 0xD679, 0x6AEB, 0x9CB2, 0xDEDB, 0xBDD7, 0x7B6D, 0x49E7, 0xDEDB, 0xBDD7,
  0x4A07, 0x5A8A, 0xDEDB, 0x9CB2, 0x736D, 0xCE79, 0x9471, 0xFFDF, 0xAD14, 0xBDD7, 0x9C91, 0xDEBA,
  0xA4D3, 0xBD96, 0x6AEB, 0xC617, 0xDEDB, 0xAD34, 0x6289, 0x3000, 0x40E2, 0x40E2, 0x40E1, 0x40E1,
  0x40E1, 0x40E1, 0x48E1, 0x5101, 0x6921, 0x7140, 0x8160, 0x91A0, 0xA1E0, 0xBA40, 0xDAE0, 0xFC00,
  0xFD00, 0xFD40, 0xFD60, 0xFD81, 0xFDE2, 0xFE45, 0xFEA8, 0xFF2F, 0xFFB8, 0xFFD9, 0xFF6F, 0xFF0D,
  0xFEA8, 0xFE44, 0xFDC0, 0xFD60, 0xFD40, 0xFD00, 0xFCC0, 0xFC80, 0xFCA0, 0xFCC0, 0xFC80, 0xFBA0,
  0xFB00, 0xFAE0, 0xF280, 0xEA60, 0xE240, 0xDA20, 0xDA00, 0xD200, 0xD200, 0xD1E0, 0xC9E0, 0xC9C0,
  0xD1E0, 0xDA40, 0xE260, 0xE1A0, 0xD8C0, 0xE280, 0xEC40, 0xFDC0, 0xFE80, 0xFE60, 0xFE00, 0xFDE0,
  0xFE20, 0xFE20, 0xFE00, 0xFE00,
  0x027D, 0x027D, 0x029D, 0x02DE, 0x02BE, 0x035F, 0x043F, 0x03BD, 0x01FA, 0x0018, 0x0177, 0x0196,
  0x0115, 0x0134, 0x0134, 0x0113, 0x0113, 0x0113, 0x0113, 0x0113, 0x0134, 0x0134, 0x0134, 0x0135,
  0x0135, 0x0156, 0x0157, 0x0157, 0x0156, 0x0156, 0x0156, 0x0157, 0x0157, 0x0178, 0x0199, 0x01BA,
  0x01FC, 0x021E, 0x1B5F, 0x2BDF, 0x0ABF, 0x021E, 0x01FD, 0x01BC, 0x01BB, 0x019A, 0x019A, 0x019A,
  0x0199, 0x0198, 0x0156, 0x0133, 0x00F1, 0x0170, 0x0008, 0x020F, 0x0D3D, 0x0359, 0x0016, 0x3279,
  0x0016, 0x9CF8, 0xEF7E, 0xA57A, 0x0014, 0x0015, 0x21F5, 0x0015, 0x6398, 0xEF7E, 0xB5D9, 0x0016,
  0x0218, 0x0816, 0x0B98, 0x0D7D, 0x016A, 0x0006, 0x00A8, 0x00C9, 0x0048, 0x0000, 0xCE7A, 0x0004,
  0x73B0, 0xBE18, 0x9493, 0xD6BB, 0xD69B, 0xCE5A, 0xC619, 0x8C72, 0xB5B7, 0x9CD4, 0xCE59, 0xCE7A,
  0xC639, 0xBDD8, 0xB597, 0x0000, 0xCE7A, 0x52CD, 0x0003, 0x2149, 0x0067, 0x0087, 0x0087, 0x00A8,
  0x0088, 0x0088, 0x0088, 0x0088, 0x00A8, 0x0088, 0x0087, 0x0087, 0x0087, 0x0087, 0x08C8, 0x0005,
  0x4A4C, 0x5ACE, 0x0006, 0x00A7, 0x00A7, 0x00A7, 0x0087, 0x18A7, 0x0086, 0x0003, 0xCBC0, 0xEBC0,
  0xC120, 0xC9A0, 0xC9C0, 0xD245, 0xD000, 0xD36B, 0xDDF7, 0xDE17, 0xD5D7, 0xD5B6, 0xDDB5, 0xC246,
  0xC800, 0xD203, 0xD1E0, 0xD200, 0xC0E0, 0xF4C1, 0xB381, 0x0005, 0x0046, 0x1907, 0x0004, 0x4A4B,
  0x8452, 0xAD76, 0x8C72, 0xD69A, 0x3A0A, 0x0000, 0x00A8, 0xE71C, 0x0006, 0x0000, 0xDEDB, 0xB5B7,
  0xCE59, 0xCE7A, 0x738F, 0xBDD7, 0x94D3, 0xBE18, 0xC639, 0xD6BB, 0xA535, 0xD6BB, 0x0000, 0xA535,
  0xA515, 0x0000, 0x2988, 0x0025, 0x0086, 0x0066, 0x0066, 0x0066, 0x0066, 0x0066, 0x0066, 0x0065,
  0x0065, 0x0065, 0x0065, 0x0065, 0x0065, 0x0065, 0x0065, 0x0085, 0x0065, 0x10C6, 0x0001, 0x3187,
  0x630D, 0x3188, 0x0001, 0x10E6, 0x0065, 0x00A5, 0x0104, 0x0001, 0x1564, 0x2E45, 0x2C06, 0x0380,
  0x4428, 0xCED9, 0xFFFF, 0xC657, 0x642C, 0xD6FA, 0xFFFF, 0xAE15, 0x6CCD, 0xDF3B, 0xFFFF, 0xA5B4,
  0x0300, 0x0320, 0x2345, 0x46A7, 0x1C23, 0x0003, 0x10A5, 0x2147, 0x0000, 0xBDD7, 0xAD55, 0xC638,
  0xCE59, 0xD6BB, 0x73CF, 0x8410, 0xAD76, 0xA514, 0xBDB7, 0xB5B7, 0xD69A, 0x0000, 0xB5B7, 0x9492,
  0xD6BA, 0xB596, 0xDEDB, 0x8C72, 0x0000, 0xCE59, 0x0000, 0x6B6E, 0x9CD3, 0xBDD7, 0x8410, 0x0000,
  0x2946, 0x18A4, 0x0002, 0x2945, 0x8430, 0x3166, 0x0001, 0x20E4, 0x18A3, 0x20A4, 0x18A4, 0x0020,
  0x58F2, 0x89DC, 0x38EF, 0x38F0, 0x2010, 0x7353, 0xE73D, 0xDEFB, 0xBDF8, 0xFFDF, 0xFFFF, 0xFFFF,
  0xD69A, 0xCE5A, 0xEF5D, 0x9CB5, 0x0010, 0x4912, 0x28AD, 0x925A, 0x89D9, 0x0000, 0x1880, 0x3126,
  0x1800, 0x4A08, 0x83EF, 0xB5B6, 0xA4F3, 0xA4F3, 0xCE59, 0x9CD3, 0x41A6, 0x0000, 0xC5F7, 0x9492,
  0x0000, 0x0000, 0xC638, 0x5A8A, 0x5228, 0xC618, 0xA4D3, 0xCE38, 0xD679, 0xDEBA, 0xA4D2, 0xE6FB,
  0x0000, 0xACF3, 0xAD34, 0x732C, 0x9CB2, 0xBDD7, 0x8C10, 0x2000, 0x40E2, 0x40C2, 0x40C1, 0x40E1,
  0x40C1, 0x48E1, 0x48E1, 0x5101, 0x6921, 0x7140, 0x8160, 0x91A0, 0xA1C0, 0xBA20, 0xDAE0, 0xF3E0,
  0xFCC0, 0xFD20, 0xFD20, 0xFD60, 0xFDA1, 0xFDE2, 0xFE45, 0xFECA, 0xFF72, 0xFFDB, 0xFFB6, 0xFF2D,
  0xFECC, 0xFE86, 0xFE22, 0xFDA0, 0xFD40, 0xFD00, 0xFCC0, 0xFC60, 0xFC20, 0xFC20, 0xFC60, 0xFC60,
  0xFBA0, 0xFAE0, 0xFAC0, 0xF280, 0xE240, 0xDA20, 0xDA00, 0xD1E0, 0xC9E0, 0xC9C0, 0xC9C0, 0xC1C0,
  0xC1C0, 0xC1A0, 0xC9E0, 0xDA40, 0xDA40, 0xD140, 0xD0C0, 0xE280, 0xEC60, 0xFDC0, 0xFE60, 0xFE40,
  0xFDE0, 0xFDE0, 0xFE00, 0xFDE0,
  0x025C, 0x027D, 0x027D, 0x029E, 0x035F, 0x03BE, 0x02DB, 0x0118, 0x0097, 0x0195, 0x0134, 0x0114,
  0x0113, 0x0113, 0x0113, 0x0113, 0x0113, 0x0113, 0x0113, 0x0113, 0x0113, 0x0134, 0x0134, 0x0135,
  0x0136, 0x0157, 0x0156, 0x0136, 0x0135, 0x0136, 0x0156, 0x0156, 0x0157, 0x0178, 0x0199, 0x01DB,
  0x01DD, 0x02BF, 0x33DF, 0x235F, 0x021E, 0x021C, 0x01BB, 0x019A, 0x019A, 0x0199, 0x0199, 0x0199,
  0x0178, 0x0177, 0x0155, 0x0133, 0x00F0, 0x00EF, 0x014D, 0x0000, 0x03F9, 0x251D, 0x09F7, 0x0097,
  0x2217, 0x0013, 0x94D7, 0xDF1C, 0xD6BC, 0xCE7B, 0xC63B, 0xCE7C, 0xE71C, 0xB598, 0x0014, 0x01B7,
  0x0958, 0x0935, 0x1D7E, 0x03B5, 0x0000, 0x0087, 0x00A8, 0x00A8, 0x00A9, 0x298A, 0xDEDC, 0x424C,
  0x7C11, 0xC659, 0xA515, 0xB597, 0xC619, 0x9D15, 0xCE7A, 0x94B3, 0xC618, 0xA556, 0x94B4, 0xB5B7,
  0xEF7D, 0x73D0, 0xDEDB, 0xAD76, 0xE73C, 0x52CC, 0x0000, 0x2169, 0x0067, 0x0087, 0x0087, 0x0088,
  0x0088, 0x0088, 0x0088, 0x00A8, 0x00A8, 0x0087, 0x0087, 0x0087, 0x0087, 0x0087, 0x08C8, 0x0005,
  0x4A4C, 0x5ACE, 0x0006, 0x00A7, 0x00A7, 0x00A7, 0x0087, 0x0067, 0x30E6, 0x0004, 0x81E2, 0xF420,
  0xD2E0, 0xB800, 0xC9E1, 0xCA24, 0xC000, 0xEE79, 0xEF9E, 0xCDF7, 0xCD95, 0xCDF7, 0xF7BE, 0xDD95,
  0xB800, 0xC180, 0xCA22, 0xB000, 0xDBC1, 0xF460, 0x5963, 0x0006, 0x10A7, 0x2148, 0x0000, 0x738F,
  0xA535, 0xCE59, 0xBDF8, 0xB597, 0xBDF8, 0xC618, 0x94B3, 0xBDD7, 0xC618, 0xC639, 0xB5D7, 0xBDD8,
  0xB596, 0xCE7A, 0x8431, 0xBDF8, 0xA535, 0xC639, 0x5B0D, 0xF79E, 0x9CF4, 0xBDF8, 0xBDF8, 0xD69A,
  0xB5B7, 0x0000, 0x31C9, 0x0005, 0x0086, 0x0066, 0x0066, 0x0066, 0x0066, 0x0066, 0x0066, 0x0066,
  0x0065, 0x0065, 0x0065, 0x0065, 0x0065, 0x0065, 0x0065, 0x0065, 0x0065, 0x10C6, 0x0001, 0x2987,
  0x630D, 0x3188, 0x0001, 0x10E6, 0x0065, 0x0024, 0x0184, 0x0003, 0x0301, 0x2EA5, 0x3566, 0x0300,
  0x1C04, 0x5C0C, 0x744E, 0x53CA, 0x2345, 0x5C0B, 0x74AF, 0x4C2A, 0x2BE6, 0x648C, 0x748E, 0x4BE9,
  0x03A0, 0x01C0, 0x45C7, 0x2DE5, 0x00C2, 0x0804, 0x1105, 0x2127, 0x0000, 0xC618, 0xB5B7, 0xB596,
  0x8410, 0xF79E, 0x9492, 0xAD55, 0xC639, 0xD69A, 0xC638, 0xA514, 0xCE79, 0xAD75, 0xE71C, 0xAD55,
  0xDEDB, 0x31A8, 0xC638, 0xA514, 0x4209, 0xDEDB, 0x0000, 0x9CD3, 0xAD76, 0xE71C, 0xA535, 0x0000,
  0x31A7, 0x1084, 0x0001, 0x2925, 0x8430, 0x3186, 0x0802, 0x20E4, 0x18A4, 0x20A3, 0x20A5, 0x0060,
  0x1006, 0x7979, 0x8219, 0x106C, 0x4012, 0x2810, 0x5AB1, 0x62B1, 0x000B, 0xB578, 0xFFFF, 0xDEFC,
  0x180C, 0x30AD, 0x6B11, 0x280F, 0x4013, 0x102E, 0x7215, 0x9A7C, 0x4870, 0x0000, 0x2886, 0x3965,
  0x0000, 0x6B2C, 0xA514, 0xCE79, 0xD679, 0xB575, 0xD679, 0xBDD7, 0x83EF, 0x0000, 0xCE39, 0xA534,
  0x0800, 0x1800, 0xDEBA, 0x83CE, 0x6AEB, 0xCE38, 0xAD55, 0xBDB6, 0x83EF, 0xFFDF, 0x9451, 0xCE59,
  0xB575, 0xE6FB, 0xC5F7, 0xA4D2, 0xAD34, 0xE6FB, 0xAD55, 0x0000, 0x38E3, 0x38C2, 0x40C1, 0x48E1,
  0x48E1, 0x48E1, 0x50E1, 0x5101, 0x6121, 0x7140, 0x7960, 0x9180, 0xA1E0, 0xBA40, 0xD2A0, 0xEB80,
  0xFC60, 0xFCE0, 0xFD00, 0xFD20, 0xFD40, 0xFD81, 0xFDE3, 0xFE67, 0xFF0D, 0xFFB6, 0xFFDB, 0xFF51,
  0xFEEA, 0xFE8A, 0xFE65, 0xFE02, 0xFD60, 0xFD00, 0xFCC0, 0xFC60, 0xFC00, 0xFBC0, 0xFBA0, 0xFBE0,
  0xFC20, 0xFBC0, 0xFB00, 0xF2A0, 0xEA80, 0xE240, 0xDA20, 0xD1E0, 0xC9C0, 0xC1C0, 0xC1A0, 0xB9A0,
  0xB9A0, 0xB9A0, 0xB9A0, 0xC1A0, 0xC9E0, 0xD220, 0xCA00, 0xC900, 0xC860, 0xDA80, 0xEC60, 0xFDC0,
  0xFE60, 0xFE20, 0xFDC0, 0xFDC0,
  0x025C, 0x023C, 0x02BE, 0x033E, 0x02FC, 0x01F9, 0x0056, 0x0115, 0x0174, 0x00F3, 0x00F2, 0x0112,
  0x00F2, 0x00F2, 0x00F2, 0x00F2, 0x00F2, 0x00F2, 0x0113, 0x0113, 0x0114, 0x0134, 0x0134, 0x0135,
  0x0156, 0x0136, 0x0135, 0x0135, 0x0135, 0x0135, 0x0156, 0x0156, 0x0157, 0x0178, 0x019A, 0x01DC,
  0x023E, 0x2BBF, 0x33BF, 0x023F, 0x021D, 0x01BB, 0x019A, 0x0179, 0x0178, 0x0178, 0x0178, 0x0178,
  0x0177, 0x0156, 0x0134, 0x0112, 0x00F0, 0x00CE, 0x010D, 0x0006, 0x000A, 0x14DD, 0x249C, 0x0013,
  0x0835, 0x11F5, 0x0012, 0x5B35, 0xAD79, 0xBE1A, 0xBDFA, 0xAD98, 0x73B4, 0x0011, 0x0175, 0x1156,
  0x0013, 0x24DC, 0x14BC, 0x0005, 0x0003, 0x00A7, 0x0088, 0x00A8, 0x0088, 0x0088, 0x8C93, 0x194A,
  0x52AD, 0x8432, 0x6B6F, 0x73B0, 0x00A7, 0x4A6C, 0x8C73, 0x5B0E, 0x7C11, 0x73B0, 0x632E, 0x3A0B,
  0xA515, 0x0006, 0x94B3, 0xAD55, 0x7BF0, 0x0067, 0x00A7, 0x00A8, 0x0088, 0x0087, 0x0087, 0x0088,
  0x0088, 0x0088, 0x0088, 0x0088, 0x0088, 0x0088, 0x0088, 0x0087, 0x0087, 0x0087, 0x08C8, 0x0005,
  0x4A4C, 0x5AAE, 0x0006, 0x00A7, 0x00A7, 0x0087, 0x0087, 0x0087, 0x1086, 0x18C5, 0x0003, 0xBAE1,
  0xF420, 0xC240, 0xB802, 0xC9C0, 0xC1A0, 0xCD13, 0xCD96, 0xC534, 0xC575, 0xC534, 0xCDD7, 0xCCD2,
  0xC9C0, 0xC980, 0xB002, 0xBB21, 0xF481, 0x9A40, 0x0004, 0x0086, 0x0887, 0x10E8, 0x0005, 0x424B,
  0x9CF4, 0xA535, 0x630D, 0x39E9, 0xA535, 0xB597, 0x630D, 0x39E9, 0xAD55, 0xAD96, 0x3A0A, 0x7BF1,
  0x4A8C, 0x5AED, 0x8C52, 0x7BD0, 0x6B6F, 0x8C72, 0x0003, 0x8C72, 0x634E, 0x4A8B, 0xAD76, 0x9492,
  0x4A8B, 0x0003, 0x10E7, 0x0066, 0x0066, 0x0066, 0x0066, 0x0066, 0x0066, 0x0066, 0x0066, 0x0066,
  0x0065, 0x0065, 0x0065, 0x0065, 0x0065, 0x0065, 0x0065, 0x0065, 0x0065, 0x10C6, 0x0001, 0x2988,
  0x630D, 0x2988, 0x0000, 0x10C5, 0x0044, 0x0064, 0x0084, 0x0124, 0x0003, 0x04C3, 0x3EA7, 0x3465,
  0x0220, 0x0300, 0x0280, 0x02C0, 0x0320, 0x02C0, 0x0280, 0x0320, 0x0380, 0x0320, 0x0320, 0x03A0,
  0x0240, 0x3D07, 0x3EA6, 0x0321, 0x0003, 0x08C4, 0x08A5, 0x18C5, 0x0002, 0x8410, 0x73AF, 0x8410,
  0x0000, 0x9CD3, 0x630D, 0x9CF4, 0xAD55, 0x6B4D, 0x8410, 0x630C, 0x6B4E, 0xAD76, 0x9492, 0x5ACC,
  0x9492, 0x0000, 0x7BCF, 0x6B4E, 0x2126, 0x94B3, 0x0000, 0x7BAF, 0xAD55, 0x9CB3, 0x41E8, 0x0002,
  0x18E5, 0x18A4, 0x0002, 0x2925, 0x83EF, 0x3166, 0x0802, 0x20E4, 0x18A4, 0x20A3, 0x18A4, 0x1884,
  0x0000, 0x406F, 0x921C, 0x7215, 0x000B, 0x3851, 0x2010, 0x100F, 0x000F, 0x62F1, 0xBDD8, 0x9474,
  0x000D, 0x000E, 0x100E, 0x4011, 0x000D, 0x59B1, 0x9A9C, 0x7136, 0x0000, 0x20A2, 0x2884, 0x3124,
  0x0800, 0x41C7, 0x9CD3, 0xB596, 0x7BCF, 0x62EB, 0xA4F3, 0xAD55, 0x83EF, 0x0000, 0x8410, 0x734D,
  0x1800, 0x2000, 0x9491, 0x5A69, 0x51E7, 0x8C30, 0x736D, 0x8C30, 0x0000, 0xA4F3, 0x62CB, 0x6AEB,
  0xB575, 0xAD14, 0x6B0B, 0x7BAE, 0xAD54, 0xA4F3, 0x6289, 0x3000, 0x38C2, 0x38C1, 0x38C1, 0x48C1,
  0x48E1, 0x48E1, 0x50E1, 0x5901, 0x6121, 0x6920, 0x7940, 0x9180, 0xA1E0, 0xBA40, 0xD2A0, 0xEB40,
  0xFC20, 0xFCC0, 0xFCC0, 0xFCE0, 0xFD00, 0xFD40, 0xFDA2, 0xFE04, 0xFEA9, 0xFF4F, 0xFFB8, 0xFFB9,
  0xFF0B, 0xFE88, 0xFE46, 0xFE24, 0xFDC1, 0xFD20, 0xFCA0, 0xFC40, 0xFC00, 0xFBC0, 0xFB80, 0xFB40,
  0xFB80, 0xFBA0, 0xFB80, 0xFB00, 0xF280, 0xEA60, 0xDA20, 0xD1E0, 0xC9C0, 0xC1A0, 0xB9A0, 0xB980,
  0xB980, 0xB180, 0xB180, 0xB180, 0xB180, 0xC1A0, 0xC9C0, 0xCA00, 0xC1C0, 0xC0A0, 0xC880, 0xDA80,
  0xEC80, 0xFDC0, 0xFE40, 0xFE00,
  0x021D, 0x02BD, 0x031D, 0x0259, 0x0116, 0x0074, 0x0154, 0x0133, 0x00F2, 0x00F2, 0x00F1, 0x00F1,
  0x00F1, 0x00F1, 0x00F1, 0x00F1, 0x00F2, 0x00F2, 0x0113, 0x0114, 0x0114, 0x0134, 0x0136, 0x0156,
  0x0135, 0x0114, 0x0114, 0x0134, 0x0135, 0x0135, 0x0136, 0x0156, 0x0177, 0x0179, 0x09DB, 0x01FE,
  0x235F, 0x3C1F, 0x0ABF, 0x01DD, 0x01DB, 0x019A, 0x0179, 0x0178, 0x0157, 0x0157, 0x0157, 0x0157,
  0x0156, 0x0135, 0x0133, 0x0112, 0x00F0, 0x00EE, 0x00AC, 0x012B, 0x0000, 0x01B0, 0x149E, 0x2C7B,
  0x1133, 0x0013, 0x1175, 0x0014, 0x0013, 0x00F3, 0x0134, 0x0013, 0x0014, 0x00F5, 0x1013, 0x0911,
  0x1C5B, 0x14BE, 0x016D, 0x0000, 0x00A7, 0x0088, 0x00A8, 0x00A8, 0x00A8, 0x00A8, 0x0005, 0x0089,
  0x0008, 0x0007, 0x0007, 0x0007, 0x0005, 0x0007, 0x0005, 0x0007, 0x0006, 0x0007, 0x0008, 0x0007,
  0x0002, 0x0007, 0x0000, 0x0047, 0x0002, 0x0007, 0x08C8, 0x0088, 0x0088, 0x0088, 0x0088, 0x0088,
  0x0088, 0x0088, 0x00A8, 0x00A8, 0x00A8, 0x00A8, 0x00A8, 0x0088, 0x0087, 0x0087, 0x08C8, 0x0005,
  0x4A4C, 0x5ACE, 0x0005, 0x00A7, 0x0087, 0x0087, 0x0087, 0x0087, 0x0066, 0x20A5, 0x0004, 0x0002,
  0xD340, 0xFC20, 0xCAA0, 0xB800, 0xC142, 0xB020, 0xB0C0, 0xB1A2, 0xB180, 0xB1A2, 0xB040, 0xB8E0,
  0xC101, 0xB800, 0xCB41, 0xFC62, 0xBAC0, 0x0001, 0x0024, 0x1086, 0x0086, 0x0046, 0x1107, 0x0003,
  0x0003, 0x00A7, 0x0001, 0x0000, 0x0003, 0x0000, 0x0000, 0x0000, 0x0001, 0x0001, 0x0000, 0x0003,
  0x0067, 0x0005, 0x0005, 0x0003, 0x0005, 0x0003, 0x08C7, 0x0000, 0x0004, 0x0000, 0x0002, 0x0002,
  0x0000, 0x10E7, 0x0026, 0x0086, 0x0066, 0x0066, 0x0066, 0x0066, 0x0066, 0x0066, 0x0066, 0x0066,
  0x0065, 0x0065, 0x0065, 0x0065, 0x0065, 0x0065, 0x0065, 0x0065, 0x0045, 0x10C6, 0x0002, 0x2988,
  0x630D, 0x3188, 0x0000, 0x10C5, 0x0044, 0x0085, 0x0025, 0x0104, 0x0004, 0x0001, 0x1503, 0x3646,
  0x2C25, 0x19E4, 0x2345, 0x1BC4, 0x0BA3, 0x23C5, 0x2BC6, 0x1BA4, 0x1383, 0x23A5, 0x1B45, 0x1AC3,
  0x4527, 0x3EC7, 0x0441, 0x0002, 0x0824, 0x08C4, 0x0864, 0x0864, 0x10A5, 0x0000, 0x0000, 0x0000,
  0x0024, 0x0000, 0x0000, 0x0000, 0x18E5, 0x0000, 0x0000, 0x0003, 0x0000, 0x0004, 0x0000, 0x0000,
  0x0000, 0x2967, 0x0000, 0x0000, 0x18A5, 0x0000, 0x18E5, 0x0000, 0x0823, 0x0000, 0x0000, 0x2105,
  0x1064, 0x20C4, 0x0802, 0x2945, 0x7BEF, 0x3146, 0x0001, 0x20C4, 0x1883, 0x20A4, 0x18A3, 0x2084,
  0x1061, 0x0000, 0x50B3, 0x8A1C, 0x6A14, 0x0049, 0x206F, 0x4131, 0x4970, 0x304F, 0x000D, 0x200F,
  0x4971, 0x4151, 0x282F, 0x0008, 0x6250, 0x9A9C, 0x7938, 0x0000, 0x0880, 0x28A5, 0x28A2, 0x2882,
  0x3124, 0x0000, 0x0000, 0x30E4, 0x0000, 0x0000, 0x1800, 0x3104, 0x30E3, 0x30E3, 0x0000, 0x1800,
  0x30E3, 0x30E3, 0x1000, 0x3040, 0x3081, 0x1800, 0x2000, 0x2000, 0x38C2, 0x0000, 0x3040, 0x0000,
  0x3000, 0x2000, 0x2000, 0x0000, 0x38C1, 0x3000, 0x2000, 0x4103, 0x38C1, 0x38A1, 0x38C1, 0x40C1,
  0x48E1, 0x48E1, 0x50E1, 0x5901, 0x6920, 0x6920, 0x7940, 0x8960, 0xA1C0, 0xBA20, 0xD2A0, 0xE300,
  0xFC00, 0xFC80, 0xFCA0, 0xFCC0, 0xFCE0, 0xFCE0, 0xFD41, 0xFDA2, 0xFE05, 0xFEA9, 0xFF30, 0xFFD9,
  0xFF76, 0xFE83, 0xFE07, 0xFDE3, 0xFDE2, 0xFD80, 0xFCC0, 0xFC40, 0xFC20, 0xFBC0, 0xFB80, 0xFB40,
  0xFB20, 0xFB00, 0xFB40, 0xFB60, 0xFB00, 0xEA60, 0xDA00, 0xDA00, 0xC9C0, 0xC1A0, 0xB980, 0xB980,
  0xB180, 0xB180, 0xA960, 0xA960, 0xA960, 0xA160, 0xB160, 0xB980, 0xC1A0, 0xB9E0, 0xB9A0, 0xB840,
  0xC060, 0xD2A0, 0xE460, 0xFDC0,
  0x027D, 0x027B, 0x01D7, 0x00B4, 0x00D3, 0x0133, 0x00F1, 0x00F1, 0x00F1, 0x00F1, 0x00F1, 0x00F1,
  0x00F1, 0x00F1, 0x00F1, 0x00F1, 0x00F1, 0x0112, 0x0113, 0x0114, 0x0114, 0x0136, 0x0156, 0x0134,
  0x0114, 0x0114, 0x0114, 0x0114, 0x0114, 0x0135, 0x0136, 0x0157, 0x0178, 0x01BA, 0x01DD, 0x0ABF,
  0x3BFF, 0x2B7F, 0x01BE, 0x09DC, 0x017A, 0x0179, 0x0178, 0x0157, 0x0156, 0x0156, 0x0156, 0x0135,
  0x0135, 0x0134, 0x0113, 0x0111, 0x00EF, 0x00CE, 0x00CD, 0x008A, 0x0109, 0x0000, 0x01D0, 0x1C5D,
  0x34BD, 0x2337, 0x10F3, 0x2013, 0x0012, 0x0012, 0x0012, 0x0013, 0x2013, 0x1952, 0x2336, 0x247D,
  0x0C1D, 0x018F, 0x0000, 0x00A6, 0x0087, 0x0088, 0x00A8, 0x00A8, 0x00A8, 0x00A8, 0x0088, 0x00A8,
  0x0088, 0x0068, 0x0088, 0x0088, 0x214A, 0x08E8, 0x0048, 0x0088, 0x0088, 0x0088, 0x0088, 0x1108,
  0x0088, 0x10E8, 0x00A8, 0x0005, 0x1108, 0x08C8, 0x0088, 0x00A8, 0x0088, 0x0088, 0x0088, 0x0088,
  0x0088, 0x0088, 0x0088, 0x0088, 0x0088, 0x0088, 0x0088, 0x0088, 0x0087, 0x0087, 0x10C8, 0x0005,
  0x4A4C, 0x62CE, 0x0005, 0x0087, 0x0087, 0x0087, 0x0087, 0x0087, 0x0086, 0x0046, 0x28A5, 0x0003,
  0x2802, 0xCB01, 0xFC00, 0xE340, 0xB180, 0xA000, 0xA800, 0xB000, 0xB000, 0xA800, 0xA000, 0xA000,
  0xB220, 0xE3A1, 0xFC41, 0xBAC1, 0x0002, 0x0003, 0x1885, 0x0066, 0x0086, 0x0086, 0x0046, 0x1907,
  0x0005, 0x0003, 0x10E7, 0x2128, 0x0005, 0x0005, 0x1907, 0x1928, 0x0005, 0x0004, 0x1928, 0x0026,
  0x0046, 0x08C7, 0x0005, 0x0066, 0x0046, 0x0026, 0x08A6, 0x10C6, 0x0046, 0x1907, 0x0003, 0x0005,
  0x1907, 0x0026, 0x0086, 0x0066, 0x0066, 0x0066, 0x0066, 0x0066, 0x0066, 0x0066, 0x0066, 0x0065,
  0x0066, 0x0065, 0x0065, 0x0065, 0x0065, 0x0065, 0x0065, 0x0065, 0x0045, 0x10C6, 0x0002, 0x2988,
  0x630D, 0x3188, 0x0001, 0x10C6, 0x0045, 0x0065, 0x0085, 0x0005, 0x0124, 0x0002, 0x0000, 0x0CA2,
  0x3625, 0x3525, 0x1302, 0x0220, 0x02A0, 0x02E0, 0x02E0, 0x02C0, 0x0220, 0x01E1, 0x23A3, 0x45C6,
  0x3EA6, 0x0461, 0x0000, 0x0803, 0x08C4, 0x0844, 0x0885, 0x0885, 0x0885, 0x0044, 0x0865, 0x0044,
  0x18E5, 0x10A5, 0x18E5, 0x0024, 0x0000, 0x2106, 0x1085, 0x1084, 0x2126, 0x0000, 0x0864, 0x18E5,
  0x0844, 0x1084, 0x1064, 0x10A4, 0x10A4, 0x1064, 0x18A5, 0x2105, 0x0000, 0x0002, 0x2926, 0x1063,
  0x18A4, 0x20C4, 0x0802, 0x2946, 0x8410, 0x3166, 0x0002, 0x20C4, 0x1883, 0x18A4, 0x18A4, 0x18A3,
  0x1884, 0x1060, 0x0000, 0x4873, 0x89FC, 0x8258, 0x51AF, 0x0008, 0x000A, 0x000B, 0x000C, 0x000D,
  0x000C, 0x000A, 0x41AC, 0x82B6, 0x9ABC, 0x7137, 0x0003, 0x0060, 0x2085, 0x20A2, 0x28A3, 0x28A3,
  0x2882, 0x3104, 0x2041, 0x0000, 0x28C3, 0x3104, 0x1800, 0x0000, 0x1800, 0x30C3, 0x30A2, 0x30A2,
  0x30C3, 0x30C2, 0x3082, 0x30A2, 0x30A2, 0x30A2, 0x30A2, 0x3081, 0x3903, 0x38E3, 0x3081, 0x4144,
  0x2000, 0x3000, 0x3903, 0x4144, 0x2000, 0x2800, 0x4124, 0x38A1, 0x38C1, 0x40C1, 0x40C1, 0x40C1,
  0x48E1, 0x48E1, 0x50E1, 0x6101, 0x6920, 0x7120, 0x7940, 0x8960, 0x99A0, 0xBA20, 0xCA60, 0xE2E0,
  0xFBC0, 0xFC40, 0xFC60, 0xFC80, 0xFCA0, 0xFCA0, 0xFCE0, 0xFD41, 0xFDA2, 0xFE05, 0xFE89, 0xFF53,
  0xFFB9, 0xFF10, 0xFE00, 0xFDA6, 0xFD80, 0xFDA1, 0xFD40, 0xFC60, 0xFC20, 0xFBC0, 0xFB60, 0xFB40,
  0xFB00, 0xF2E0, 0xF2A0, 0xEAC0, 0xF300, 0xF300, 0xE260, 0xD1C0, 0xD1E0, 0xC9C0, 0xC1A0, 0xB180,
  0xB180, 0xA960, 0xA960, 0xA160, 0xA160, 0xA140, 0x9940, 0xA160, 0xB180, 0xB980, 0xB180, 0xA9C0,
  0xB160, 0xB000, 0xB800, 0xCAC0,
  0x01F8, 0x0114, 0x0093, 0x00F2, 0x0112, 0x00D0, 0x00D0, 0x00D0, 0x00D0, 0x00D0, 0x00D0, 0x00D0,
  0x00F0, 0x00F0, 0x00F0, 0x00F1, 0x00F2, 0x0112, 0x0113, 0x0114, 0x0136, 0x0136, 0x0114, 0x0113,
  0x0113, 0x0114, 0x0114, 0x0114, 0x0114, 0x0135, 0x0136, 0x0157, 0x0199, 0x01DC, 0x021E, 0x339F,
  0x43DF, 0x01FE, 0x01BC, 0x019A, 0x0178, 0x0157, 0x0156, 0x0136, 0x0135, 0x0135, 0x0135, 0x0135,
  0x0134, 0x0133, 0x0112, 0x00F1, 0x00EF, 0x00CE, 0x00CD, 0x00AB, 0x0089, 0x00C8, 0x0000, 0x012D,
  0x139A, 0x24BE, 0x2C7D, 0x2BB9, 0x2336, 0x22D4, 0x22D5, 0x1B37, 0x1BDA, 0x2C7D, 0x247E, 0x0B79,
  0x00CC, 0x0000, 0x00A6, 0x0087, 0x0088, 0x00A8, 0x0088, 0x00A8, 0x00A8, 0x00A8, 0x08E9, 0x00A8,
  0x00A8, 0x08C8, 0x08C8, 0x08C8, 0x0068, 0x00A8, 0x08E8, 0x00A8, 0x08C8, 0x08C8, 0x08C8, 0x0088,
  0x10E8, 0x0087, 0x08C8, 0x1908, 0x00A8, 0x0088, 0x0088, 0x0088, 0x0088, 0x0088, 0x0088, 0x0088,
  0x0088, 0x0088, 0x0088, 0x0088, 0x0088, 0x0087, 0x0087, 0x0087, 0x0087, 0x0087, 0x00A7, 0x0007,
  0x2949, 0x318A, 0x0027, 0x0087, 0x0087, 0x0087, 0x0087, 0x0087, 0x0087, 0x0066, 0x0045, 0x28A4,
  0x0003, 0x0002, 0xAA40, 0xEB60, 0xF360, 0xDB42, 0xD2E3, 0xCA83, 0xCA83, 0xCAC3, 0xD303, 0xDB42,
  0xEBA0, 0xE360, 0x9A00, 0x0002, 0x0004, 0x1885, 0x0066, 0x0086, 0x0086, 0x0086, 0x0086, 0x0066,
  0x10E7, 0x1907, 0x0086, 0x0046, 0x10E7, 0x1907, 0x0066, 0x0046, 0x10E7, 0x1907, 0x0046, 0x08C7,
  0x08A6, 0x0086, 0x10C7, 0x08A7, 0x08A6, 0x08C6, 0x0066, 0x08A6, 0x08A6, 0x0066, 0x1907, 0x10C6,
  0x0046, 0x0066, 0x0066, 0x0066, 0x0066, 0x0066, 0x0066, 0x0066, 0x0066, 0x0066, 0x0066, 0x0066,
  0x0066, 0x0066, 0x0065, 0x0065, 0x0065, 0x0065, 0x0065, 0x0065, 0x0065, 0x0085, 0x0004, 0x10C6,
  0x31A8, 0x10E6, 0x0004, 0x0885, 0x0065, 0x0065, 0x0065, 0x0065, 0x0004, 0x0103, 0x0002, 0x0000,
  0x03C1, 0x25C4, 0x2E44, 0x2DC5, 0x2504, 0x1C83, 0x1C43, 0x2464, 0x2D04, 0x35A5, 0x3605, 0x2583,
  0x0360, 0x0001, 0x0003, 0x00C3, 0x0844, 0x0885, 0x0885, 0x0885, 0x0885, 0x10C5, 0x10A5, 0x10C5,
  0x0864, 0x18C5, 0x1085, 0x18C5, 0x2126, 0x1085, 0x18C5, 0x10C5, 0x1084, 0x2106, 0x18E5, 0x10A5,
  0x18E5, 0x10A5, 0x18C5, 0x18C5, 0x10A4, 0x18E5, 0x10A4, 0x18A4, 0x2125, 0x20E5, 0x1084, 0x18A4,
  0x1884, 0x18A4, 0x1063, 0x20C4, 0x4A49, 0x20E5, 0x1863, 0x18A4, 0x18A4, 0x18A4, 0x18A3, 0x18A3,
  0x1883, 0x1864, 0x0860, 0x0000, 0x4010, 0x799A, 0x923C, 0x8239, 0x69F4, 0x5991, 0x5990, 0x59B1,
  0x6A34, 0x8298, 0x92BB, 0x8A1A, 0x5873, 0x0000, 0x0060, 0x2065, 0x2082, 0x20A3, 0x28A3, 0x28A3,
  0x28A3, 0x2883, 0x28E4, 0x3145, 0x28C3, 0x28A3, 0x3104, 0x3125, 0x30E4, 0x28A2, 0x30E3, 0x30C3,
  0x30A2, 0x30A2, 0x30E3, 0x30C3, 0x30C3, 0x38E3, 0x30E3, 0x38E3, 0x30A2, 0x38E3, 0x30C3, 0x30A2,
  0x3924, 0x3903, 0x30C2, 0x30A1, 0x3924, 0x3903, 0x38A1, 0x38A2, 0x38C2, 0x38C1, 0x40C1, 0x48C1,
  0x48C1, 0x48E1, 0x50E1, 0x5901, 0x6900, 0x7120, 0x7940, 0x8160, 0xA1A0, 0xB1E0, 0xC240, 0xE2C0,
  0xFBA0, 0xFC20, 0xFC20, 0xFC40, 0xFC60, 0xFC80, 0xFCA0, 0xFCE0, 0xFD41, 0xFD83, 0xFE06, 0xFE8A,
  0xFF74, 0xFF97, 0xFE67, 0xFDA0, 0xFD43, 0xFD20, 0xFD20, 0xFCE0, 0xFC40, 0xFBE0, 0xFB80, 0xFB20,
  0xF2E0, 0xF2C0, 0xEAA0, 0xEA60, 0xEA60, 0xEAA0, 0xEAC0, 0xEA60, 0xD1C0, 0xC1A0, 0xC1C0, 0xB980,
  0xB160, 0xA960, 0xA160, 0xA140, 0x9940, 0x9940, 0x9940, 0x9120, 0x9940, 0xA960, 0xB160, 0xA940,
  0xA160, 0xA9C0, 0xA960, 0xB000,
  0x00D2, 0x00B1, 0x0111, 0x00F0, 0x00CF, 0x00CF, 0x00CF, 0x00CF, 0x00CF, 0x00CF, 0x00CF, 0x00CF,
  0x00D0, 0x00D0, 0x00D0, 0x00F1, 0x00F2, 0x0112, 0x0113, 0x0135, 0x0135, 0x0113, 0x0113, 0x0113,
  0x0113, 0x0113, 0x0113, 0x0114, 0x0135, 0x0135, 0x0156, 0x0178, 0x09BA, 0x01DD, 0x1AFF, 0x43FF,
  0x1ADE, 0x017D, 0x09BA, 0x0178, 0x0157, 0x0136, 0x0135, 0x0135, 0x0134, 0x0134, 0x0134, 0x0134,
  0x0113, 0x0112, 0x0111, 0x00F0, 0x00EF, 0x00CE, 0x00CD, 0x00CC, 0x00AA, 0x0088, 0x00A7, 0x0000,
  0x0004, 0x0232, 0x1378, 0x1BFC, 0x143D, 0x0C3D, 0x0C3D, 0x0C1C, 0x13FB, 0x1358, 0x01F1, 0x0000,
  0x0000, 0x00A7, 0x0087, 0x0087, 0x00A8, 0x00A8, 0x0088, 0x00A8, 0x00A8, 0x00A8, 0x0088, 0x0088,
  0x0088, 0x0088, 0x0088, 0x0088, 0x00A8, 0x0088, 0x0088, 0x0088, 0x0088, 0x0088, 0x0088, 0x0088,
  0x0087, 0x0087, 0x0087, 0x0067, 0x0087, 0x0088, 0x0088, 0x0088, 0x0088, 0x0087, 0x0087, 0x0087,
  0x0087, 0x0088, 0x0088, 0x0088, 0x0087, 0x0087, 0x0087, 0x0087, 0x0087, 0x0087, 0x0087, 0x00A7,
  0x0027, 0x0006, 0x0087, 0x0087, 0x0087, 0x0087, 0x0087, 0x0087, 0x0087, 0x0066, 0x0066, 0x0045,
  0x2084, 0x0003, 0x0002, 0x58A1, 0xAA00, 0xD2C0, 0xE300, 0xEB20, 0xF340, 0xF360, 0xE340, 0xD2A0,
  0xA1E0, 0x4801, 0x0002, 0x0023, 0x1884, 0x0065, 0x0086, 0x0086, 0x0086, 0x0086, 0x0086, 0x0086,
  0x0066, 0x0066, 0x0086, 0x0086, 0x0066, 0x0066, 0x0086, 0x0086, 0x0066, 0x0066, 0x0086, 0x0066,
  0x0066, 0x0066, 0x0066, 0x0066, 0x0066, 0x0066, 0x0066, 0x0066, 0x0066, 0x0066, 0x0046, 0x0046,
  0x0066, 0x0066, 0x0066, 0x0066, 0x0066, 0x0066, 0x0066, 0x0066, 0x0066, 0x0066, 0x0066, 0x0066,
  0x0066, 0x0066, 0x0065, 0x0065, 0x0065, 0x0065, 0x0065, 0x0065, 0x0065, 0x0045, 0x0065, 0x0025,
  0x0004, 0x0025, 0x0085, 0x0065, 0x0065, 0x0065, 0x0065, 0x0064, 0x0044, 0x0004, 0x00E3, 0x0002,
  0x0001, 0x0200, 0x0482, 0x1DA3, 0x1E04, 0x1E04, 0x25E3, 0x25C4, 0x25A3, 0x1D03, 0x03C1, 0x0080,
  0x0001, 0x0003, 0x00C3, 0x0044, 0x0864, 0x0885, 0x0885, 0x0885, 0x0885, 0x0864, 0x0864, 0x0864,
  0x0885, 0x0864, 0x0885, 0x0885, 0x0864, 0x1085, 0x1085, 0x1084, 0x1085, 0x0864, 0x1084, 0x1084,
  0x1084, 0x10A5, 0x1084, 0x1084, 0x1084, 0x1084, 0x10A4, 0x1084, 0x1084, 0x1084, 0x18A4, 0x18A4,
  0x18A4, 0x1884, 0x18A4, 0x1884, 0x0001, 0x1884, 0x18A4, 0x1884, 0x18A4, 0x18A4, 0x1883, 0x20A4,
  0x20A3, 0x1883, 0x1864, 0x1060, 0x0000, 0x0007, 0x5093, 0x7158, 0x79BA, 0x799A, 0x7979, 0x79BA,
  0x79FA, 0x79B8, 0x60F4, 0x280A, 0x0000, 0x0060, 0x2065, 0x1882, 0x20A2, 0x28A3, 0x28A3, 0x28A3,
  0x28A3, 0x28A3, 0x28A3, 0x2082, 0x28A3, 0x28A3, 0x28A2, 0x2882, 0x28A2, 0x28A3, 0x28A2, 0x28A2,
  0x30A2, 0x30A3, 0x30A2, 0x30C2, 0x30A2, 0x30A2, 0x30A2, 0x30A2, 0x30A2, 0x30A2, 0x30A2, 0x30A2,
  0x30A2, 0x30A2, 0x30A2, 0x30A2, 0x30A1, 0x30A1, 0x38A2, 0x38A2, 0x38A2, 0x38C1, 0x40C1, 0x48E1,
  0x48E1, 0x50E1, 0x50E1, 0x58E1, 0x6100, 0x6920, 0x7940, 0x8960, 0xA1A0, 0xA9E0, 0xC220, 0xE2A0,
  0xF360, 0xFBC0, 0xFBE0, 0xFC00, 0xFC20, 0xFC40, 0xFC60, 0xFC80, 0xFCE0, 0xFD21, 0xFD63, 0xFDE6,
  0xFEAB, 0xFF74, 0xFF33, 0xFDA0, 0xFD24, 0xFCE0, 0xFCC0, 0xFCC0, 0xFC80, 0xFBE0, 0xFB80, 0xFB40,
  0xF2E0, 0xEAA0, 0xEA80, 0xE260, 0xE240, 0xDA20, 0xDA40, 0xEA80, 0xEA80, 0xD200, 0xB160, 0xB980,
  0xB180, 0xA960, 0xA140, 0x9940, 0x9940, 0x9140, 0x9120, 0x9120, 0x9120, 0x8920, 0x9920, 0xA940,
  0xA940, 0xA140, 0x9960, 0xA1A0,
  0x00D0, 0x00F0, 0x00CF, 0x00CF, 0x00CE, 0x00AE, 0x00CE, 0x00CE, 0x00CE, 0x00CE, 0x00CF, 0x00CF,
  0x00CF, 0x00D0, 0x00D1, 0x00F1, 0x00F2, 0x0113, 0x0135, 0x0114, 0x0112, 0x0112, 0x0112, 0x0112,
  0x0113, 0x0113, 0x0114, 0x0134, 0x0135, 0x0136, 0x0157, 0x0199, 0x01BD, 0x029F, 0x3BFF, 0x337E,
  0x019D, 0x09BA, 0x0178, 0x0157, 0x0136, 0x0135, 0x0135, 0x0114, 0x0114, 0x0114, 0x0113, 0x0113,
  0x0112, 0x00F1, 0x00F0, 0x00EF, 0x00CE, 0x00CE, 0x00CD, 0x00CC, 0x00AB, 0x0089, 0x0088, 0x00A8,
  0x0000, 0x0000, 0x0000, 0x00CA, 0x01AF, 0x0211, 0x0210, 0x01AE, 0x0069, 0x0000, 0x0000, 0x0000,
  0x00A7, 0x0067, 0x0087, 0x0088, 0x0088, 0x0088, 0x0088, 0x0088, 0x00A8, 0x00A8, 0x00A8, 0x0088,
  0x0088, 0x0088, 0x0088, 0x0088, 0x0088, 0x0088, 0x0088, 0x0088, 0x0088, 0x0088, 0x0088, 0x0088,
  0x0088, 0x0087, 0x0087, 0x0087, 0x0087, 0x0088, 0x0088, 0x0088, 0x0088, 0x0087, 0x0087, 0x0087,
  0x0087, 0x0087, 0x0087, 0x0087, 0x0087, 0x0087, 0x0087, 0x0087, 0x0087, 0x0087, 0x0087, 0x0087,
  0x0087, 0x0087, 0x0087, 0x0087, 0x0087, 0x0087, 0x0087, 0x0087, 0x0087, 0x0087, 0x0086, 0x0066,
  0x0045, 0x2084, 0x0063, 0x0002, 0x0002, 0x2801, 0x60E1, 0x7940, 0x8160, 0x7940, 0x58E1, 0x1802,
  0x0002, 0x0003, 0x1084, 0x1865, 0x0065, 0x0066, 0x0086, 0x0086, 0x0086, 0x0086, 0x0086, 0x0086,
  0x0086, 0x0086, 0x0086, 0x0066, 0x0086, 0x0086, 0x0086, 0x0086, 0x0086, 0x0086, 0x0066, 0x0086,
  0x0066, 0x0086, 0x0066, 0x0066, 0x0066, 0x0066, 0x0066, 0x0066, 0x0066, 0x0066, 0x0066, 0x0066,
  0x0066, 0x0066, 0x0066, 0x0066, 0x0066, 0x0065, 0x0065, 0x0065, 0x0065, 0x0065, 0x0065, 0x0065,
  0x0066, 0x0066, 0x0065, 0x0065, 0x0065, 0x0065, 0x0065, 0x0065, 0x0065, 0x0065, 0x0065, 0x0065,
  0x0065, 0x0065, 0x0065, 0x0065, 0x0065, 0x0065, 0x0065, 0x0065, 0x0064, 0x0064, 0x0004, 0x00C3,
  0x00A3, 0x0002, 0x0001, 0x00A0, 0x0240, 0x02E0, 0x0300, 0x02A0, 0x01E0, 0x0000, 0x0000, 0x0002,
  0x00E3, 0x00A3, 0x0024, 0x0864, 0x0885, 0x0885, 0x0885, 0x0885, 0x0885, 0x0885, 0x0885, 0x0885,
  0x0885, 0x0885, 0x0885, 0x0885, 0x0885, 0x1085, 0x1085, 0x1084, 0x1085, 0x1085, 0x1084, 0x1084,
  0x1085, 0x1084, 0x1084, 0x1084, 0x1084, 0x1084, 0x1084, 0x1084, 0x10A4, 0x1084, 0x10A4, 0x1084,
  0x1884, 0x18A4, 0x1884, 0x18A4, 0x18A4, 0x18A4, 0x18A4, 0x18A4, 0x18A4, 0x18A4, 0x18A4, 0x20A4,
  0x20A4, 0x20A3, 0x1882, 0x1864, 0x1864, 0x0040, 0x0000, 0x0000, 0x200A, 0x300D, 0x382E, 0x300D,
  0x200B, 0x0005, 0x0000, 0x0020, 0x1882, 0x1844, 0x1862, 0x2082, 0x20A3, 0x20A3, 0x20A3, 0x20A3,
  0x20A3, 0x20A3, 0x28A3, 0x28A3, 0x28A3, 0x28A3, 0x28A3, 0x28A3, 0x28A3, 0x28A3, 0x28A3, 0x28A2,
  0x28A2, 0x28A2, 0x30A3, 0x30A2, 0x30A2, 0x30A2, 0x30A2, 0x30A2, 0x30A2, 0x30A2, 0x30A2, 0x30A2,
  0x30A2, 0x30A2, 0x30A2, 0x30A2, 0x30A2, 0x30A2, 0x38A2, 0x38A2, 0x38A2, 0x38C1, 0x40C1, 0x48E1,
  0x48E1, 0x50E1, 0x50E1, 0x58E1, 0x6100, 0x6920, 0x7120, 0x9160, 0x9980, 0xA9C0, 0xC220, 0xDAA0,
  0xF320, 0xFB80, 0xFBC0, 0xFBE0, 0xFC00, 0xFC00, 0xFC20, 0xFC20, 0xFC80, 0xFCC0, 0xFD00, 0xFD64,
  0xFDE6, 0xFEAD, 0xFF54, 0xFE8E, 0xFD00, 0xFCE5, 0xFC80, 0xFC60, 0xFC60, 0xFC00, 0xFB80, 0xFB20,
  0xF2E0, 0xEAA0, 0xE260, 0xE260, 0xDA40, 0xDA40, 0xD220, 0xD200, 0xDA40, 0xE260, 0xD200, 0xB180,
  0xA940, 0xA960, 0xA140, 0x9940, 0x9940, 0x9120, 0x9120, 0x8920, 0x8920, 0x8920, 0x8100, 0x8920,
  0x9940, 0xA140, 0x9920, 0x9120,
  0x00CF, 0x00AE, 0x00AE, 0x00AD, 0x00AD, 0x00AD, 0x00AE, 0x00AE, 0x00AE, 0x00CE, 0x00CE, 0x00CF,
  0x00CF, 0x00F0, 0x00F1, 0x00F1, 0x0113, 0x0134, 0x0113, 0x00F2, 0x00F2, 0x00F2, 0x00F2, 0x0112,
  0x0113, 0x0113, 0x0114, 0x0134, 0x0135, 0x0157, 0x0178, 0x01BB, 0x01FE, 0x3BBF, 0x441F, 0x01FE,
  0x01BB, 0x0199, 0x0157, 0x0136, 0x0135, 0x0134, 0x0114, 0x0113, 0x0113, 0x0113, 0x0113, 0x0112,
  0x0112, 0x00F1, 0x00F0, 0x00EF, 0x00CE, 0x00CD, 0x00CD, 0x00CC, 0x00AB, 0x00AB, 0x0089, 0x0068,
  0x0088, 0x00A7, 0x0000, 0x0000, 0x0000, 0x0000, 0x0000, 0x0000, 0x0000, 0x0040, 0x00A7, 0x0087,
  0x0067, 0x0088, 0x0088, 0x0088, 0x0088, 0x00A8, 0x0088, 0x00A8, 0x00A8, 0x0088, 0x0088, 0x0088,
  0x0088, 0x0088, 0x0088, 0x0088, 0x0088, 0x0088, 0x0088, 0x0088, 0x0087, 0x0088, 0x0088, 0x0088,
  0x0087, 0x0087, 0x0087, 0x0087, 0x0087, 0x0087, 0x0087, 0x0087, 0x0087, 0x0087, 0x0087, 0x0087,
  0x0087, 0x0087, 0x0087, 0x0087, 0x0087, 0x0087, 0x0087, 0x0087, 0x0087, 0x0087, 0x0087, 0x0087,
  0x0087, 0x0087, 0x0087, 0x0087, 0x0087, 0x0087, 0x0087, 0x0087, 0x0087, 0x0087, 0x0086, 0x0086,
  0x0066, 0x0065, 0x1064, 0x2084, 0x0063, 0x0003, 0x0003, 0x0003, 0x0002, 0x0003, 0x0003, 0x0003,
  0x0084, 0x2084, 0x0865, 0x0065, 0x0066, 0x0086, 0x0086, 0x0086, 0x0086, 0x0086, 0x0086, 0x0086,
  0x0086, 0x0086, 0x0066, 0x0066, 0x0066, 0x0066, 0x0086, 0x0086, 0x0086, 0x0066, 0x0066, 0x0086,
  0x0066, 0x0066, 0x0066, 0x0066, 0x0066, 0x0066, 0x0066, 0x0066, 0x0066, 0x0066, 0x0066, 0x0066,
  0x0066, 0x0066, 0x0066, 0x0066, 0x0066, 0x0065, 0x0065, 0x0065, 0x0065, 0x0065, 0x0065, 0x0065,
  0x0065, 0x0065, 0x0065, 0x0065, 0x0065, 0x0065, 0x0065, 0x0065, 0x0065, 0x0065, 0x0065, 0x0065,
  0x0065, 0x0065, 0x0065, 0x0065, 0x0065, 0x0065, 0x0065, 0x0065, 0x0065, 0x0064, 0x0064, 0x0024,
  0x0084, 0x00E3, 0x0023, 0x0002, 0x0002, 0x0001, 0x0001, 0x0001, 0x0002, 0x0002, 0x00A3, 0x00E3,
  0x0063, 0x0044, 0x0864, 0x0884, 0x0885, 0x0885, 0x0885, 0x0885, 0x0885, 0x0885, 0x0885, 0x0885,
  0x0885, 0x0885, 0x0884, 0x0885, 0x0885, 0x1084, 0x1084, 0x1084, 0x1084, 0x1084, 0x1084, 0x1084,
  0x1084, 0x1084, 0x1084, 0x1084, 0x1084, 0x1084, 0x1084, 0x1084, 0x1084, 0x1084, 0x1084, 0x1084,
  0x1884, 0x18A4, 0x1884, 0x1884, 0x18A4, 0x18A4, 0x18A4, 0x18A4, 0x18A4, 0x18A4, 0x18A4, 0x20A4,
  0x20A4, 0x20A3, 0x20A3, 0x1883, 0x1863, 0x1865, 0x1863, 0x0060, 0x0000, 0x0000, 0x0000, 0x0000,
  0x0000, 0x0060, 0x1080, 0x1864, 0x1863, 0x1882, 0x2083, 0x20A3, 0x20A3, 0x20A3, 0x20A3, 0x20A3,
  0x20A3, 0x20A3, 0x20A3, 0x20A3, 0x20A3, 0x28A3, 0x28A3, 0x28A3, 0x28A3, 0x28A3, 0x28A3, 0x28A3,
  0x28A2, 0x28A2, 0x28A2, 0x28A2, 0x28A2, 0x28A2, 0x28A2, 0x30A2, 0x30A2, 0x30A2, 0x30A2, 0x30A2,
  0x30A2, 0x30A2, 0x30A2, 0x30A2, 0x30A2, 0x30A2, 0x38A2, 0x38A2, 0x38C2, 0x38C1, 0x40C1, 0x48E1,
  0x48E1, 0x50E1, 0x58E1, 0x6101, 0x6100, 0x6920, 0x8140, 0x8960, 0x9980, 0xA9C0, 0xC220, 0xD280,
  0xF300, 0xFB60, 0xFBA0, 0xFBA0, 0xFBC0, 0xFBC0, 0xFBE0, 0xFC00, 0xFC20, 0xFC80, 0xFCA0, 0xFCE1,
  0xFD44, 0xFDA5, 0xFE8D, 0xFF13, 0xFDC9, 0xFCA0, 0xFC64, 0xFC20, 0xFC00, 0xFC00, 0xFBA0, 0xFB20,
  0xF2E0, 0xF2A0, 0xE260, 0xE240, 0xDA20, 0xD220, 0xD220, 0xCA00, 0xC1E0, 0xC9E0, 0xD220, 0xDA20,
  0xB9A0, 0x9920, 0xA140, 0xA140, 0x9140, 0x9120, 0x8920, 0x8920, 0x8100, 0x8100, 0x8100, 0x8100,
  0x7900, 0x8920, 0x9120, 0x9120,
  0x00AD, 0x00AD, 0x00AD, 0x00AD, 0x00AD, 0x00AD, 0x00AD, 0x00AD, 0x00AE, 0x00CE, 0x00CE, 0x00CF,
  0x00D0, 0x00F0, 0x00F1, 0x0113, 0x0114, 0x00F2, 0x00F1, 0x00F1, 0x00F1, 0x00F1, 0x00F2, 0x0112,
  0x0112, 0x0113, 0x0114, 0x0135, 0x0156, 0x0158, 0x09BA, 0x017D, 0x2B1F, 0x547F, 0x22DE, 0x013C,
  0x09B9, 0x0157, 0x0136, 0x0135, 0x0114, 0x0113, 0x0113, 0x00F2, 0x0112, 0x0112, 0x0112, 0x0112,
  0x0111, 0x00F0, 0x00F0, 0x00EF, 0x00CE, 0x00CD, 0x00CC, 0x00CC, 0x00AB, 0x00AB, 0x00AA, 0x0089,
  0x0088, 0x0068, 0x0088, 0x00A8, 0x00A7, 0x00A7, 0x00A7, 0x00A7, 0x00A8, 0x0088, 0x0067, 0x0067,
  0x0088, 0x0088, 0x0088, 0x0088, 0x0088, 0x0088, 0x0088, 0x0088, 0x0088, 0x0088, 0x0088, 0x0088,
  0x0088, 0x0088, 0x0088, 0x0088, 0x0088, 0x0088, 0x0088, 0x0088, 0x0087, 0x0087, 0x0088, 0x0087,
  0x0087, 0x0087, 0x0087, 0x0087, 0x0087, 0x0087, 0x0087, 0x0087, 0x0087, 0x0087, 0x0087, 0x0087,
  0x0087, 0x0087, 0x0087, 0x0087, 0x0087, 0x0087, 0x0087, 0x0087, 0x0087, 0x0087, 0x0087, 0x0087,
  0x0087, 0x0087, 0x0087, 0x0087, 0x0087, 0x0087, 0x0087, 0x0087, 0x0087, 0x0087, 0x0087, 0x0086,
  0x0086, 0x0086, 0x0066, 0x0065, 0x1065, 0x2065, 0x2084, 0x1884, 0x1884, 0x2084, 0x2084, 0x2065,
  0x1045, 0x0045, 0x0066, 0x0066, 0x0086, 0x0086, 0x0086, 0x0086, 0x0066, 0x0066, 0x0066, 0x0086,
  0x0066, 0x0066, 0x0066, 0x0066, 0x0066, 0x0066, 0x0066, 0x0066, 0x0086, 0x0066, 0x0066, 0x0066,
  0x0066, 0x0066, 0x0086, 0x0086, 0x0066, 0x0066, 0x0066, 0x0066, 0x0066, 0x0066, 0x0066, 0x0066,
  0x0066, 0x0066, 0x0066, 0x0066, 0x0066, 0x0066, 0x0065, 0x0065, 0x0065, 0x0065, 0x0065, 0x0065,
  0x0065, 0x0065, 0x0065, 0x0065, 0x0065, 0x0065, 0x0065, 0x0065, 0x0065, 0x0065, 0x0065, 0x0065,
  0x0065, 0x0065, 0x0065, 0x0065, 0x0065, 0x0065, 0x0065, 0x0065, 0x0065, 0x0065, 0x0065, 0x0065,
  0x0064, 0x0044, 0x00A4, 0x00E3, 0x0103, 0x00E3, 0x00C3, 0x00E3, 0x00E3, 0x00C3, 0x0063, 0x0024,
  0x0064, 0x0864, 0x0864, 0x0885, 0x0885, 0x0865, 0x0865, 0x0885, 0x0865, 0x0885, 0x0885, 0x0885,
  0x0885, 0x0885, 0x1085, 0x1085, 0x1085, 0x1084, 0x1084, 0x1084, 0x1084, 0x1084, 0x1084, 0x1084,
  0x1084, 0x1084, 0x1084, 0x1084, 0x1084, 0x1084, 0x1084, 0x1084, 0x1084, 0x1084, 0x1084, 0x1884,
  0x1884, 0x1884, 0x1884, 0x18A4, 0x1884, 0x1884, 0x1884, 0x18A4, 0x18A4, 0x18A4, 0x18A4, 0x20A4,
  0x20A4, 0x20A3, 0x20A3, 0x20A3, 0x1883, 0x1882, 0x1863, 0x1864, 0x1865, 0x1864, 0x1864, 0x1864,
  0x1864, 0x1864, 0x1863, 0x1862, 0x2082, 0x2083, 0x20A3, 0x20A3, 0x20A3, 0x20A3, 0x20A3, 0x20A3,
  0x20A3, 0x20A3, 0x20A3, 0x20A3, 0x20A3, 0x20A3, 0x20A3, 0x28A3, 0x28A3, 0x28A3, 0x28A2, 0x28A2,
  0x28A3, 0x28A2, 0x28A2, 0x28A2, 0x28A2, 0x28A2, 0x28A2, 0x28A2, 0x30A2, 0x30A2, 0x30A2, 0x30A2,
  0x30A2, 0x30A2, 0x30A2, 0x30A2, 0x30A2, 0x38C2, 0x38A2, 0x38C2, 0x38C2, 0x38C2, 0x40C1, 0x40C1,
  0x48C1, 0x50E1, 0x58E1, 0x58E1, 0x6900, 0x7120, 0x7940, 0x8960, 0x9980, 0xA9C0, 0xBA00, 0xD260,
  0xEAE0, 0xFB40, 0xFB60, 0xFB80, 0xFBA0, 0xFBA0, 0xFBA0, 0xFBC0, 0xFBE0, 0xFC20, 0xFC60, 0xFC80,
  0xFCE2, 0xFD23, 0xFD85, 0xFEAF, 0xFEB0, 0xFCE0, 0xFC41, 0xFBE1, 0xFBA0, 0xFBA0, 0xFBA0, 0xFB60,
  0xF2E0, 0xEAA0, 0xEA80, 0xE240, 0xDA20, 0xD200, 0xCA00, 0xC9E0, 0xC1E0, 0xB9A0, 0xB9A0, 0xC1E0,
  0xD200, 0xC9E0, 0x9940, 0x9120, 0x9940, 0x9120, 0x8900, 0x8100, 0x8100, 0x7900, 0x7900, 0x7900,
  0x7900, 0x70E0, 0x78E0, 0x8100,
  0x00AC, 0x00AC, 0x00AC, 0x00AC, 0x00AD, 0x00AD, 0x00AD, 0x00AD, 0x00AD, 0x00CE, 0x00CE, 0x00CF,
  0x00D0, 0x00F1, 0x0113, 0x00F3, 0x00F1, 0x00F1, 0x00F1, 0x00F1, 0x00F1, 0x00F1, 0x00F2, 0x0112,
  0x0113, 0x0114, 0x0134, 0x0135, 0x0157, 0x09B9, 0x017C, 0x025E, 0x543F, 0x43BE, 0x00FD, 0x11BA,
  0x0158, 0x0136, 0x0135, 0x0114, 0x0113, 0x00F2, 0x00F2, 0x00F2, 0x00F2, 0x00F2, 0x0112, 0x00F1,
  0x00F1, 0x00F0, 0x00EF, 0x00CE, 0x00CD, 0x00CD, 0x00CC, 0x00AC, 0x00AB, 0x00AB, 0x00AA, 0x00AA,
  0x00AA, 0x00A9, 0x0088, 0x0088, 0x0088, 0x0087, 0x0087, 0x0088, 0x0088, 0x0088, 0x0088, 0x0088,
  0x0089, 0x00A9, 0x00A8, 0x0088, 0x0088, 0x0088, 0x0088, 0x0088, 0x0088, 0x0088, 0x0088, 0x0088,
  0x0088, 0x0088, 0x0088, 0x0088, 0x0088, 0x0088, 0x0087, 0x0087, 0x0087, 0x0087, 0x0087, 0x0087,
  0x0087, 0x0087, 0x0087, 0x0087, 0x0087, 0x0087, 0x0087, 0x0087, 0x0087, 0x0087, 0x0087, 0x0087,
  0x0087, 0x0087, 0x0087, 0x0087, 0x0067, 0x0067, 0x0047, 0x0067, 0x0087, 0x0087, 0x0087, 0x0087,
  0x0087, 0x0067, 0x0047, 0x0067, 0x0087, 0x0087, 0x0087, 0x0087, 0x0087, 0x0087, 0x0087, 0x0046,
  0x0026, 0x0066, 0x0086, 0x0086, 0x0066, 0x0066, 0x0066, 0x0025, 0x0045, 0x0065, 0x0045, 0x0025,
  0x0066, 0x0086, 0x0066, 0x0066, 0x0086, 0x0066, 0x0026, 0x0046, 0x0066, 0x0066, 0x0066, 0x0066,
  0x0066, 0x0066, 0x0066, 0x0066, 0x0066, 0x0066, 0x0066, 0x0066, 0x0066, 0x0066, 0x0066, 0x0066,
  0x0066, 0x0066, 0x0025, 0x0025, 0x0066, 0x0066, 0x0066, 0x0066, 0x0066, 0x0046, 0x0005, 0x0025,
  0x0025, 0x0025, 0x0046, 0x0066, 0x0066, 0x0066, 0x0045, 0x0005, 0x0005, 0x0025, 0x0045, 0x0065,
  0x0045, 0x0065, 0x0065, 0x0065, 0x0065, 0x0045, 0x0005, 0x0045, 0x0065, 0x0065, 0x0065, 0x0065,
  0x0045, 0x0005, 0x0025, 0x0025, 0x0005, 0x0045, 0x0065, 0x0065, 0x0065, 0x0045, 0x0024, 0x0024,
  0x0004, 0x0044, 0x0044, 0x0024, 0x0024, 0x0044, 0x0044, 0x0004, 0x0003, 0x0004, 0x0064, 0x0864,
  0x0864, 0x0864, 0x0884, 0x0844, 0x0044, 0x0865, 0x0885, 0x0865, 0x0885, 0x0044, 0x0024, 0x0024,
  0x0024, 0x0844, 0x1085, 0x1084, 0x1084, 0x1084, 0x0844, 0x0844, 0x0844, 0x0844, 0x1084, 0x1084,
  0x1084, 0x1084, 0x1084, 0x1084, 0x1084, 0x1084, 0x1084, 0x1084, 0x1084, 0x1084, 0x1084, 0x1084,
  0x1064, 0x1084, 0x1084, 0x1064, 0x1084, 0x1884, 0x1084, 0x1064, 0x1884, 0x1884, 0x18A4, 0x1884,
  0x1884, 0x20A4, 0x20A3, 0x20A3, 0x2083, 0x1863, 0x1863, 0x1882, 0x1862, 0x1062, 0x1862, 0x1882,
  0x1882, 0x1882, 0x2083, 0x2083, 0x2083, 0x2083, 0x2083, 0x20A3, 0x20A3, 0x20A3, 0x20A3, 0x20A3,
  0x20A3, 0x20A3, 0x20A3, 0x20A3, 0x20A3, 0x20A3, 0x20A3, 0x20A3, 0x20A3, 0x28A3, 0x28A3, 0x28A2,
  0x28A2, 0x28A2, 0x28A2, 0x28A2, 0x28A2, 0x28A2, 0x28A2, 0x28A2, 0x28A2, 0x28A2, 0x30A2, 0x30A2,
  0x30A2, 0x30A2, 0x30A2, 0x30A2, 0x30A2, 0x38A2, 0x38A2, 0x38A2, 0x38C2, 0x38C1, 0x40C1, 0x40C1,
  0x48C1, 0x48E1, 0x50E1, 0x58E1, 0x6900, 0x7120, 0x7940, 0x8960, 0x9180, 0xA1A0, 0xB1E0, 0xCA40,
  0xE2C0, 0xF320, 0xFB40, 0xFB40, 0xFB60, 0xFB60, 0xFB80, 0xFB80, 0xFBA0, 0xFBC0, 0xFC20, 0xFC20,
  0xFC60, 0xFCC3, 0xFCE2, 0xFD86, 0xFE8E, 0xFDEC, 0xFC00, 0xFBE3, 0xF360, 0xF360, 0xF360, 0xFB60,
  0xFB40, 0xF2C0, 0xE260, 0xE240, 0xD220, 0xCA00, 0xC9E0, 0xC1C0, 0xB9C0, 0xB9A0, 0xB1A0, 0xB180,
  0xB1A0, 0xC9E0, 0xD200, 0xA980, 0x80E0, 0x8900, 0x8920, 0x8100, 0x7900, 0x7900, 0x70E0, 0x70E0,
  0x70E0, 0x70E0, 0x70E0, 0x70E0,
  0x008C, 0x00AC, 0x008C, 0x00AC, 0x00AC, 0x00AC, 0x00AD, 0x00AD, 0x00AD, 0x00CE, 0x00CE, 0x00CF,
  0x00F0, 0x00F2, 0x00F1, 0x00D0, 0x00D0, 0x00F0, 0x00F1, 0x00F1, 0x00F1, 0x00F1, 0x00F2, 0x0112,
  0x0113, 0x0114, 0x0135, 0x0156, 0x0178, 0x01BB, 0x01BE, 0x43DF, 0x545F, 0x01BD, 0x019A, 0x0178,
  0x0136, 0x0135, 0x0114, 0x0113, 0x00F2, 0x00F2, 0x00F1, 0x00F1, 0x00F1, 0x00F1, 0x00F0, 0x00F0,
  0x00F0, 0x00EF, 0x00EF, 0x00EE, 0x00CD, 0x00CD, 0x00CC, 0x00AC, 0x00AB, 0x00AB, 0x00AB, 0x00AA,
  0x00AA, 0x00AA, 0x00AA, 0x00A9, 0x00A9, 0x0089, 0x0089, 0x00A9, 0x00A9, 0x00A9, 0x00A9, 0x00A9,
  0x00A9, 0x00A9, 0x00A8, 0x0088, 0x0088, 0x0088, 0x0088, 0x0088, 0x0088, 0x0088, 0x0088, 0x0088,
  0x0088, 0x0088, 0x0088, 0x0088, 0x0088, 0x0087, 0x0087, 0x0087, 0x0087, 0x0087, 0x0087, 0x0087,
  0x0087, 0x0087, 0x0087, 0x0087, 0x0087, 0x0087, 0x0087, 0x0087, 0x0087, 0x0087, 0x0087, 0x0087,
  0x0087, 0x0087, 0x0087, 0x00E8, 0x0149, 0x0149, 0x0149, 0x00E8, 0x0067, 0x0087, 0x0087, 0x0067,
  0x0067, 0x0108, 0x0169, 0x0108, 0x0067, 0x0067, 0x0087, 0x0067, 0x0087, 0x0067, 0x0067, 0x0128,
  0x0169, 0x00E7, 0x0066, 0x0086, 0x0086, 0x0086, 0x0066, 0x0128, 0x0107, 0x0046, 0x00A7, 0x0128,
  0x00A7, 0x0066, 0x0086, 0x0086, 0x0046, 0x00C7, 0x0168, 0x0148, 0x0086, 0x0066, 0x0066, 0x0066,
  0x0066, 0x0066, 0x0066, 0x0066, 0x0066, 0x0066, 0x0066, 0x0066, 0x0066, 0x0066, 0x0066, 0x0066,
  0x0046, 0x08A6, 0x2988, 0x2968, 0x0086, 0x0046, 0x0066, 0x0066, 0x0046, 0x1907, 0x2968, 0x2148,
  0x2148, 0x2948, 0x10C6, 0x0045, 0x0066, 0x0045, 0x10C6, 0x2148, 0x2948, 0x2147, 0x0086, 0x0025,
  0x0065, 0x0045, 0x0065, 0x0045, 0x0025, 0x10E6, 0x2147, 0x08A6, 0x0025, 0x0065, 0x0045, 0x0025,
  0x1906, 0x2967, 0x2147, 0x2147, 0x2967, 0x10E6, 0x0025, 0x0065, 0x0025, 0x10E6, 0x2147, 0x2947,
  0x2967, 0x18E6, 0x0044, 0x0064, 0x0064, 0x0064, 0x0004, 0x2106, 0x3187, 0x2126, 0x0024, 0x0844,
  0x0864, 0x0865, 0x0024, 0x1906, 0x2146, 0x1085, 0x0864, 0x0885, 0x0044, 0x2126, 0x2967, 0x2947,
  0x2967, 0x2126, 0x0864, 0x1064, 0x1084, 0x1084, 0x2946, 0x2967, 0x2967, 0x2967, 0x10A5, 0x1064,
  0x1084, 0x1084, 0x1084, 0x1084, 0x1084, 0x1084, 0x1084, 0x1084, 0x1084, 0x1084, 0x1084, 0x20C4,
  0x3124, 0x18A4, 0x1084, 0x2904, 0x20C4, 0x1064, 0x28E4, 0x2904, 0x1884, 0x1884, 0x1884, 0x20E4,
  0x3124, 0x20A4, 0x1883, 0x20A3, 0x20A3, 0x3123, 0x3103, 0x1863, 0x20C3, 0x3103, 0x20C3, 0x1863,
  0x2083, 0x2083, 0x20A3, 0x20A3, 0x20A3, 0x2083, 0x2083, 0x2083, 0x20A3, 0x20A3, 0x20A3, 0x20A3,
  0x20A3, 0x20A3, 0x20A3, 0x20A3, 0x20A3, 0x20A3, 0x20A3, 0x20A3, 0x20A3, 0x20A3, 0x20A2, 0x20A2,
  0x28A3, 0x28A3, 0x28A2, 0x28A2, 0x28A2, 0x28A2, 0x28A2, 0x28A2, 0x28A2, 0x28A2, 0x28A2, 0x30A2,
  0x30A2, 0x30A2, 0x30A2, 0x30A2, 0x30A2, 0x30A2, 0x38A2, 0x38A2, 0x38C2, 0x40C2, 0x40C1, 0x40C1,
  0x48C1, 0x50C1, 0x58E1, 0x6101, 0x6900, 0x7120, 0x8140, 0x8960, 0x9180, 0xA1A0, 0xB1E0, 0xC220,
  0xDA80, 0xEAE0, 0xF300, 0xF300, 0xFB20, 0xFB40, 0xFB40, 0xFB40, 0xFB40, 0xFB60, 0xFBC0, 0xFC00,
  0xFC00, 0xFC41, 0xFC83, 0xFCA0, 0xFDA8, 0xFE8E, 0xFD28, 0xF380, 0xF383, 0xF320, 0xEB00, 0xF320,
  0xF320, 0xF2E0, 0xEA80, 0xDA40, 0xD220, 0xCA00, 0xC1C0, 0xB9C0, 0xB9A0, 0xB1A0, 0xB1A0, 0xB1A0,
  0xA980, 0xA180, 0xB9C0, 0xCA00, 0xB1A0, 0x8100, 0x78E0, 0x8100, 0x7900, 0x7900, 0x70E0, 0x70E0,
  0x70E0, 0x68E0, 0x68C0, 0x68C0,
  0x008B, 0x008B, 0x008B, 0x008B, 0x00AC, 0x00AC, 0x00AC, 0x00AD, 0x00AD, 0x00CE, 0x00CE, 0x00F0,
  0x00F1, 0x00F0, 0x00CF, 0x00CF, 0x00D0, 0x00D0, 0x00F0, 0x00F0, 0x00F1, 0x00F1, 0x0112, 0x0113,
  0x0114, 0x0134, 0x0156, 0x0157, 0x09B9, 0x017C, 0x2B1F, 0x5C9F, 0x2AFE, 0x00DB, 0x11B8, 0x0136,
  0x0135, 0x0114, 0x0112, 0x00F1, 0x00F1, 0x00F1, 0x00F0, 0x00F0, 0x00F0, 0x00F0, 0x00F0, 0x00F0,
  0x00F0, 0x00EF, 0x00EF, 0x00CE, 0x00CD, 0x00CD, 0x00CC, 0x00AC, 0x00AB, 0x00AB, 0x00AB, 0x00AA,
  0x00AA, 0x00AA, 0x00AA, 0x00AA, 0x00A9, 0x00A9, 0x00A9, 0x00A9, 0x00A9, 0x00A9, 0x00A9, 0x00A9,
  0x00A9, 0x00A9, 0x00A8, 0x0088, 0x0088, 0x0088, 0x0088, 0x0088, 0x0088, 0x0088, 0x0088, 0x0088,
  0x0088, 0x0088, 0x0088, 0x0088, 0x0088, 0x0088, 0x0087, 0x0087, 0x0087, 0x0087, 0x0087, 0x0087,
  0x0087, 0x0087, 0x0087, 0x0087, 0x0087, 0x0087, 0x0087, 0x0087, 0x0087, 0x0087, 0x0087, 0x0087,
  0x0087, 0x0087, 0x0087, 0x0006, 0x0003, 0x0001, 0x0000, 0x0005, 0x00C7, 0x0087, 0x0047, 0x00A7,
  0x0169, 0x0006, 0x0000, 0x0006, 0x0169, 0x00A7, 0x0046, 0x00A7, 0x0026, 0x00C7, 0x0169, 0x0004,
  0x0000, 0x0027, 0x0128, 0x0066, 0x0066, 0x0086, 0x0087, 0x0003, 0x0004, 0x00A7, 0x0006, 0x0002,
  0x0005, 0x0086, 0x0086, 0x0006, 0x0128, 0x00C7, 0x0000, 0x0000, 0x0128, 0x00A7, 0x0066, 0x0066,
  0x0066, 0x0066, 0x0066, 0x0066, 0x0066, 0x0066, 0x0066, 0x0066, 0x0066, 0x0066, 0x0066, 0x0046,
  0x10E7, 0x2147, 0x0000, 0x0000, 0x2968, 0x10C6, 0x0025, 0x0066, 0x0086, 0x0003, 0x0000, 0x0000,
  0x0000, 0x0000, 0x0004, 0x0886, 0x0045, 0x0086, 0x0004, 0x0000, 0x0000, 0x0000, 0x2147, 0x10C6,
  0x0005, 0x0065, 0x0045, 0x0045, 0x08A6, 0x0004, 0x0000, 0x0045, 0x0885, 0x0025, 0x0065, 0x0885,
  0x0000, 0x0000, 0x0000, 0x0000, 0x0000, 0x0002, 0x08A5, 0x0025, 0x0885, 0x0002, 0x0000, 0x0000,
  0x0000, 0x0000, 0x0885, 0x0865, 0x0024, 0x0045, 0x3187, 0x0003, 0x0000, 0x0003, 0x3187, 0x1085,
  0x0024, 0x0864, 0x10A5, 0x0002, 0x0000, 0x0024, 0x1085, 0x0044, 0x10A5, 0x0000, 0x0000, 0x0000,
  0x0000, 0x0000, 0x1084, 0x1084, 0x0864, 0x1064, 0x0000, 0x0000, 0x0000, 0x0000, 0x0004, 0x1084,
  0x1084, 0x1084, 0x1084, 0x1084, 0x1084, 0x1084, 0x1084, 0x1084, 0x1084, 0x1084, 0x18A4, 0x0004,
  0x0004, 0x1884, 0x18A4, 0x0004, 0x0004, 0x20C4, 0x0004, 0x0004, 0x1884, 0x1884, 0x18A4, 0x0003,
  0x0003, 0x1863, 0x20A3, 0x20A3, 0x1883, 0x0003, 0x0003, 0x3103, 0x0803, 0x0003, 0x0803, 0x20A3,
  0x1863, 0x2083, 0x1883, 0x2083, 0x2083, 0x2083, 0x2083, 0x2083, 0x20A3, 0x20A3, 0x20A3, 0x2083,
  0x2083, 0x20A3, 0x20A3, 0x20A3, 0x20A3, 0x20A3, 0x20A3, 0x20A3, 0x2083, 0x20A3, 0x20A3, 0x20A3,
  0x28A3, 0x28A3, 0x28A2, 0x28A2, 0x28A2, 0x28A2, 0x28A2, 0x28A2, 0x28A2, 0x28A2, 0x28A2, 0x28A2,
  0x30A2, 0x30A2, 0x30A2, 0x30A2, 0x30A2, 0x30A2, 0x38A2, 0x38A2, 0x38A2, 0x38C2, 0x40C1, 0x40C1,
  0x48C1, 0x48C1, 0x50E1, 0x58E1, 0x6101, 0x7120, 0x7940, 0x8160, 0x9160, 0x99A0, 0xA9C0, 0xBA00,
  0xD260, 0xE2A0, 0xEAC0, 0xF2E0, 0xF300, 0xF300, 0xF300, 0xF300, 0xF300, 0xF320, 0xFB60, 0xFBA0,
  0xFBA0, 0xFBE0, 0xFC21, 0xFC42, 0xFC81, 0xFDC9, 0xFE2C, 0xFC20, 0xF340, 0xEB21, 0xE2C0, 0xE2A0,
  0xEAC0, 0xEAC0, 0xE2A0, 0xDA40, 0xD200, 0xCA00, 0xC1E0, 0xB9C0, 0xB1A0, 0xB1A0, 0xA980, 0xA980,
  0xA980, 0xA180, 0x9960, 0xA160, 0xB9C0, 0xB9A0, 0x9120, 0x68C0, 0x7900, 0x7900, 0x70E0, 0x70E0,
  0x68E0, 0x68E0, 0x68C0, 0x68C0,
  0x008B, 0x008B, 0x008B, 0x008B, 0x00AB, 0x00AC, 0x00AC, 0x00AD, 0x00AD, 0x00CE, 0x00D0, 0x00D0,
  0x00CF, 0x00CF, 0x00CF, 0x00CF, 0x00CF, 0x00D0, 0x00F0, 0x00F0, 0x00F1, 0x00F2, 0x0113, 0x0113,
  0x0114, 0x0135, 0x0157, 0x0198, 0x017B, 0x023D, 0x4C1E, 0x43BE, 0x00DC, 0x09B8, 0x0136, 0x0135,
  0x0113, 0x0112, 0x00F1, 0x00F1, 0x00F0, 0x00F0, 0x00D0, 0x00F0, 0x00CF, 0x00CF, 0x00CF, 0x00EF,
  0x00EF, 0x00EF, 0x00CE, 0x00CD, 0x00CD, 0x00CC, 0x00CC, 0x00AC, 0x00AB, 0x00AB, 0x00AB, 0x00AA,
  0x00AA, 0x00AA, 0x00AA, 0x00AA, 0x00A9, 0x00A9, 0x00A9, 0x00A9, 0x00A9, 0x00A9, 0x0089, 0x00A9,
  0x00A8, 0x00A8, 0x0088, 0x0088, 0x0088, 0x0088, 0x0088, 0x0088, 0x0087, 0x0087, 0x0087, 0x0087,
  0x0087, 0x0087, 0x0067, 0x0067, 0x0067, 0x0067, 0x0067, 0x0067, 0x0067, 0x0067, 0x0067, 0x0067,
  0x0067, 0x0067, 0x0067, 0x0067, 0x0067, 0x0067, 0x0067, 0x0067, 0x0087, 0x0087, 0x0087, 0x0087,
  0x0087, 0x0067, 0x0047, 0x0169, 0x020B, 0x020C, 0x024D, 0x01CB, 0x0007, 0x0087, 0x00A7, 0x00C7,
  0x0000, 0x0006, 0x02EE, 0x00E8, 0x0000, 0x00A7, 0x00A7, 0x0026, 0x00C7, 0x0086, 0x0000, 0x0189,
  0x030E, 0x0005, 0x0000, 0x00C7, 0x00A7, 0x0046, 0x0026, 0x020A, 0x01CA, 0x0006, 0x00E8, 0x01EB,
  0x0128, 0x0026, 0x0026, 0x0107, 0x0002, 0x0001, 0x030E, 0x020A, 0x0000, 0x0005, 0x00A7, 0x0066,
  0x0066, 0x0066, 0x0066, 0x0066, 0x0066, 0x0066, 0x0066, 0x0066, 0x0066, 0x0066, 0x0066, 0x08A6,
  0x0004, 0x0000, 0x5B0D, 0x52AC, 0x0000, 0x0004, 0x08A6, 0x0045, 0x0005, 0x31A8, 0x422A, 0x3A0A,
  0x422A, 0x4A4A, 0x2148, 0x0006, 0x0086, 0x0005, 0x2127, 0x424A, 0x4A4A, 0x2968, 0x0000, 0x0004,
  0x10C6, 0x0025, 0x0066, 0x0066, 0x0005, 0x1906, 0x31C9, 0x08A5, 0x0024, 0x0085, 0x0045, 0x0005,
  0x31C8, 0x4A6B, 0x420A, 0x424A, 0x4A8A, 0x2987, 0x0003, 0x08A5, 0x0004, 0x2967, 0x422A, 0x4229,
  0x4A6A, 0x31A8, 0x0004, 0x0045, 0x0865, 0x1906, 0x0000, 0x0005, 0x632D, 0x0003, 0x0000, 0x0004,
  0x10C5, 0x0864, 0x0003, 0x3188, 0x422A, 0x18C6, 0x0025, 0x10A5, 0x0003, 0x39C8, 0x4A4A, 0x4A6A,
  0x4229, 0x2967, 0x1065, 0x1085, 0x1084, 0x0864, 0x4229, 0x4A6A, 0x528B, 0x4A8A, 0x18E5, 0x0844,
  0x1084, 0x1084, 0x1084, 0x1084, 0x1084, 0x1084, 0x1084, 0x1084, 0x1084, 0x1084, 0x0024, 0x3983,
  0x5223, 0x1083, 0x0863, 0x4183, 0x28E3, 0x0003, 0x3963, 0x49E3, 0x18A3, 0x1063, 0x1043, 0x3163,
  0x5203, 0x20C3, 0x1863, 0x1883, 0x20C4, 0x5203, 0x4183, 0x0004, 0x3943, 0x49C3, 0x3123, 0x0803,
  0x20A3, 0x1883, 0x1883, 0x1883, 0x2083, 0x2083, 0x2083, 0x2083, 0x1883, 0x1883, 0x1883, 0x1883,
  0x1883, 0x1883, 0x1883, 0x1883, 0x1883, 0x1883, 0x1883, 0x1883, 0x1883, 0x2083, 0x2083, 0x2083,
  0x2083, 0x2082, 0x20A2, 0x20A3, 0x20A2, 0x20A2, 0x28A2, 0x28A2, 0x28A2, 0x28A2, 0x28A2, 0x28A2,
  0x28A2, 0x28A2, 0x30A2, 0x30A2, 0x30A2, 0x30A2, 0x30A2, 0x38A2, 0x38A2, 0x38A1, 0x38C1, 0x40C1,
  0x48C1, 0x48C1, 0x50E1, 0x58E1, 0x60E1, 0x6900, 0x7120, 0x7940, 0x8960, 0x9980, 0xA1A0, 0xB9E0,
  0xCA40, 0xDA80, 0xEAA0, 0xEAC0, 0xEAC0, 0xF2E0, 0xF2E0, 0xEAE0, 0xEAE0, 0xF2E0, 0xF300, 0xFB60,
  0xF360, 0xF360, 0xF3A0, 0xF3E1, 0xF401, 0xFC62, 0xFDCA, 0xFD8A, 0xF300, 0xE301, 0xE2A0, 0xDA80,
  0xDA60, 0xDA80, 0xE280, 0xDA60, 0xD220, 0xC1E0, 0xC1C0, 0xB9C0, 0xB1A0, 0xA980, 0xA980, 0xA180,
  0xA160, 0xA160, 0x9960, 0x9140, 0x9140, 0xA160, 0xB9A0, 0xA160, 0x70E0, 0x68E0, 0x70E0, 0x70E0,
  0x68E0, 0x60C0, 0x60C0, 0x60C0,
  0x008B, 0x008B, 0x008B, 0x00AB, 0x00AB, 0x00AC, 0x00AC, 0x00AC, 0x00CD, 0x00CF, 0x00CF, 0x00CE,
  0x00CE, 0x00CF, 0x00CF, 0x00CF, 0x00CF, 0x00CF, 0x00F0, 0x00F0, 0x00F1, 0x00F2, 0x0113, 0x0114,
  0x0135, 0x0156, 0x0157, 0x0199, 0x019C, 0x335E, 0x43FE, 0x01DD, 0x017A, 0x0156, 0x0114, 0x0113,
  0x0112, 0x00F1, 0x00F0, 0x00F0, 0x00D0, 0x00CF, 0x00CF, 0x00CF, 0x00CF, 0x00CF, 0x00CE, 0x00CE,
  0x00CE, 0x00CE, 0x00CE, 0x00CD, 0x00CD, 0x00AC, 0x00AC, 0x00AC, 0x00AB, 0x00AB, 0x00AB, 0x00AB,
  0x00AA, 0x00AA, 0x00AA, 0x00AA, 0x00AA, 0x00AA, 0x00AA, 0x00AA, 0x00AA, 0x00AA, 0x00AA, 0x00AA,
  0x00AA, 0x00AA, 0x00CA, 0x00CA, 0x00CA, 0x00CA, 0x00CA, 0x00CA, 0x00CA, 0x00CA, 0x00CA, 0x00EA,
  0x00EA, 0x00EA, 0x00EA, 0x00EA, 0x00EA, 0x010A, 0x010A, 0x010A, 0x010A, 0x010A, 0x010A, 0x010A,
  0x010A, 0x010A, 0x010A, 0x012A, 0x010A, 0x010A, 0x012A, 0x012A, 0x00A8, 0x0067, 0x0087, 0x0067,
  0x00E8, 0x0006, 0x0004, 0x04B6, 0x06DE, 0x069E, 0x069E, 0x04B6, 0x0000, 0x0189, 0x0087, 0x0002,
  0x0434, 0x069D, 0x06BE, 0x067D, 0x0474, 0x0000, 0x00C8, 0x0108, 0x00A7, 0x0002, 0x0495, 0x069D,
  0x06DE, 0x063C, 0x0350, 0x0000, 0x0149, 0x0005, 0x0005, 0x061B, 0x0578, 0x0000, 0x0391, 0x065C,
  0x034F, 0x0000, 0x0148, 0x0003, 0x01CA, 0x05FA, 0x06BD, 0x06FE, 0x0537, 0x0005, 0x0005, 0x00A7,
  0x0066, 0x0066, 0x0066, 0x0066, 0x0066, 0x0066, 0x0066, 0x0066, 0x0066, 0x0066, 0x0086, 0x0066,
  0x0005, 0xC639, 0xEF7D, 0xF79E, 0xD69A, 0x0005, 0x10C6, 0x08A6, 0x0000, 0xAD56, 0xF79E, 0xEF5D,
  0xEF7E, 0xEF5D, 0x8411, 0x0000, 0x2968, 0x0000, 0x8C52, 0xEF7E, 0xEF5D, 0xF79E, 0xBDF8, 0x0004,
  0x0886, 0x10C6, 0x10E6, 0x0004, 0x0000, 0xB5B7, 0xF7BF, 0x9493, 0x0000, 0x31C8, 0x0005, 0x0000,
  0xAD76, 0xF79E, 0xE73D, 0xEF7D, 0xEF5D, 0x8C92, 0x0000, 0x39C8, 0x0000, 0x9CD4, 0xEF5D, 0xEF5D,
  0xF7BE, 0xAD55, 0x0000, 0x0025, 0x2988, 0x0000, 0x94B3, 0xE73D, 0xF79E, 0xF79E, 0xA514, 0x0000,
  0x0003, 0x39C8, 0x0000, 0xAD55, 0xDEDB, 0x422A, 0x0000, 0x39C8, 0x0000, 0xBDD7, 0xEF7E, 0xE71C,
  0xF79E, 0xCE59, 0x0000, 0x0845, 0x1085, 0x2126, 0xDEDB, 0xF79E, 0xF79E, 0xE73C, 0x4A6A, 0x0000,
  0x18A5, 0x1084, 0x1084, 0x1084, 0x1084, 0x1084, 0x1084, 0x1084, 0x1084, 0x1884, 0x0004, 0x8323,
  0xF5E0, 0x6A82, 0x41A3, 0xEDA1, 0xB402, 0x0004, 0xD502, 0xD502, 0x0004, 0x3104, 0x0003, 0x93A2,
  0xE5A0, 0x5A23, 0x0003, 0x0004, 0x39A3, 0xDD62, 0xE562, 0x0003, 0x72C3, 0xE560, 0x8322, 0x0003,
  0x3963, 0x1063, 0x1883, 0x1883, 0x1883, 0x2083, 0x2083, 0x1883, 0x30C3, 0x40E3, 0x40E3, 0x40E3,
  0x40E3, 0x40E3, 0x40E3, 0x40E3, 0x40E3, 0x40E3, 0x40C3, 0x40C3, 0x40C3, 0x40C3, 0x40C3, 0x40C3,
  0x40C2, 0x40C2, 0x40C2, 0x40C2, 0x40C2, 0x38A2, 0x38A2, 0x38A2, 0x38A2, 0x38A2, 0x38A2, 0x30A2,
  0x30A2, 0x30A2, 0x30A2, 0x30A2, 0x30A2, 0x38A2, 0x38A2, 0x38A2, 0x38A2, 0x38A1, 0x40C1, 0x40C1,
  0x48C1, 0x48C1, 0x50E1, 0x58E1, 0x58E1, 0x6100, 0x6920, 0x7940, 0x8140, 0x9180, 0xA1A0, 0xB1E0,
  0xCA20, 0xDA60, 0xE280, 0xE280, 0xE2A0, 0xEAA0, 0xEAA0, 0xEAA0, 0xEAA0, 0xEAC0, 0xEAC0, 0xF300,
  0xF340, 0xF320, 0xF340, 0xF360, 0xF3A1, 0xF3A0, 0xFC84, 0xFDA9, 0xF4A6, 0xE240, 0xDAC2, 0xD260,
  0xD240, 0xCA20, 0xD240, 0xD240, 0xD200, 0xC9E0, 0xB9C0, 0xB1A0, 0xA980, 0xA980, 0xA160, 0x9960,
  0x9960, 0x9140, 0x9140, 0x9140, 0x8920, 0x8120, 0x8920, 0xA980, 0xB180, 0x8100, 0x60C0, 0x68E0,
  0x68E0, 0x60C0, 0x60C0, 0x60C0,
  0x008A, 0x008A, 0x008B, 0x008B, 0x00AB, 0x00AC, 0x00AC, 0x00AD, 0x00CF, 0x00CE, 0x00AD, 0x00AE,
  0x00CE, 0x00CE, 0x00CF, 0x00CF, 0x00CF, 0x00EF, 0x00F0, 0x00F1, 0x00F1, 0x00F2, 0x0114, 0x0135,
  0x0136, 0x0156, 0x0178, 0x015B, 0x127D, 0x3BBE, 0x22BD, 0x00FA, 0x0997, 0x0114, 0x0113, 0x00F2,
  0x00F1, 0x00F0, 0x00D0, 0x00CF, 0x00CF, 0x00CF, 0x00CF, 0x00CE, 0x00CE, 0x00CE, 0x00CE, 0x00CE,
  0x00CE, 0x00CE, 0x00CD, 0x00CD, 0x00CC, 0x00AC, 0x00AB, 0x00AB, 0x00AB, 0x00AA, 0x00AA, 0x00AA,
  0x0089, 0x0089, 0x0088, 0x0088, 0x0088, 0x0087, 0x0066, 0x0066, 0x0065, 0x0044, 0x0043, 0x0042,
  0x0020, 0x0000, 0x0000, 0x0000, 0x0000, 0x0000, 0x0000, 0x0000, 0x0000, 0x0000, 0x0000, 0x0000,
  0x0000, 0x0000, 0x0000, 0x0000, 0x0000, 0x0000, 0x0000, 0x0000, 0x0000, 0x0000, 0x0000, 0x0000,
  0x0000, 0x0000, 0x0000, 0x0000, 0x0000, 0x0000, 0x0000, 0x0000, 0x0004, 0x00A8, 0x0067, 0x0067,
  0x00E8, 0x0006, 0x0000, 0x0578, 0x06BE, 0x022D, 0x026C, 0x026C, 0x0004, 0x0169, 0x0000, 0x0350,
  0x06FF, 0x061B, 0x020C, 0x05B9, 0x06BD, 0x030E, 0x0000, 0x020B, 0x0000, 0x0391, 0x06FF, 0x0558,
  0x02AD, 0x061C, 0x0538, 0x0003, 0x0086, 0x0006, 0x0006, 0x06BE, 0x05FA, 0x0000, 0x03F2, 0x0EFE,
  0x0391, 0x0000, 0x01CA, 0x0000, 0x0495, 0x06FF, 0x0370, 0x0370, 0x04D6, 0x0189, 0x0004, 0x00A7,
  0x0066, 0x0046, 0x0026, 0x0066, 0x0066, 0x0066, 0x0066, 0x0066, 0x0066, 0x0066, 0x1907, 0x0000,
  0x7BF0, 0xFFFF, 0x9492, 0x5AEC, 0xBDD7, 0x424A, 0x0002, 0x10C6, 0x0005, 0x5AED, 0x8C72, 0xEF7D,
  0xDEDB, 0x6B4E, 0x52AB, 0x0003, 0x08A7, 0x0000, 0xA514, 0xF7BF, 0x632D, 0x9CD3, 0xF7BF, 0x8411,
  0x0000, 0x31A8, 0x2126, 0x0000, 0x528B, 0xE71C, 0xFFFF, 0xCE7A, 0x0000, 0x0086, 0x10C6, 0x0886,
  0x52AB, 0x8431, 0xE71C, 0xDEFB, 0x738F, 0x4A8B, 0x0003, 0x3187, 0x0000, 0xB5B7, 0xE73D, 0x738F,
  0x4A6B, 0x5AEC, 0x0005, 0x2968, 0x0000, 0x4A6B, 0xEF5D, 0xD69A, 0x4209, 0xB5B7, 0xBDF8, 0x2988,
  0x0000, 0x4229, 0x0000, 0xBDF7, 0xEF5D, 0x4A4A, 0x0000, 0x2947, 0x0000, 0x73AF, 0x738E, 0xAD76,
  0xFFFF, 0xA534, 0x0000, 0x18C5, 0x0844, 0x0865, 0xF79E, 0xBDF8, 0x3A09, 0x630C, 0x3187, 0x0003,
  0x1084, 0x1084, 0x0824, 0x0844, 0x1084, 0x1084, 0x1084, 0x1084, 0x1084, 0x18A4, 0x0004, 0x5203,
  0xF5A0, 0xABC3, 0x8323, 0xFE40, 0xD4C2, 0x41A4, 0xF5A0, 0xC461, 0x0004, 0x4163, 0x0003, 0x9BE2,
  0xFE00, 0x6263, 0x0004, 0x0004, 0x41A4, 0xED81, 0xFE20, 0x9B82, 0x6A82, 0xF5A0, 0x8B42, 0x0004,
  0x4163, 0x1043, 0x1863, 0x1863, 0x1883, 0x1883, 0x1883, 0x28A3, 0x0003, 0x0003, 0x0003, 0x0003,
  0x0003, 0x0003, 0x0003, 0x0003, 0x0003, 0x0003, 0x0003, 0x0003, 0x0003, 0x0003, 0x0003, 0x0003,
  0x0003, 0x0003, 0x0003, 0x0023, 0x0043, 0x0063, 0x0063, 0x0063, 0x0063, 0x0083, 0x0082, 0x0082,
  0x0082, 0x0082, 0x1082, 0x18A2, 0x20A2, 0x28A2, 0x28A2, 0x30A2, 0x30A2, 0x38A2, 0x38C1, 0x40C1,
  0x40C1, 0x48C1, 0x50E1, 0x50E1, 0x58E1, 0x60E1, 0x6900, 0x7920, 0x8140, 0x8960, 0x99A0, 0xA9C0,
  0xB9E0, 0xD220, 0xDA40, 0xDA60, 0xE280, 0xE280, 0xE280, 0xE280, 0xE280, 0xE280, 0xE280, 0xE2C0,
  0xEB00, 0xEB00, 0xEB00, 0xEB00, 0xEB20, 0xEB61, 0xF380, 0xFCA5, 0xFD69, 0xE3A3, 0xD200, 0xD281,
  0xCA20, 0xC200, 0xC1E0, 0xC200, 0xCA00, 0xC1E0, 0xC1C0, 0xB180, 0xA960, 0xA160, 0xA160, 0x9940,
  0x9140, 0x9140, 0x8920, 0x8920, 0x8920, 0x8920, 0x8100, 0x8100, 0x9940, 0xA960, 0x9120, 0x58C0,
  0x58C0, 0x60E0, 0x60C0, 0x58C0,
  0x008A, 0x008A, 0x008B, 0x008B, 0x00AC, 0x00AC, 0x00AD, 0x00AE, 0x00AD, 0x00AD, 0x00AD, 0x00AD,
  0x00AD, 0x00AE, 0x00CE, 0x00CF, 0x00CF, 0x00D0, 0x00F0, 0x00F1, 0x00F1, 0x0114, 0x0135, 0x0135,
  0x0156, 0x0156, 0x0178, 0x01DB, 0x231E, 0x22FD, 0x013B, 0x0177, 0x0134, 0x0113, 0x00F2, 0x00F1,
  0x00F0, 0x00D0, 0x00CF, 0x00CF, 0x00CE, 0x00CE, 0x00CE, 0x00CE, 0x00CE, 0x00CE, 0x00CD, 0x00CD,
  0x00CE, 0x00CD, 0x00CD, 0x00CD, 0x00CC, 0x00CC, 0x00CC, 0x00CC, 0x00CC, 0x00CC, 0x00CC, 0x00CC,
  0x00CC, 0x00CC, 0x00EC, 0x00ED, 0x00ED, 0x010E, 0x010E, 0x010F, 0x012F, 0x0130, 0x0150, 0x0151,
  0x0151, 0x0172, 0x0193, 0x0193, 0x01B4, 0x01D4, 0x01D4, 0x01F4, 0x01F4, 0x0215, 0x0235, 0x0235,
  0x0255, 0x0275, 0x0295, 0x0295, 0x02B5, 0x02D5, 0x02D5, 0x02D5, 0x02D5, 0x02F5, 0x0315, 0x0315,
  0x0315, 0x0335, 0x0335, 0x0335, 0x0315, 0x0335, 0x0355, 0x0355, 0x01CD, 0x0004, 0x00C8, 0x0067,
  0x00E8, 0x0006, 0x0000, 0x04F7, 0x069E, 0x0517, 0x04D6, 0x020B, 0x0000, 0x0189, 0x0000, 0x04D6,
  0x06FF, 0x03B2, 0x0000, 0x0370, 0x069D, 0x04B5, 0x0000, 0x01CA, 0x0000, 0x04F6, 0x067D, 0x02AE,
  0x0000, 0x0189, 0x0148, 0x0045, 0x0107, 0x0005, 0x0006, 0x067D, 0x05DA, 0x0000, 0x03F2, 0x06BD,
  0x0370, 0x0000, 0x0189, 0x0000, 0x0370, 0x067D, 0x063C, 0x0537, 0x02CD, 0x0002, 0x0087, 0x00A7,
  0x0026, 0x0108, 0x0149, 0x0066, 0x0046, 0x0066, 0x0066, 0x0066, 0x0066, 0x0066, 0x10C6, 0x0000,
  0x52AB, 0xEF7D, 0xEF7D, 0xC639, 0x7C10, 0x0000, 0x18E6, 0x0046, 0x10E7, 0x0000, 0x0000, 0xE71C,
  0xC618, 0x0000, 0x2947, 0x08A6, 0x0005, 0x0000, 0x9CF4, 0xF7BE, 0x8C72, 0xA555, 0xF79E, 0x73AF,
  0x0000, 0x31A8, 0x0885, 0x0000, 0xA514, 0xDEDB, 0x94B3, 0xE73C, 0x7BF0, 0x0000, 0x31A8, 0x2147,
  0x0000, 0x0000, 0xD69A, 0xC639, 0x0000, 0x0003, 0x2127, 0x2126, 0x0000, 0xAD55, 0xEF7D, 0xD6BA,
  0xCE59, 0x6B8F, 0x0000, 0x4209, 0x0000, 0x9492, 0xEF5D, 0x6B4D, 0x3A09, 0xA535, 0x94B3, 0x31C8,
  0x0001, 0x39E9, 0x0000, 0xBDD7, 0xEF5D, 0x4A49, 0x0000, 0x18C5, 0x2947, 0x0000, 0x0000, 0xEF5D,
  0xCE7A, 0x0000, 0x0002, 0x18E5, 0x0003, 0x10A5, 0xE73C, 0xE6FB, 0xCE59, 0xAD76, 0x0000, 0x18C5,
  0x1084, 0x0844, 0x3187, 0x2967, 0x0823, 0x1084, 0x1084, 0x1084, 0x1064, 0x18A4, 0x0004, 0x0003,
  0xD4C1, 0xD4C1, 0xB442, 0xED80, 0xD4A1, 0x9BA2, 0xED20, 0x82C2, 0x0003, 0x3943, 0x0004, 0xA3C3,
  0xF5C0, 0x5A43, 0x0004, 0x0004, 0x49C3, 0xD4E0, 0xF560, 0xD4C0, 0xAC01, 0xDD20, 0x9362, 0x0004,
  0x3963, 0x1863, 0x3923, 0x30E3, 0x1863, 0x2083, 0x20A3, 0x0003, 0x79C2, 0xAA61, 0xAA42, 0xAA42,
  0xAA42, 0xAA21, 0xAA21, 0xAA22, 0xAA01, 0xAA01, 0xAA02, 0xAA02, 0xAA02, 0xA9E2, 0xA9C1, 0xA9C1,
  0xA9A1, 0xA981, 0xA981, 0xA161, 0x9941, 0x9121, 0x8921, 0x8121, 0x8121, 0x7901, 0x7101, 0x68E1,
  0x60E1, 0x58E1, 0x58E1, 0x50E1, 0x48C1, 0x48C1, 0x48C1, 0x48C1, 0x48C1, 0x48C1, 0x48C1, 0x48C1,
  0x48C1, 0x50E1, 0x50E1, 0x50E1, 0x58E1, 0x60E1, 0x6900, 0x7120, 0x7940, 0x8940, 0x9180, 0xA1A0,
  0xB9E0, 0xCA00, 0xD220, 0xDA40, 0xDA60, 0xDA60, 0xDA60, 0xDA60, 0xDA60, 0xDA60, 0xDA60, 0xDA60,
  0xE2A0, 0xE2C0, 0xE2C0, 0xE2C0, 0xE2C0, 0xE2E0, 0xE320, 0xEB80, 0xFCC6, 0xF4C7, 0xD260, 0xCA20,
  0xC220, 0xB9E0, 0xB9C0, 0xB1C0, 0xB9C0, 0xB9C0, 0xB9A0, 0xB1A0, 0xA980, 0xA160, 0x9940, 0x9140,
  0x9120, 0x8920, 0x8920, 0x8120, 0x8100, 0x8100, 0x8100, 0x7900, 0x7100, 0x8120, 0xA140, 0x9940,
  0x68E0, 0x50C0, 0x60C0, 0x60C0,
  0x008A, 0x008A, 0x008B, 0x008B, 0x00AC, 0x00AD, 0x00AD, 0x00AC, 0x00AC, 0x00AC, 0x00AD, 0x00AD,
  0x00AD, 0x00AD, 0x00AE, 0x00CE, 0x00CF, 0x00F0, 0x00F0, 0x00F1, 0x0113, 0x0115, 0x0135, 0x0135,
  0x0136, 0x0157, 0x0179, 0x125C, 0x22FD, 0x01BB, 0x0138, 0x0155, 0x0113, 0x00F1, 0x00F0, 0x00D0,
  0x00CF, 0x00CF, 0x00CE, 0x00CE, 0x00CE, 0x00CE, 0x00CD, 0x00CD, 0x00CD, 0x00CD, 0x00CD, 0x00CD,
  0x00AD, 0x00AC, 0x00AC, 0x00CC, 0x00CC, 0x00CC, 0x00CC, 0x00CC, 0x00CC, 0x00CC, 0x00CC, 0x00CC,
  0x00CD, 0x00ED, 0x00ED, 0x00EE, 0x010E, 0x010F, 0x0110, 0x0130, 0x0131, 0x0151, 0x0152, 0x0172,
  0x0173, 0x0194, 0x01B5, 0x01B5, 0x01B5, 0x01D6, 0x01F6, 0x0216, 0x0237, 0x0257, 0x0257, 0x0277,
  0x0277, 0x0297, 0x02B7, 0x02D7, 0x02D7, 0x02F7, 0x0317, 0x0317, 0x0317, 0x0337, 0x0337, 0x0357,
  0x0357, 0x0377, 0x0377, 0x0377, 0x0377, 0x0377, 0x0398, 0x0397, 0x01EE, 0x0002, 0x00E8, 0x0047,
  0x00C8, 0x0006, 0x0002, 0x04D7, 0x0E9E, 0x0579, 0x0538, 0x026C, 0x0000, 0x0189, 0x0000, 0x0474,
  0x067D, 0x030E, 0x0000, 0x032F, 0x06BE, 0x04D6, 0x0000, 0x01CA, 0x0000, 0x04D6, 0x063C, 0x01EA,
  0x0000, 0x00E6, 0x01AA, 0x00A7, 0x0108, 0x0005, 0x0006, 0x069E, 0x0579, 0x0000, 0x030E, 0x067D,
  0x0370, 0x0000, 0x00C7, 0x0108, 0x0000, 0x0209, 0x03F2, 0x05FB, 0x06BD, 0x02CE, 0x0002, 0x0066,
  0x00E7, 0x0000, 0x0000, 0x0026, 0x0086, 0x0046, 0x0066, 0x0066, 0x0066, 0x0066, 0x0045, 0x10C6,
  0x0000, 0x2988, 0x9CD4, 0xCE7A, 0xEF7E, 0x73AF, 0x0000, 0x1928, 0x0886, 0x0004, 0x0025, 0xDEDB,
  0xBDF8, 0x0000, 0x31A8, 0x0065, 0x0025, 0x0000, 0x9492, 0xF77E, 0xDEFB, 0xF7BF, 0xAD55, 0x0000,
  0x2967, 0x1907, 0x0002, 0x0000, 0xCE59, 0xEF3D, 0xA514, 0xEF5D, 0xAD55, 0x0000, 0x31A8, 0x2127,
  0x0000, 0x08A5, 0xD69A, 0xC638, 0x0000, 0x10C5, 0x10C6, 0x2147, 0x0000, 0xAD76, 0xEF5D, 0xB5B7,
  0x9CF4, 0x52CC, 0x0000, 0x39E9, 0x0000, 0x9492, 0xE73D, 0x52AB, 0x3A0A, 0xCE7A, 0xDEFB, 0x5AEC,
  0x0000, 0x4209, 0x0000, 0xB5B6, 0xE71C, 0x4229, 0x0000, 0x2106, 0x2946, 0x0000, 0xCE59, 0xE71C,
  0x0000, 0x0000, 0x18C5, 0x10C5, 0x0843, 0x0001, 0xE71C, 0xCE59, 0xA514, 0x8C51, 0x0000, 0x18C5,
  0x0864, 0x18C5, 0x0000, 0x0000, 0x20E5, 0x0844, 0x1064, 0x1084, 0x1064, 0x18A4, 0x0844, 0x0004,
  0xB3E1, 0xF540, 0xDCE0, 0xB421, 0xD4A1, 0xDCC0, 0xDCA0, 0x4183, 0x0003, 0x28E4, 0x0004, 0xA3A3,
  0xF580, 0x5A23, 0x0003, 0x0003, 0x49C2, 0xD4A0, 0xBBE1, 0xBC21, 0xFDC0, 0xE540, 0x8B22, 0x0003,
  0x4163, 0x0003, 0x0004, 0x0003, 0x28C3, 0x1863, 0x2083, 0x0003, 0x81E2, 0xBAC1, 0xBA81, 0xBA81,
  0xBA81, 0xBA81, 0xBA61, 0xB261, 0xB241, 0xB241, 0xB241, 0xB241, 0xB221, 0xB201, 0xB201, 0xB1E1,
  0xB1E1, 0xB1C1, 0xB1A1, 0xA9A1, 0xA161, 0x9941, 0x9141, 0x9141, 0x8941, 0x8121, 0x7921, 0x7101,
  0x6901, 0x60E1, 0x60E1, 0x58E1, 0x50C1, 0x50C1, 0x48C1, 0x48C1, 0x48C1, 0x48C1, 0x48C1, 0x48C1,
  0x48C1, 0x50E1, 0x50E1, 0x58E1, 0x58E1, 0x6101, 0x6901, 0x7120, 0x7920, 0x8140, 0x9160, 0xA1A0,
  0xB1C0, 0xC200, 0xD220, 0xD240, 0xD220, 0xD220, 0xD220, 0xD220, 0xD240, 0xD240, 0xD240, 0xD240,
  0xD260, 0xDAA0, 0xDA80, 0xDA80, 0xDAA0, 0xDAA0, 0xDAC0, 0xE300, 0xEB81, 0xF465, 0xE3C4, 0xC1A0,
  0xC220, 0xB9E0, 0xB1C0, 0xB1A0, 0xA9A0, 0xB1A0, 0xB1A0, 0xA980, 0xA160, 0x9960, 0x9140, 0x9120,
  0x8920, 0x8920, 0x8120, 0x8100, 0x7900, 0x7900, 0x7900, 0x7900, 0x70E0, 0x68E0, 0x6900, 0x8920,
  0x9940, 0x7900, 0x50C0, 0x58A0,
  0x008A, 0x008A, 0x008A, 0x008B, 0x00AC, 0x00AC, 0x00AC, 0x00AC, 0x00AC, 0x00AC, 0x00AC, 0x00AC,
  0x00AD, 0x00AD, 0x00AE, 0x00CE, 0x00CF, 0x00D0, 0x00F1, 0x00F3, 0x0114, 0x0114, 0x0115, 0x0135,
  0x0156, 0x0158, 0x01DB, 0x1ABD, 0x0A1B, 0x0118, 0x0155, 0x0113, 0x00F1, 0x00D0, 0x00D0, 0x00CF,
  0x00CE, 0x00CE, 0x00CE, 0x00AD, 0x00AD, 0x00AD, 0x00AD, 0x00AD, 0x00CD, 0x00AC, 0x00AC, 0x00AC,
  0x00AC, 0x00AC, 0x00AC, 0x00AC, 0x00AB, 0x00AB, 0x00AB, 0x00AB, 0x00AA, 0x00AA, 0x008A, 0x00AA,
  0x00A9, 0x00A9, 0x0089, 0x0089, 0x0089, 0x0088, 0x0088, 0x0088, 0x0088, 0x0088, 0x0088, 0x0088,
  0x0088, 0x0087, 0x0067, 0x0067, 0x0067, 0x0067, 0x0067, 0x0067, 0x0047, 0x0047, 0x0046, 0x0047,
  0x0046, 0x0026, 0x0026, 0x0026, 0x0006, 0x0006, 0x0006, 0x0006, 0x0006, 0x0006, 0x0006, 0x0006,
  0x0006, 0x0006, 0x0006, 0x0006, 0x0006, 0x0006, 0x0006, 0x0005, 0x0047, 0x0087, 0x0067, 0x0067,
  0x00C7, 0x0005, 0x0000, 0x04F8, 0x0E1D, 0x0005, 0x0003, 0x00E8, 0x0046, 0x0128, 0x0000, 0x028D,
  0x061D, 0x059B, 0x024E, 0x059B, 0x069F, 0x0310, 0x0000, 0x01EB, 0x0000, 0x032F, 0x065E, 0x0518,
  0x02F0, 0x063D, 0x055A, 0x0006, 0x0006, 0x0129, 0x0000, 0x05DB, 0x065E, 0x0371, 0x057A, 0x063D,
  0x024B, 0x0000, 0x01AA, 0x0000, 0x0454, 0x061C, 0x0310, 0x04F8, 0x073F, 0x0330, 0x0000, 0x0107,
  0x0000, 0x0371, 0x0435, 0x00A7, 0x0005, 0x0066, 0x0066, 0x0066, 0x0066, 0x0046, 0x10E6, 0x0000,
  0x738F, 0xDEDB, 0x7BD0, 0x8451, 0xFFFF, 0x8C72, 0x0000, 0x2148, 0x0086, 0x0003, 0x0004, 0xD69A,
  0xB5B7, 0x0000, 0x2988, 0x0066, 0x0046, 0x0000, 0x9492, 0xDEDB, 0x52AB, 0xD67A, 0xCE59, 0x0000,
  0x2948, 0x2148, 0x0000, 0x632D, 0xEF3C, 0xDEBB, 0xB596, 0xE6FB, 0xD67A, 0x0004, 0x0001, 0x31A8,
  0x0000, 0x0024, 0xCE59, 0xC5F8, 0x0000, 0x08A5, 0x10E6, 0x2127, 0x0000, 0xB596, 0xE6FC, 0x7BF0,
  0x630D, 0x5AEC, 0x0002, 0x2146, 0x0000, 0x4209, 0xE71C, 0xCE79, 0x5ACC, 0xCE39, 0xEF5D, 0x630D,
  0x0000, 0x4209, 0x0000, 0xAD75, 0xDEBB, 0x4229, 0x0000, 0x31A7, 0x0000, 0x9CD3, 0xF79E, 0xA534,
  0x73AF, 0x738F, 0x0865, 0x0885, 0x0885, 0x0002, 0xE73C, 0xBDF7, 0x632D, 0x7BAF, 0x31A7, 0x0003,
  0x18C5, 0x0000, 0xA4F4, 0x8C51, 0x0000, 0x20E5, 0x0864, 0x1064, 0x1064, 0x1084, 0x1084, 0x0004,
  0x7AA3, 0xFD60, 0xF500, 0x5203, 0xC422, 0xFDA0, 0xCC01, 0x0004, 0x3103, 0x18A4, 0x0004, 0x9B62,
  0xF520, 0x59E2, 0x0003, 0x0003, 0x4182, 0xECE0, 0xBBA2, 0x1963, 0xFDA0, 0xFD80, 0x7AA2, 0x0003,
  0x1883, 0x3943, 0xABA2, 0x8AE2, 0x0003, 0x28C3, 0x1883, 0x1883, 0x0863, 0x0023, 0x0043, 0x0043,
  0x0043, 0x0063, 0x0063, 0x0043, 0x0063, 0x0063, 0x0063, 0x0063, 0x0063, 0x0062, 0x0063, 0x0062,
  0x0083, 0x0083, 0x0082, 0x0082, 0x0882, 0x1082, 0x1882, 0x1882, 0x2082, 0x2082, 0x2082, 0x28A2,
  0x28A2, 0x28A2, 0x28A2, 0x28A2, 0x28A2, 0x30A2, 0x30A2, 0x38A2, 0x38A2, 0x38C2, 0x40C2, 0x40C1,
  0x40C1, 0x48C1, 0x48C1, 0x50C1, 0x58E1, 0x6101, 0x6101, 0x6900, 0x7120, 0x7920, 0x8960, 0xA1A0,
  0xB1C0, 0xC200, 0xCA20, 0xCA20, 0xCA00, 0xCA00, 0xCA00, 0xCA00, 0xCA20, 0xCA20, 0xCA20, 0xCA20,
  0xCA20, 0xD260, 0xD260, 0xD240, 0xD260, 0xD260, 0xD280, 0xD280, 0xDAC0, 0xE362, 0xEC04, 0xCAE2,
  0xB160, 0xBA00, 0xA9A0, 0xA9A0, 0xA180, 0xA180, 0xA180, 0xA180, 0x9960, 0x9940, 0x9140, 0x9140,
  0x8920, 0x8120, 0x8100, 0x7900, 0x7900, 0x7900, 0x70E0, 0x70E0, 0x70E0, 0x70E0, 0x68E0, 0x68E0,
  0x7900, 0x9120, 0x8900, 0x58C0,
  0x008A, 0x008A, 0x008B, 0x00AC, 0x008B, 0x008B, 0x008B, 0x008B, 0x00AC, 0x00AC, 0x00AC, 0x00AC,
  0x00AD, 0x00AD, 0x00AE, 0x00CE, 0x00CF, 0x00F0, 0x00F2, 0x0114, 0x0114, 0x0114, 0x0113, 0x0134,
  0x0136, 0x0159, 0x0A5C, 0x125C, 0x0117, 0x0135, 0x0113, 0x00F1, 0x00D0, 0x00CF, 0x00CF, 0x00CE,
  0x00CE, 0x00CE, 0x00AD, 0x00AD, 0x00AD, 0x00AC, 0x00AC, 0x00AC, 0x00AC, 0x00AC, 0x00AC, 0x00AC,
  0x00AC, 0x00AC, 0x00AC, 0x00AB, 0x00AB, 0x00AB, 0x00AB, 0x00AA, 0x00AA, 0x00AA, 0x0089, 0x00A9,
  0x0089, 0x0089, 0x0089, 0x0089, 0x0089, 0x0088, 0x0088, 0x0088, 0x0088, 0x0088, 0x0088, 0x0088,
  0x0087, 0x0067, 0x0067, 0x0067, 0x0067, 0x0066, 0x0066, 0x0066, 0x0066, 0x0046, 0x0046, 0x0046,
  0x0046, 0x0046, 0x0046, 0x0026, 0x0026, 0x0026, 0x0006, 0x0006, 0x0006, 0x0006, 0x0006, 0x0006,
  0x0005, 0x0005, 0x0005, 0x0005, 0x0005, 0x0005, 0x0005, 0x0005, 0x0046, 0x0087, 0x0067, 0x0067,
  0x00C7, 0x0006, 0x0000, 0x0476, 0x055A, 0x0002, 0x0002, 0x00C8, 0x0067, 0x00A7, 0x0087, 0x0002,
  0x0371, 0x057B, 0x05DD, 0x059B, 0x0392, 0x0000, 0x00A7, 0x00C7, 0x0087, 0x0000, 0x03F3, 0x05BC,
  0x061E, 0x059B, 0x02EF, 0x0003, 0x00C7, 0x0128, 0x0000, 0x02AE, 0x057A, 0x063E, 0x05FC, 0x03B2,
  0x0000, 0x0005, 0x0128, 0x0002, 0x026C, 0x059A, 0x05FD, 0x05DC, 0x0475, 0x0006, 0x0005, 0x0148,
  0x0000, 0x0476, 0x057B, 0x00C7, 0x0004, 0x0086, 0x0066, 0x0046, 0x0066, 0x0066, 0x0886, 0x0004,
  0x31A8, 0xBDF8, 0xD6BB, 0xD69A, 0xB596, 0x1907, 0x0025, 0x0886, 0x0885, 0x0003, 0x0004, 0xBDD8,
  0xA535, 0x0000, 0x2968, 0x0066, 0x0046, 0x0000, 0x83F0, 0xC618, 0x0000, 0x738F, 0xD67A, 0x630D,
  0x0000, 0x2968, 0x0000, 0x9493, 0xD6BA, 0x52CC, 0x0000, 0x8C51, 0xCE59, 0x6B2D, 0x0000, 0x31C8,
  0x0000, 0x0004, 0xB596, 0xAD55, 0x0000, 0x0065, 0x10C6, 0x18E6, 0x0000, 0x9492, 0xCE59, 0xC5F7,
  0xCE38, 0x9492, 0x0000, 0x0003, 0x2947, 0x0000, 0x7BF0, 0xCE59, 0xD69A, 0xBDD7, 0xB596, 0x52AC,
  0x0000, 0x31A8, 0x0000, 0x94B3, 0xC5F8, 0x39E9, 0x0000, 0x2967, 0x0000, 0xAD35, 0xCE59, 0xC5F7,
  0xCE79, 0xB596, 0x0004, 0x0004, 0x0865, 0x18E6, 0xC618, 0xD69A, 0xCE59, 0xCE59, 0x52AB, 0x0000,
  0x18E5, 0x0000, 0xCE59, 0xAD76, 0x0000, 0x2926, 0x0844, 0x1064, 0x1064, 0x1064, 0x1884, 0x0004,
  0x3943, 0xDC60, 0xD401, 0x0003, 0x9302, 0xECE0, 0x9AE2, 0x0004, 0x3924, 0x1064, 0x0003, 0x8AE2,
  0xDC80, 0x51A2, 0x0003, 0x0003, 0x4163, 0xD440, 0xB362, 0x0004, 0xABA2, 0xE4C0, 0x7222, 0x0003,
  0x0003, 0x49A3, 0xD481, 0xAB81, 0x0003, 0x3103, 0x1883, 0x1883, 0x0863, 0x0023, 0x0023, 0x0043,
  0x0043, 0x0043, 0x0043, 0x0043, 0x0043, 0x0063, 0x0043, 0x0043, 0x0063, 0x0063, 0x0063, 0x0063,
  0x0062, 0x0082, 0x0083, 0x0882, 0x1083, 0x1082, 0x1882, 0x1882, 0x1882, 0x2082, 0x2082, 0x20A2,
  0x28A2, 0x28A2, 0x28A2, 0x28A2, 0x30A2, 0x30A2, 0x30A2, 0x38A2, 0x38A2, 0x38A1, 0x38C1, 0x40C1,
  0x40C1, 0x40C1, 0x48C1, 0x50E1, 0x58E1, 0x5901, 0x6101, 0x6900, 0x7120, 0x7940, 0x8960, 0x9180,
  0xA9A0, 0xB9E0, 0xC200, 0xC200, 0xC200, 0xC200, 0xC200, 0xC200, 0xC200, 0xC200, 0xC200, 0xC1E0,
  0xC1E0, 0xC200, 0xCA20, 0xCA20, 0xCA20, 0xCA40, 0xCA40, 0xCA40, 0xCA60, 0xD280, 0xE362, 0xE3A3,
  0xBA00, 0xA980, 0xA9C0, 0xA180, 0xA180, 0x9960, 0x9140, 0x9960, 0x9940, 0x9140, 0x9140, 0x9140,
  0x8920, 0x8100, 0x7900, 0x7900, 0x70E0, 0x70E0, 0x68E0, 0x68E0, 0x68E0, 0x68E0, 0x68E0, 0x68E0,
  0x60E0, 0x68E0, 0x8100, 0x8900,
  0x008A, 0x008B, 0x008B, 0x008B, 0x008B, 0x008B, 0x008B, 0x008B, 0x008B, 0x008B, 0x00AC, 0x00AC,
  0x00AD, 0x00AD, 0x00CE, 0x00CE, 0x00CF, 0x00F2, 0x0113, 0x0114, 0x0113, 0x00F2, 0x0113, 0x0135,
  0x0116, 0x01DA, 0x0A7D, 0x0178, 0x0115, 0x0113, 0x00F1, 0x00D0, 0x00CF, 0x00CE, 0x00CE, 0x00CE,
  0x00AD, 0x00AD, 0x00AD, 0x00AD, 0x00AC, 0x00AC, 0x00AC, 0x00AC, 0x00AC, 0x00AC, 0x00AC, 0x00AC,
  0x00AC, 0x00AC, 0x00AC, 0x00AB, 0x00AB, 0x00AA, 0x00AA, 0x00AA, 0x00AA, 0x00AA, 0x008A, 0x0089,
  0x0089, 0x0089, 0x0089, 0x0089, 0x0089, 0x0089, 0x0089, 0x0089, 0x0089, 0x0088, 0x0088, 0x0088,
  0x0088, 0x0088, 0x0088, 0x0088, 0x0088, 0x0088, 0x0088, 0x0088, 0x0088, 0x0088, 0x0088, 0x0088,
  0x0088, 0x0088, 0x00A8, 0x00A8, 0x00A8, 0x00A8, 0x00A8, 0x00A8, 0x00A8, 0x00A8, 0x00A8, 0x00A8,
  0x00A8, 0x00A7, 0x00A7, 0x00A7, 0x00A7, 0x00A7, 0x00A7, 0x00A7, 0x0087, 0x0067, 0x0067, 0x0067,
  0x0087, 0x0067, 0x0067, 0x0108, 0x0148, 0x00C7, 0x00C7, 0x0087, 0x0067, 0x0067, 0x00A7, 0x0066,
  0x0001, 0x00E7, 0x022C, 0x0108, 0x0000, 0x0026, 0x00A7, 0x0046, 0x00A7, 0x0026, 0x0002, 0x0189,
  0x024C, 0x0006, 0x0003, 0x00A7, 0x0087, 0x0066, 0x00A7, 0x0002, 0x0047, 0x022C, 0x0149, 0x0002,
  0x0026, 0x0086, 0x0026, 0x00C7, 0x0003, 0x0004, 0x020B, 0x01CA, 0x0000, 0x0005, 0x0086, 0x0086,
  0x0006, 0x0108, 0x0169, 0x0025, 0x0046, 0x0066, 0x0046, 0x0046, 0x0045, 0x0045, 0x0045, 0x0886,
  0x0004, 0x0000, 0x424A, 0x4A4A, 0x0000, 0x0003, 0x0886, 0x0025, 0x0045, 0x0045, 0x0045, 0x2968,
  0x2148, 0x0006, 0x0066, 0x0066, 0x0066, 0x0045, 0x10C6, 0x2967, 0x10C5, 0x0002, 0x3188, 0x2988,
  0x0005, 0x0066, 0x0026, 0x2988, 0x2988, 0x0002, 0x0000, 0x0003, 0x2987, 0x2146, 0x0004, 0x0086,
  0x0045, 0x0045, 0x2147, 0x2127, 0x0025, 0x0045, 0x0065, 0x0065, 0x0045, 0x10C5, 0x2967, 0x39C8,
  0x39E8, 0x2946, 0x0024, 0x0025, 0x0885, 0x0885, 0x0000, 0x18E6, 0x4A6A, 0x08A5, 0x0005, 0x10C6,
  0x0045, 0x0865, 0x0003, 0x2106, 0x2987, 0x08A5, 0x0045, 0x0065, 0x0044, 0x1906, 0x2126, 0x31A7,
  0x31A7, 0x2967, 0x0044, 0x0844, 0x0844, 0x0885, 0x2947, 0x39C8, 0x3A09, 0x39E8, 0x10C5, 0x0844,
  0x0864, 0x0003, 0x3187, 0x2126, 0x0003, 0x1084, 0x0864, 0x0864, 0x1064, 0x1064, 0x1064, 0x1064,
  0x0043, 0x28C3, 0x20C3, 0x0023, 0x1063, 0x30E3, 0x1883, 0x0864, 0x1884, 0x1084, 0x1064, 0x20C3,
  0x3923, 0x18A3, 0x1063, 0x1083, 0x1883, 0x30E3, 0x30E3, 0x0003, 0x0003, 0x3103, 0x28C3, 0x1063,
  0x1863, 0x1883, 0x3102, 0x28C2, 0x0823, 0x1883, 0x1883, 0x1883, 0x2083, 0x20A3, 0x20A3, 0x2083,
  0x20A3, 0x20A3, 0x20A3, 0x20A3, 0x20A3, 0x28A3, 0x28A3, 0x2883, 0x2883, 0x2883, 0x2883, 0x28A2,
  0x2882, 0x2883, 0x28A3, 0x28A2, 0x28A2, 0x28A2, 0x28A2, 0x28A2, 0x2882, 0x28A2, 0x28A2, 0x28A2,
  0x28A2, 0x30A2, 0x30A2, 0x30A2, 0x30A2, 0x30A2, 0x30A2, 0x38A2, 0x38A2, 0x38A1, 0x38A1, 0x40C1,
  0x40C1, 0x48C1, 0x48C1, 0x50E1, 0x50E1, 0x58E1, 0x6101, 0x6901, 0x7120, 0x7940, 0x8160, 0x9160,
  0xA180, 0xB1C0, 0xB9E0, 0xB9E0, 0xC1E0, 0xC200, 0xB9E0, 0xB9E0, 0xB9E0, 0xB9C0, 0xB9C0, 0xB9E0,
  0xB9E0, 0xB9E0, 0xC200, 0xC220, 0xC200, 0xC200, 0xC200, 0xC200, 0xC220, 0xC240, 0xCA80, 0xE362,
  0xD321, 0xA940, 0xA9A0, 0x9980, 0x9960, 0x9140, 0x9140, 0x8940, 0x9140, 0x9140, 0x9120, 0x8920,
  0x8120, 0x8100, 0x7900, 0x70E0, 0x70E0, 0x68E0, 0x68E0, 0x60E0, 0x68E0, 0x60E0, 0x60E0, 0x60E0,
  0x60E0, 0x60C0, 0x60C0, 0x70E0,
  0x008B, 0x008B, 0x008A, 0x008A, 0x008A, 0x008A, 0x008B, 0x008B, 0x008B, 0x008B, 0x00AC, 0x00AC,
  0x00AD, 0x00AD, 0x00CE, 0x00CF, 0x00F1, 0x00F3, 0x0113, 0x00F2, 0x00F2, 0x00F2, 0x0113, 0x0114,
  0x0157, 0x021B, 0x01B9, 0x00F5, 0x0113, 0x00F1, 0x00F0, 0x00CF, 0x00CE, 0x00CE, 0x00AD, 0x00AD,
  0x00AD, 0x00AC, 0x00AC, 0x00AC, 0x00AC, 0x00AC, 0x00AC, 0x00AC, 0x00AC, 0x00AC, 0x00AB, 0x00AB,
  0x00AB, 0x00AB, 0x00AB, 0x00AB, 0x00AB, 0x00AA, 0x00AA, 0x00AA, 0x00AA, 0x0089, 0x0089, 0x0089,
  0x0089, 0x0089, 0x0089, 0x0089, 0x0089, 0x0088, 0x0088, 0x0088, 0x0088, 0x0088, 0x0088, 0x0088,
  0x0088, 0x0088, 0x0088, 0x0088, 0x0087, 0x0067, 0x0067, 0x0087, 0x0067, 0x0067, 0x0067, 0x0067,
  0x0067, 0x0067, 0x0087, 0x0067, 0x0087, 0x0087, 0x0067, 0x0067, 0x0067, 0x0067, 0x0067, 0x0067,
  0x0067, 0x0067, 0x0067, 0x0067, 0x0067, 0x0067, 0x0067, 0x0067, 0x0067, 0x0067, 0x0067, 0x0067,
  0x0067, 0x0067, 0x0087, 0x0005, 0x0004, 0x0066, 0x0067, 0x0066, 0x0066, 0x0066, 0x0066, 0x0086,
  0x0066, 0x0004, 0x0002, 0x0004, 0x0087, 0x0087, 0x0066, 0x0066, 0x0066, 0x00A7, 0x0046, 0x0003,
  0x0000, 0x0004, 0x0087, 0x0087, 0x0066, 0x0066, 0x0087, 0x0087, 0x0004, 0x0000, 0x0003, 0x0046,
  0x0086, 0x0066, 0x0066, 0x0066, 0x0066, 0x0004, 0x0000, 0x0001, 0x0026, 0x0086, 0x0066, 0x0046,
  0x0086, 0x0004, 0x0002, 0x0045, 0x0066, 0x0046, 0x0046, 0x0066, 0x0046, 0x0045, 0x0045, 0x0045,
  0x0065, 0x0004, 0x0000, 0x0000, 0x0004, 0x0886, 0x0025, 0x0045, 0x0045, 0x0045, 0x0045, 0x0003,
  0x0004, 0x0086, 0x0046, 0x0046, 0x0045, 0x0065, 0x0004, 0x0002, 0x0066, 0x0067, 0x0001, 0x0005,
  0x0886, 0x0045, 0x0065, 0x0004, 0x0002, 0x0066, 0x2968, 0x2967, 0x0002, 0x0004, 0x08A6, 0x0025,
  0x0065, 0x0045, 0x0003, 0x0004, 0x1065, 0x1865, 0x0045, 0x0045, 0x0065, 0x0004, 0x0001, 0x0000,
  0x0000, 0x0003, 0x0065, 0x0065, 0x0025, 0x0885, 0x0045, 0x0002, 0x0000, 0x0002, 0x0003, 0x0004,
  0x0064, 0x0024, 0x0885, 0x0003, 0x0002, 0x0024, 0x0065, 0x0045, 0x0865, 0x0002, 0x0001, 0x0000,
  0x0000, 0x0000, 0x0844, 0x0864, 0x0864, 0x0044, 0x0000, 0x0000, 0x0000, 0x0000, 0x0003, 0x0864,
  0x0844, 0x1084, 0x0000, 0x0000, 0x1084, 0x0844, 0x0864, 0x0864, 0x0864, 0x0864, 0x0864, 0x1064,
  0x1064, 0x0004, 0x0004, 0x1883, 0x0023, 0x0003, 0x0043, 0x1883, 0x1063, 0x1083, 0x1083, 0x0023,
  0x0003, 0x1063, 0x1883, 0x1083, 0x1063, 0x0003, 0x0003, 0x20A3, 0x0823, 0x0003, 0x0863, 0x1883,
  0x1883, 0x1063, 0x0003, 0x0003, 0x1883, 0x1863, 0x1883, 0x1883, 0x1883, 0x1883, 0x1883, 0x1883,
  0x1883, 0x1883, 0x1883, 0x1883, 0x1883, 0x1883, 0x1883, 0x1883, 0x1883, 0x1883, 0x2083, 0x2083,
  0x2083, 0x2083, 0x2083, 0x2083, 0x2082, 0x2082, 0x2082, 0x2082, 0x2082, 0x2882, 0x2882, 0x28A2,
  0x28A2, 0x28A2, 0x28A2, 0x30A2, 0x30A2, 0x30A2, 0x30A2, 0x30A2, 0x38A1, 0x38A1, 0x38A1, 0x40A1,
  0x40C1, 0x48C1, 0x48C1, 0x48C1, 0x50C1, 0x58E1, 0x58E1, 0x6101, 0x6920, 0x7120, 0x8140, 0x8960,
  0x9980, 0xA9A0, 0xB1C0, 0xB1C0, 0xB9C0, 0xB9E0, 0xB1C0, 0xB1C0, 0xB1C0, 0xB1A0, 0xB1A0, 0xB1C0,
  0xB1C0, 0xB1C0, 0xB1E0, 0xB9E0, 0xB9E0, 0xB9E0, 0xB9E0, 0xB9E0, 0xBA00, 0xC220, 0xC200, 0xCA80,
  0xDB41, 0xC260, 0x9920, 0x9980, 0x9140, 0x9140, 0x8940, 0x8920, 0x8920, 0x8920, 0x8920, 0x8920,
  0x8120, 0x7900, 0x7100, 0x70E0, 0x68E0, 0x68E0, 0x60E0, 0x60E0, 0x60C0, 0x60C0, 0x60C0, 0x60C0,
  0x60C0, 0x60C0, 0x58C0, 0x58C0,
  0x008A, 0x008A, 0x008A, 0x008A, 0x008A, 0x008A, 0x008A, 0x008B, 0x008B, 0x008B, 0x00AB, 0x00AC,
  0x00AD, 0x00AD, 0x00CF, 0x00F1, 0x00F2, 0x00F2, 0x00F2, 0x00F1, 0x00F1, 0x0112, 0x0113, 0x0135,
  0x01B9, 0x01DA, 0x00F4, 0x0113, 0x00F1, 0x00D0, 0x00CF, 0x00CE, 0x00CE, 0x00AD, 0x00AD, 0x00AD,
  0x00AC, 0x00AC, 0x00AC, 0x00AC, 0x00AB, 0x00AB, 0x00AB, 0x00AB, 0x00AB, 0x00AB, 0x00AB, 0x00AB,
  0x00AB, 0x00AB, 0x00AB, 0x00AB, 0x00AA, 0x00AA, 0x00AA, 0x00AA, 0x0089, 0x0089, 0x0089, 0x0089,
  0x0089, 0x0089, 0x0089, 0x0089, 0x0089, 0x0088, 0x0088, 0x0088, 0x0088, 0x0088, 0x0088, 0x0088,
  0x0088, 0x0088, 0x0088, 0x0087, 0x0087, 0x0087, 0x0087, 0x0087, 0x0067, 0x0067, 0x0067, 0x0087,
  0x0087, 0x0067, 0x0067, 0x0087, 0x0087, 0x0087, 0x0087, 0x0087, 0x0067, 0x0067, 0x0067, 0x0067,
  0x0087, 0x0067, 0x0067, 0x0067, 0x0067, 0x0067, 0x0067, 0x0067, 0x0067, 0x0067, 0x0067, 0x0067,
  0x0067, 0x0067, 0x0067, 0x0087, 0x00A7, 0x0067, 0x0066, 0x0066, 0x0066, 0x0066, 0x0066, 0x0066,
  0x0087, 0x00A7, 0x00A7, 0x00A7, 0x0087, 0x0066, 0x0067, 0x0067, 0x0066, 0x0066, 0x00A7, 0x00A7,
  0x00A7, 0x00C7, 0x0086, 0x0066, 0x0066, 0x0066, 0x0066, 0x0086, 0x00A7, 0x00A7, 0x00A7, 0x0086,
  0x0066, 0x0066, 0x0066, 0x0066, 0x0066, 0x00A7, 0x00A7, 0x00A7, 0x00A6, 0x0066, 0x0066, 0x0066,
  0x0046, 0x0086, 0x00A6, 0x0066, 0x0046, 0x0066, 0x0066, 0x0046, 0x0046, 0x0045, 0x0045, 0x0045,
  0x0045, 0x10A6, 0x10A6, 0x10A6, 0x08A6, 0x0045, 0x0045, 0x0045, 0x0045, 0x0045, 0x0045, 0x08A6,
  0x0886, 0x0045, 0x0045, 0x0045, 0x0045, 0x0045, 0x0065, 0x08A7, 0x0046, 0x0001, 0x10C8, 0x0045,
  0x0045, 0x0045, 0x0045, 0x0065, 0x08A6, 0x2148, 0x0002, 0x0000, 0x18E7, 0x1907, 0x0005, 0x0085,
  0x0045, 0x0045, 0x0085, 0x18A6, 0x0045, 0x0025, 0x1865, 0x0865, 0x0045, 0x0885, 0x08A5, 0x10A5,
  0x10A5, 0x0885, 0x0045, 0x0045, 0x0065, 0x0045, 0x0885, 0x10A5, 0x10A5, 0x10A5, 0x08A5, 0x0044,
  0x0044, 0x0045, 0x0044, 0x0885, 0x08A5, 0x0065, 0x0045, 0x0065, 0x0045, 0x0885, 0x10A5, 0x10A5,
  0x10C5, 0x10A5, 0x0044, 0x0044, 0x0044, 0x0844, 0x10A5, 0x10A5, 0x10C5, 0x10A5, 0x0864, 0x0864,
  0x0864, 0x0844, 0x18C5, 0x10A5, 0x0844, 0x0864, 0x0864, 0x0864, 0x0864, 0x0864, 0x0864, 0x0864,
  0x1064, 0x1884, 0x1884, 0x0864, 0x1083, 0x18A3, 0x1083, 0x1064, 0x1063, 0x1063, 0x1063, 0x1883,
  0x18A3, 0x1083, 0x1083, 0x1083, 0x1083, 0x18A3, 0x1883, 0x1063, 0x1883, 0x20A3, 0x1883, 0x1883,
  0x1883, 0x1883, 0x20A3, 0x1883, 0x1863, 0x1883, 0x1883, 0x1883, 0x1883, 0x1883, 0x1883, 0x1883,
  0x1883, 0x1883, 0x1883, 0x1883, 0x1883, 0x1883, 0x1883, 0x1883, 0x1883, 0x2083, 0x2083, 0x2083,
  0x2083, 0x2083, 0x2083, 0x2083, 0x2083, 0x2082, 0x2082, 0x2082, 0x2882, 0x2882, 0x2882, 0x28A2,
  0x28A2, 0x28A2, 0x28A2, 0x30A2, 0x30A2, 0x30A2, 0x30A2, 0x38A2, 0x38A1, 0x38A1, 0x38A1, 0x40A1,
  0x40C1, 0x48C1, 0x48C1, 0x50C1, 0x50E1, 0x58E1, 0x5901, 0x6101, 0x6900, 0x7120, 0x7940, 0x8140,
  0x9180, 0xA1A0, 0xA9A0, 0xA9A0, 0xB1C0, 0xB1C0, 0xA9A0, 0xA9A0, 0xA9A0, 0xA9A0, 0xA9A0, 0xA9A0,
  0xA9A0, 0xA9A0, 0xA9A0, 0xB1A0, 0xB1C0, 0xB1C0, 0xB1C0, 0xB1C0, 0xB1E0, 0xB9E0, 0xB9E0, 0xB1E0,
  0xCA80, 0xD2C0, 0xA1A0, 0x9120, 0x9160, 0x8940, 0x8920, 0x8120, 0x8120, 0x8120, 0x8120, 0x8100,
  0x7900, 0x7900, 0x7100, 0x70E0, 0x68E0, 0x60C0, 0x60C0, 0x60C0, 0x60C0, 0x60C0, 0x58C0, 0x58C0,
  0x58C0, 0x58C0, 0x58C0, 0x58C0,
  0x008A, 0x008A, 0x008A, 0x008A, 0x008A, 0x008A, 0x008A, 0x008B, 0x008B, 0x008B, 0x00AB, 0x00AC,
  0x00AD, 0x00CE, 0x00D0, 0x00F1, 0x00F2, 0x00F1, 0x00D0, 0x00F1, 0x00F1, 0x0112, 0x0113, 0x0157,
  0x01B9, 0x0135, 0x00F2, 0x00F1, 0x00D0, 0x00CF, 0x00CE, 0x00CD, 0x00AD, 0x00AD, 0x00AC, 0x00AC,
  0x00AC, 0x00AB, 0x00AB, 0x00AB, 0x00AB, 0x00AB, 0x00AB, 0x00AB, 0x00AB, 0x00AB, 0x00AB, 0x00AB,
  0x00AB, 0x00AB, 0x00AB, 0x00AA, 0x00AA, 0x00AA, 0x00AA, 0x00A9, 0x0089, 0x0089, 0x0089, 0x0089,
  0x00A9, 0x0089, 0x0089, 0x0089, 0x0088, 0x0088, 0x0088, 0x0088, 0x0088, 0x0088, 0x0088, 0x0088,
  0x0088, 0x0088, 0x0088, 0x0087, 0x0087, 0x0087, 0x0087, 0x0087, 0x0067, 0x0067, 0x0067, 0x0067,
  0x0067, 0x0067, 0x0067, 0x0067, 0x0067, 0x0067, 0x0067, 0x0067, 0x0067, 0x0067, 0x0067, 0x0067,
  0x0067, 0x0067, 0x0067, 0x0067, 0x0067, 0x0067, 0x0067, 0x0067, 0x0067, 0x0067, 0x0067, 0x0067,
  0x0067, 0x0067, 0x0067, 0x0067, 0x0066, 0x0066, 0x0066, 0x0066, 0x0066, 0x0066, 0x0066, 0x0066,
  0x0066, 0x0066, 0x0066, 0x0066, 0x0066, 0x0066, 0x0066, 0x0066, 0x0066, 0x0066, 0x0066, 0x0066,
  0x0066, 0x0066, 0x0066, 0x0066, 0x0066, 0x0066, 0x0066, 0x0066, 0x0066, 0x0066, 0x0066, 0x0066,
  0x0066, 0x0066, 0x0066, 0x0066, 0x0066, 0x0046, 0x0046, 0x0046, 0x0046, 0x0066, 0x0066, 0x0046,
  0x0066, 0x0045, 0x0045, 0x0045, 0x0045, 0x0046, 0x0045, 0x0045, 0x0045, 0x0045, 0x0045, 0x0045,
  0x0045, 0x0045, 0x0045, 0x0045, 0x0045, 0x0045, 0x0045, 0x0045, 0x0045, 0x0045, 0x0045, 0x0045,
  0x0045, 0x0045, 0x0045, 0x0045, 0x0045, 0x0045, 0x0067, 0x0026, 0x00A7, 0x014C, 0x0000, 0x0087,
  0x0044, 0x0065, 0x0025, 0x0065, 0x2147, 0x0000, 0x738F, 0xB597, 0x0005, 0x0000, 0x2988, 0x0004,
  0x0865, 0x0025, 0x2065, 0x0025, 0x0885, 0x38A4, 0x0025, 0x0865, 0x1065, 0x0045, 0x0045, 0x0045,
  0x0045, 0x0045, 0x0045, 0x0065, 0x0045, 0x0045, 0x0045, 0x0045, 0x0045, 0x0024, 0x0024, 0x0045,
  0x0045, 0x0045, 0x0045, 0x0045, 0x0044, 0x0045, 0x0045, 0x0045, 0x0045, 0x0044, 0x0044, 0x0044,
  0x0044, 0x0044, 0x0044, 0x0044, 0x0044, 0x0044, 0x0044, 0x0044, 0x0044, 0x0044, 0x0044, 0x0044,
  0x0064, 0x0064, 0x0044, 0x0044, 0x0864, 0x0864, 0x0864, 0x0864, 0x0864, 0x0864, 0x0864, 0x0864,
  0x0864, 0x0864, 0x0864, 0x0864, 0x0864, 0x0864, 0x0864, 0x1064, 0x1064, 0x1064, 0x1064, 0x1063,
  0x1063, 0x1063, 0x1063, 0x1063, 0x1063, 0x1063, 0x1063, 0x1063, 0x1063, 0x1063, 0x1083, 0x1083,
  0x1083, 0x1063, 0x1063, 0x1063, 0x1883, 0x1883, 0x1883, 0x1863, 0x1883, 0x1883, 0x1883, 0x1883,
  0x1883, 0x1883, 0x1883, 0x1883, 0x1883, 0x1883, 0x1883, 0x1883, 0x1883, 0x1883, 0x1883, 0x1883,
  0x1883, 0x2083, 0x2083, 0x2083, 0x2082, 0x2082, 0x2082, 0x2082, 0x2082, 0x2882, 0x2882, 0x2882,
  0x28A2, 0x28A2, 0x28A2, 0x30A2, 0x30A2, 0x30A2, 0x30A2, 0x38A2, 0x38A1, 0x38A1, 0x40C1, 0x40C1,
  0x40C1, 0x48C1, 0x48C1, 0x48C1, 0x50E1, 0x58E1, 0x5901, 0x6101, 0x6900, 0x6920, 0x7120, 0x8140,
  0x9160, 0xA180, 0xA1A0, 0xA9A0, 0xA9A0, 0xA9A0, 0xA9A0, 0xA1A0, 0xA1A0, 0xA1A0, 0xA180, 0xA1A0,
  0xA180, 0xA180, 0xA180, 0xA980, 0xA9A0, 0xA9A0, 0xB1C0, 0xA9A0, 0xA9A0, 0xB1C0, 0xB1C0, 0xA9C0,
  0xA9C0, 0xCA60, 0xC260, 0x9140, 0x9140, 0x8940, 0x8120, 0x8120, 0x8120, 0x7920, 0x7900, 0x7900,
  0x7100, 0x7100, 0x70E0, 0x68E0, 0x68E0, 0x60C0, 0x60C0, 0x60C0, 0x60C0, 0x58C0, 0x58C0, 0x58C0,
  0x50A0, 0x50A0, 0x50A0, 0x50A0,
  0x008A, 0x008A, 0x008A, 0x008A, 0x008A, 0x008A, 0x008A, 0x008A, 0x008B, 0x00AB, 0x00AB, 0x00AC,
  0x00AD, 0x00D0, 0x00F1, 0x00F1, 0x00D0, 0x00CF, 0x00D0, 0x00F0, 0x00F1, 0x00F2, 0x0115, 0x0199,
  0x0156, 0x00F2, 0x00F1, 0x00D0, 0x00CF, 0x00CE, 0x00AD, 0x00AD, 0x00AC, 0x00AC, 0x00AC, 0x00AC,
  0x00AB, 0x008B, 0x008B, 0x00AB, 0x00AB, 0x00AB, 0x00AB, 0x00AB, 0x00AA, 0x00AA, 0x008A, 0x00AA,
  0x00AA, 0x00AA, 0x00AA, 0x00AA, 0x00AA, 0x00AA, 0x0089, 0x00A9, 0x00A9, 0x0089, 0x0089, 0x0089,
  0x0089, 0x0089, 0x0089, 0x0089, 0x0088, 0x0088, 0x0088, 0x0088, 0x0088, 0x0088, 0x0088, 0x0088,
  0x0088, 0x0088, 0x0088, 0x0088, 0x0088, 0x0088, 0x0088, 0x0087, 0x0087, 0x0087, 0x0087, 0x0087,
  0x0088, 0x0087, 0x0088, 0x0088, 0x0088, 0x0088, 0x0088, 0x0088, 0x0088, 0x0088, 0x0088, 0x0088,
  0x0088, 0x0088, 0x0088, 0x0088, 0x0088, 0x0088, 0x0088, 0x0088, 0x0088, 0x0088, 0x00A8, 0x00A8,
  0x00A8, 0x00A8, 0x00A8, 0x00A8, 0x00A8, 0x00A8, 0x00A8, 0x00A8, 0x00A8, 0x00A8, 0x00C8, 0x00C8,
  0x00C8, 0x00C8, 0x00C8, 0x00C8, 0x00C8, 0x00C8, 0x00C8, 0x00C7, 0x00C7, 0x00C8, 0x00C7, 0x00C7,
  0x00C8, 0x00C8, 0x00C8, 0x00C8, 0x00C8, 0x00C7, 0x00C7, 0x00C7, 0x00C7, 0x00C7, 0x00C7, 0x00C7,
  0x00A7, 0x00A7, 0x00A7, 0x00A7, 0x00A7, 0x00A7, 0x00A7, 0x0087, 0x0087, 0x0087, 0x0087, 0x0087,
  0x0087, 0x0087, 0x0087, 0x0087, 0x0067, 0x0067, 0x0066, 0x0066, 0x0066, 0x0066, 0x0066, 0x0066,
  0x0066, 0x0066, 0x0066, 0x0066, 0x0066, 0x0066, 0x0066, 0x0046, 0x0066, 0x0066, 0x0046, 0x0046,
  0x0046, 0x0045, 0x0045, 0x0045, 0x0045, 0x0087, 0x0025, 0x0000, 0x0279, 0x02FE, 0x012D, 0x0000,
  0x00A9, 0x0004, 0x0886, 0x2968, 0x0000, 0x5ACC, 0xEF7E, 0xFFFF, 0xC618, 0x0000, 0x0004, 0x2988,
  0x0004, 0x2885, 0x0045, 0x0004, 0xB9C2, 0xF260, 0x8143, 0x0004, 0x3085, 0x0845, 0x0045, 0x0045,
  0x0045, 0x0045, 0x0065, 0x0045, 0x0845, 0x0845, 0x0845, 0x0845, 0x1045, 0x1044, 0x1044, 0x1044,
  0x1044, 0x1865, 0x1865, 0x1864, 0x1864, 0x1864, 0x1864, 0x1864, 0x1864, 0x1864, 0x1864, 0x1864,
  0x1864, 0x1864, 0x1864, 0x1864, 0x1864, 0x1864, 0x1864, 0x1864, 0x1864, 0x1884, 0x1884, 0x1864,
  0x1884, 0x2084, 0x2084, 0x2084, 0x2084, 0x2084, 0x2084, 0x2084, 0x2084, 0x2084, 0x2084, 0x2084,
  0x2084, 0x2084, 0x20A4, 0x20A4, 0x20A4, 0x2084, 0x2083, 0x20A4, 0x20A4, 0x20A4, 0x20A4, 0x20A3,
  0x20A3, 0x20A3, 0x20A3, 0x20A3, 0x20A3, 0x20A3, 0x20A3, 0x20A3, 0x20A3, 0x20A3, 0x28A3, 0x28A3,
  0x28A3, 0x28A3, 0x28A3, 0x28A3, 0x28A3, 0x2883, 0x2883, 0x2883, 0x2883, 0x2883, 0x2883, 0x2883,
  0x2883, 0x2883, 0x28A3, 0x28A3, 0x2883, 0x2883, 0x2883, 0x2883, 0x2883, 0x2883, 0x2883, 0x2882,
  0x2882, 0x2883, 0x2883, 0x28A2, 0x2882, 0x2882, 0x28A2, 0x28A2, 0x28A2, 0x28A2, 0x28A2, 0x28A2,
  0x30A2, 0x30A2, 0x30A2, 0x30A2, 0x30A2, 0x30A2, 0x30A2, 0x38A2, 0x38A1, 0x38A1, 0x40C1, 0x40C1,
  0x48C1, 0x48C1, 0x48E1, 0x50E1, 0x50E1, 0x50E1, 0x5901, 0x6101, 0x6101, 0x6900, 0x7120, 0x7920,
  0x8960, 0x9980, 0x9980, 0xA180, 0xA180, 0xA180, 0xA180, 0xA180, 0xA180, 0xA180, 0xA180, 0x9980,
  0x9980, 0xA180, 0xA180, 0xA180, 0xA980, 0xA980, 0xA9A0, 0xA9A0, 0xA9A0, 0xA9A0, 0xA1A0, 0xA9A0,
  0xA180, 0xA9C0, 0xC260, 0xB200, 0x8900, 0x8940, 0x8120, 0x8120, 0x7900, 0x7100, 0x7100, 0x7100,
  0x7100, 0x70E0, 0x68E0, 0x68E0, 0x68E0, 0x60C0, 0x60C0, 0x58C0, 0x58C0, 0x58C0, 0x58C0, 0x50C0,
  0x50A0, 0x50A0, 0x50A0, 0x50A0,
  0x008A, 0x008A, 0x008A, 0x008A, 0x008A, 0x008A, 0x008A, 0x008A, 0x008B, 0x00AB, 0x00AC, 0x00AD,
  0x00CF, 0x00D0, 0x00F1, 0x00CF, 0x00CE, 0x00CF, 0x00CF, 0x00F0, 0x00F1, 0x00F2, 0x0157, 0x0177,
  0x00F3, 0x00F2, 0x00CF, 0x00CF, 0x00CE, 0x00AD, 0x00AD, 0x00AC, 0x00AC, 0x00AC, 0x00AB, 0x008B,
  0x00AB, 0x008B, 0x008B, 0x008A, 0x008A, 0x008A, 0x008A, 0x008A, 0x008A, 0x008A, 0x008A, 0x008A,
  0x008A, 0x00AA, 0x00AA, 0x00AA, 0x00AA, 0x00AA, 0x0089, 0x0089, 0x0089, 0x0089, 0x0089, 0x0089,
  0x0089, 0x0089, 0x0088, 0x0088, 0x0088, 0x0088, 0x0088, 0x0088, 0x0088, 0x0088, 0x0088, 0x0087,
  0x0087, 0x0087, 0x0087, 0x0067, 0x0067, 0x0067, 0x0066, 0x0066, 0x0066, 0x0066, 0x0066, 0x0066,
  0x0065, 0x0045, 0x0045, 0x0045, 0x0044, 0x0044, 0x0024, 0x0024, 0x0024, 0x0024, 0x0024, 0x0003,
  0x0004, 0x0003, 0x0003, 0x0003, 0x0002, 0x0002, 0x0002, 0x0002, 0x0002, 0x0002, 0x0002, 0x0001,
  0x0002, 0x0002, 0x0001, 0x0001, 0x0001, 0x0002, 0x0002, 0x0002, 0x0002, 0x0002, 0x0002, 0x0002,
  0x0001, 0x0001, 0x0001, 0x0002, 0x0002, 0x0002, 0x0002, 0x0002, 0x0002, 0x0002, 0x0001, 0x0001,
  0x0002, 0x0002, 0x0001, 0x0001, 0x0001, 0x0000, 0x0000, 0x0000, 0x0000, 0x0000, 0x0000, 0x0000,
  0x0000, 0x0000, 0x0000, 0x0000, 0x0000, 0x0000, 0x0000, 0x0000, 0x0000, 0x0000, 0x0000, 0x0000,
  0x0000, 0x0000, 0x0000, 0x0000, 0x0000, 0x0000, 0x0000, 0x0000, 0x0000, 0x0000, 0x0000, 0x0000,
  0x0000, 0x0000, 0x0000, 0x0001, 0x0001, 0x0022, 0x0022, 0x0023, 0x0023, 0x0023, 0x0024, 0x0044,
  0x0044, 0x0044, 0x0045, 0x0046, 0x0067, 0x0001, 0x0020, 0x0259, 0x02DF, 0x025B, 0x027D, 0x012D,
  0x0000, 0x08A8, 0x18E6, 0x0000, 0x634E, 0xF79E, 0xDF1C, 0x9D14, 0xFFDF, 0xCE7A, 0x0000, 0x0003,
  0x3168, 0x0005, 0x0005, 0xC1E1, 0xF260, 0xE261, 0xEA60, 0x8942, 0x0004, 0x2065, 0x0845, 0x0045,
  0x0045, 0x0045, 0x0045, 0x0045, 0x0045, 0x0045, 0x0045, 0x0045, 0x0025, 0x0025, 0x0025, 0x0024,
  0x0024, 0x0024, 0x0025, 0x0024, 0x0004, 0x0004, 0x0004, 0x0004, 0x0004, 0x0004, 0x0004, 0x0004,
  0x0004, 0x0004, 0x0004, 0x0004, 0x0004, 0x0004, 0x0004, 0x0004, 0x0004, 0x0004, 0x0004, 0x0004,
  0x0004, 0x0004, 0x0004, 0x0004, 0x0004, 0x0004, 0x0004, 0x0004, 0x0004, 0x0004, 0x0004, 0x0004,
  0x0004, 0x0004, 0x0004, 0x0004, 0x0004, 0x0004, 0x0004, 0x0004, 0x0004, 0x0004, 0x0004, 0x0004,
  0x0004, 0x0003, 0x0003, 0x0003, 0x0003, 0x0003, 0x0003, 0x0003, 0x0003, 0x0003, 0x0003, 0x0003,
  0x0003, 0x0003, 0x0003, 0x0003, 0x0003, 0x0003, 0x0023, 0x0003, 0x0023, 0x0023, 0x0023, 0x0043,
  0x0043, 0x0043, 0x0043, 0x0043, 0x0043, 0x0043, 0x0043, 0x0043, 0x0063, 0x0063, 0x0063, 0x0063,
  0x0063, 0x0063, 0x0063, 0x0063, 0x0083, 0x0082, 0x0882, 0x1082, 0x1082, 0x1882, 0x1882, 0x1882,
  0x2082, 0x2082, 0x28A2, 0x28A2, 0x28A2, 0x30A2, 0x30A2, 0x30A2, 0x38A2, 0x38A1, 0x40C1, 0x40C1,
  0x48C1, 0x48C1, 0x48C1, 0x50E1, 0x50E1, 0x50E1, 0x58E1, 0x58E1, 0x6101, 0x6900, 0x7120, 0x7920,
  0x8940, 0x9160, 0x9160, 0x9980, 0x9980, 0x9980, 0x9980, 0x9980, 0x9980, 0x9980, 0x9960, 0x9960,
  0x9960, 0x9960, 0x9960, 0x9960, 0xA180, 0xA180, 0xA180, 0xA180, 0xA180, 0xA180, 0xA180, 0xA180,
  0xA180, 0x9980, 0xA9E0, 0xC220, 0x9980, 0x8100, 0x8120, 0x7900, 0x7100, 0x7100, 0x70E0, 0x68E0,
  0x68E0, 0x68E0, 0x68E0, 0x68E0, 0x60C0, 0x60C0, 0x60C0, 0x58C0, 0x58C0, 0x50C0, 0x50A0, 0x50A0,
  0x50A0, 0x50A0, 0x50A0, 0x48A0,
  0x0089, 0x008A, 0x008A, 0x008A, 0x008A, 0x008A, 0x008A, 0x008B, 0x00AB, 0x00AB, 0x00AC, 0x00CF,
  0x00D0, 0x00D0, 0x00CE, 0x00AD, 0x00CE, 0x00CE, 0x00CF, 0x00D0, 0x00F1, 0x0134, 0x0157, 0x0113,
  0x00F2, 0x00D0, 0x00CF, 0x00CE, 0x00AD, 0x00AD, 0x00AC, 0x00AC, 0x00AB, 0x008B, 0x008B, 0x008B,
  0x008A, 0x008A, 0x008A, 0x008A, 0x008A, 0x008A, 0x008A, 0x008A, 0x008A, 0x008A, 0x008A, 0x008A,
  0x008A, 0x008A, 0x008A, 0x008A, 0x0089, 0x0089, 0x0089, 0x0089, 0x0089, 0x0089, 0x0089, 0x0089,
  0x0088, 0x0088, 0x0088, 0x0088, 0x0088, 0x0088, 0x0088, 0x0088, 0x0088, 0x0088, 0x0088, 0x0088,
  0x0088, 0x0089, 0x0089, 0x0089, 0x00A9, 0x00A9, 0x00A9, 0x00A9, 0x00AA, 0x00AA, 0x00AA, 0x00AA,
  0x00CB, 0x00CB, 0x00CB, 0x00CB, 0x00CB, 0x00EC, 0x00EC, 0x00EC, 0x00EC, 0x00EC, 0x010C, 0x010C,
  0x010C, 0x012D, 0x012D, 0x012D, 0x012D, 0x014D, 0x014D, 0x014D, 0x014D, 0x016D, 0x016D, 0x016D,
  0x018D, 0x018D, 0x01AD, 0x01AD, 0x01AD, 0x01AD, 0x01CD, 0x01CD, 0x01CD, 0x01ED, 0x01ED, 0x01ED,
  0x01ED, 0x020D, 0x020D, 0x020D, 0x022D, 0x022D, 0x022D, 0x022D, 0x022D, 0x022D, 0x022D, 0x022D,
  0x022D, 0x020D, 0x022D, 0x022E, 0x022E, 0x022D, 0x020D, 0x020D, 0x020D, 0x01ED, 0x01ED, 0x01ED,
  0x01CD, 0x01CD, 0x01CD, 0x01CD, 0x01CD, 0x01AD, 0x01AD, 0x018D, 0x016D, 0x016D, 0x014D, 0x014C,
  0x012C, 0x012D, 0x012C, 0x012C, 0x012C, 0x010C, 0x010C, 0x010C, 0x010C, 0x010C, 0x010C, 0x00EC,
  0x00EC, 0x00EB, 0x00EB, 0x00CB, 0x00CB, 0x00CA, 0x00AA, 0x00AA, 0x00A9, 0x00A9, 0x0089, 0x0088,
  0x0088, 0x0068, 0x0046, 0x0066, 0x0023, 0x0066, 0x0239, 0x02DF, 0x0193, 0x0000, 0x023B, 0x029E,
  0x014F, 0x1880, 0x0000, 0x6B4E, 0xEF7E, 0xE73C, 0x39E9, 0x0000, 0x9CF4, 0xFFFF, 0xCE59, 0x0002,
  0x0005, 0x0107, 0xBA02, 0xFAC0, 0x99A4, 0x0005, 0xCA02, 0xF260, 0x7923, 0x0004, 0x2065, 0x0045,
  0x0844, 0x1864, 0x1864, 0x2064, 0x2064, 0x2884, 0x3084, 0x3884, 0x3884, 0x40A4, 0x48A4, 0x50A4,
  0x50A3, 0x50C3, 0x58C3, 0x58C3, 0x58C3, 0x58C3, 0x58C3, 0x58C3, 0x58E3, 0x58E3, 0x58E3, 0x58E3,
  0x58E3, 0x58E3, 0x58E3, 0x58E3, 0x58E3, 0x5903, 0x5903, 0x5903, 0x5903, 0x5903, 0x5903, 0x5903,
  0x5923, 0x6123, 0x6123, 0x6123, 0x5943, 0x5943, 0x5943, 0x5943, 0x5943, 0x5943, 0x6143, 0x6143,
  0x5943, 0x5963, 0x6163, 0x6163, 0x6163, 0x6143, 0x6143, 0x6143, 0x6143, 0x6163, 0x6163, 0x6163,
  0x6163, 0x6143, 0x6143, 0x6143, 0x6143, 0x6143, 0x6143, 0x6143, 0x6143, 0x6143, 0x6143, 0x6143,
  0x6143, 0x6143, 0x6143, 0x6143, 0x6143, 0x6122, 0x6122, 0x5922, 0x5922, 0x5902, 0x5902, 0x5902,
  0x5902, 0x5902, 0x5902, 0x5902, 0x5902, 0x58E2, 0x58E2, 0x58E2, 0x58E2, 0x58E2, 0x58E2, 0x50C2,
  0x50C2, 0x50C2, 0x48C2, 0x48C2, 0x48C2, 0x48C2, 0x48C2, 0x48C2, 0x40C2, 0x40C2, 0x40C2, 0x40C2,
  0x40C2, 0x40C2, 0x40A2, 0x40A2, 0x40C2, 0x40A1, 0x40C1, 0x40C1, 0x48C1, 0x48C1, 0x48C1, 0x48C1,
  0x48C1, 0x48C1, 0x50C1, 0x50E1, 0x50E1, 0x50E1, 0x58E1, 0x58E1, 0x6101, 0x6101, 0x6900, 0x7100,
  0x8140, 0x8960, 0x9160, 0x9960, 0x9960, 0x9980, 0x9980, 0x9980, 0x9960, 0x9160, 0x9140, 0x9140,
  0x9160, 0x9160, 0x9160, 0x9160, 0x9960, 0x9960, 0x9960, 0xA180, 0x9960, 0x9960, 0x9960, 0x9960,
  0x9980, 0x9980, 0x9980, 0xB1E0, 0xBA00, 0x8940, 0x7900, 0x7900, 0x7100, 0x70E0, 0x68E0, 0x68E0,
  0x68E0, 0x68E0, 0x60C0, 0x60C0, 0x60C0, 0x60C0, 0x58C0, 0x58C0, 0x50A0, 0x50A0, 0x50A0, 0x50A0,
  0x50A0, 0x50A0, 0x48A0, 0x48A0,
  0x0089, 0x008A, 0x008A, 0x008A, 0x008A, 0x008A, 0x008A, 0x00AB, 0x00AB, 0x00AC, 0x00CE, 0x00CF,
  0x00CF, 0x00CE, 0x00AD, 0x00AD, 0x00CE, 0x00CE, 0x00CF, 0x00CF, 0x00F1, 0x0135, 0x0134, 0x00F1,
  0x00F0, 0x00CE, 0x00AE, 0x00AD, 0x00AC, 0x00AC, 0x00AC, 0x00AB, 0x008B, 0x00AB, 0x008A, 0x008A,
  0x008A, 0x008A, 0x008A, 0x008A, 0x008A, 0x008A, 0x008A, 0x008A, 0x0089, 0x0089, 0x008A, 0x008A,
  0x008A, 0x008A, 0x008A, 0x0089, 0x0089, 0x0089, 0x0089, 0x0089, 0x0089, 0x0089, 0x0089, 0x0088,
  0x0088, 0x0088, 0x0088, 0x0088, 0x0088, 0x0089, 0x0089, 0x00A9, 0x00AA, 0x00AA, 0x00CB, 0x00CB,
  0x00CC, 0x00CC, 0x00ED, 0x00ED, 0x010E, 0x010F, 0x012F, 0x0130, 0x0131, 0x0152, 0x0152, 0x0173,
  0x0194, 0x0194, 0x01B5, 0x01D6, 0x01F6, 0x01F7, 0x0217, 0x0217, 0x0217, 0x0237, 0x0258, 0x0258,
  0x0278, 0x0299, 0x0299, 0x0299, 0x02B9, 0x02D9, 0x02F9, 0x02F9, 0x02F9, 0x031A, 0x031A, 0x033A,
  0x035A, 0x037A, 0x039A, 0x039A, 0x03BA, 0x03DA, 0x03DA, 0x03FA, 0x03FA, 0x041A, 0x043A, 0x043A,
  0x043A, 0x045A, 0x047A, 0x049A, 0x04BA, 0x04BA, 0x04BA, 0x04BA, 0x04BA, 0x04BA, 0x04BA, 0x04BA,
  0x04BA, 0x04BA, 0x049A, 0x049A, 0x049A, 0x049A, 0x047A, 0x047A, 0x045A, 0x045A, 0x045A, 0x043A,
  0x041A, 0x041A, 0x041A, 0x041A, 0x03FA, 0x03DA, 0x03BA, 0x037A, 0x035A, 0x033A, 0x0319, 0x02F9,
  0x02D9, 0x02B9, 0x02B9, 0x02B9, 0x0299, 0x0299, 0x0279, 0x0279, 0x0279, 0x0259, 0x0259, 0x0259,
  0x0238, 0x0238, 0x0218, 0x01F7, 0x01D6, 0x01D5, 0x0195, 0x0194, 0x0173, 0x0172, 0x0151, 0x0131,
  0x0130, 0x010F, 0x0088, 0x0023, 0x0000, 0x01F5, 0x02FF, 0x01F6, 0x0000, 0x0047, 0x0045, 0x027D,
  0x22FE, 0x0008, 0x3164, 0xE73D, 0xF79E, 0x2987, 0x0000, 0x4209, 0x0000, 0xA535, 0xFFFF, 0xB596,
  0x0000, 0xA226, 0xFAC0, 0xA9C3, 0x0005, 0x0005, 0x0025, 0xDA21, 0xF240, 0x60A3, 0x0004, 0x2864,
  0x38A4, 0x50C4, 0x58C4, 0x60E4, 0x68E3, 0x7103, 0x8103, 0x9123, 0x9922, 0xA142, 0xB162, 0xB962,
  0xB981, 0xC181, 0xC181, 0xC181, 0xC1A1, 0xC9C1, 0xC9C1, 0xC9C1, 0xC9E1, 0xCA01, 0xCA01, 0xCA01,
  0xCA21, 0xCA21, 0xCA01, 0xCA01, 0xCA01, 0xCA21, 0xCA41, 0xCA41, 0xCA41, 0xCA41, 0xCA61, 0xCA61,
  0xCA61, 0xCA81, 0xCA81, 0xCA81, 0xCAA1, 0xCAA1, 0xCAA1, 0xCAC1, 0xD2C1, 0xCAC1, 0xCAC1, 0xCAC1,
  0xCAE1, 0xCAE1, 0xCB01, 0xCB01, 0xD301, 0xCAE1, 0xCAC1, 0xCAC1, 0xCAC1, 0xCAC0, 0xCAC1, 0xCAC1,
  0xD2C1, 0xD2A0, 0xCAA0, 0xD2A0, 0xD2A1, 0xD2A1, 0xD2A1, 0xD2A1, 0xD2A1, 0xD2A1, 0xD2A1, 0xD2A1,
  0xCAA1, 0xD281, 0xCA81, 0xCA81, 0xCA81, 0xCA61, 0xCA61, 0xD261, 0xCA41, 0xCA20, 0xCA20, 0xCA00,
  0xCA00, 0xC9E0, 0xC9E1, 0xCA01, 0xCA00, 0xC9E0, 0xC9E0, 0xC9E0, 0xC1C1, 0xC1C0, 0xC1A0, 0xB980,
  0xB180, 0xB180, 0xA960, 0xA161, 0xA161, 0xA140, 0x9940, 0x9940, 0x9140, 0x9120, 0x8920, 0x8120,
  0x8121, 0x8121, 0x7901, 0x7101, 0x7101, 0x70E1, 0x70E1, 0x7101, 0x6901, 0x68E1, 0x60E1, 0x60E1,
  0x60E1, 0x58E1, 0x58E1, 0x50E1, 0x50E1, 0x50E1, 0x58E1, 0x58E1, 0x60E1, 0x60E0, 0x6900, 0x7100,
  0x8140, 0x8140, 0x9160, 0x9160, 0x9160, 0x9160, 0x9160, 0x9160, 0x9140, 0x9140, 0x8940, 0x8940,
  0x8940, 0x9140, 0x8940, 0x8940, 0x9160, 0x9160, 0x9140, 0x9960, 0x9960, 0x9160, 0x9960, 0x9960,
  0x9960, 0x9960, 0x9160, 0x9980, 0xB1E0, 0xA1A0, 0x70E0, 0x7100, 0x7100, 0x68E0, 0x68E0, 0x60C0,
  0x60C0, 0x60E0, 0x60C0, 0x60C0, 0x58C0, 0x58C0, 0x58C0, 0x58C0, 0x50A0, 0x50A0, 0x50A0, 0x50A0,
  0x50A0, 0x48A0, 0x48A0, 0x48A0,
  0x0069, 0x0089, 0x008A, 0x008A, 0x008A, 0x008A, 0x008A, 0x00AB, 0x00AC, 0x00CD, 0x00CE, 0x00CF,
  0x00AD, 0x00AC, 0x00AD, 0x00AD, 0x00AD, 0x00CE, 0x00CF, 0x00D0, 0x0113, 0x0134, 0x00F0, 0x00D0,
  0x00CF, 0x00AE, 0x00AD, 0x00AC, 0x00AC, 0x00AC, 0x00AB, 0x008B, 0x008B, 0x008A, 0x008A, 0x008A,
  0x008A, 0x008A, 0x008A, 0x008A, 0x008A, 0x0089, 0x0089, 0x0089, 0x0089, 0x0089, 0x0089, 0x0089,
  0x0089, 0x0089, 0x0089, 0x0089, 0x0089, 0x0089, 0x0089, 0x0089, 0x0089, 0x0088, 0x0088, 0x0088,
  0x0088, 0x0088, 0x0088, 0x0088, 0x0088, 0x0088, 0x0088, 0x0088, 0x0088, 0x0088, 0x0088, 0x0088,
  0x0088, 0x0088, 0x0088, 0x0088, 0x0088, 0x0088, 0x0088, 0x0088, 0x0087, 0x0088, 0x0088, 0x0088,
  0x0088, 0x0088, 0x0088, 0x0088, 0x0088, 0x0088, 0x0088, 0x0088, 0x0088, 0x0088, 0x0088, 0x0088,
  0x0088, 0x0088, 0x0088, 0x0088, 0x0087, 0x0088, 0x0087, 0x0087, 0x0087, 0x0088, 0x0088, 0x0087,
  0x0087, 0x0088, 0x0088, 0x0087, 0x0087, 0x00A7, 0x0087, 0x0087, 0x0087, 0x00A7, 0x00A8, 0x00A7,
  0x00A7, 0x00A7, 0x00A7, 0x00A8, 0x00A8, 0x00C8, 0x00C8, 0x00A8, 0x00A8, 0x00A8, 0x00A8, 0x00A8,
  0x00A8, 0x00C7, 0x00A7, 0x00A7, 0x00A7, 0x00A7, 0x00A7, 0x0087, 0x00A7, 0x00A7, 0x00A7, 0x0087,
  0x00A7, 0x00A7, 0x0087, 0x0087, 0x0087, 0x0087, 0x0087, 0x0087, 0x0087, 0x0067, 0x0067, 0x0067,
  0x0067, 0x0067, 0x0067, 0x0067, 0x0067, 0x0067, 0x0067, 0x0066, 0x0066, 0x0067, 0x0067, 0x0067,
  0x0067, 0x0067, 0x0067, 0x0067, 0x0067, 0x0066, 0x0066, 0x0046, 0x0066, 0x0066, 0x0066, 0x0066,
  0x0066, 0x0066, 0x0046, 0x0066, 0x0000, 0x00AA, 0x025B, 0x029E, 0x012E, 0x0000, 0x01F8, 0x02BF,
  0x09F6, 0x0021, 0x0003, 0x9493, 0xF7BF, 0xCE59, 0x0000, 0x0000, 0x6B6E, 0xEF7D, 0xDEFC, 0x4A2A,
  0x0000, 0x3946, 0xD201, 0xEA40, 0x7104, 0x0005, 0xA9C4, 0xFA80, 0xB9C3, 0x0005, 0x0045, 0x1065,
  0x0045, 0x0865, 0x0845, 0x0844, 0x1064, 0x1065, 0x1065, 0x1065, 0x1065, 0x1065, 0x1064, 0x1064,
  0x1864, 0x1065, 0x1064, 0x0865, 0x1064, 0x0864, 0x1064, 0x1064, 0x1064, 0x1864, 0x1864, 0x1864,
  0x1864, 0x1864, 0x1064, 0x1064, 0x1064, 0x1064, 0x1864, 0x1864, 0x1064, 0x1864, 0x1884, 0x1864,
  0x1084, 0x1084, 0x1084, 0x1084, 0x1884, 0x1884, 0x1884, 0x1884, 0x20A4, 0x1884, 0x1884, 0x1884,
  0x20A4, 0x20A4, 0x18A4, 0x18A4, 0x18A4, 0x1884, 0x1883, 0x1883, 0x1883, 0x1883, 0x1883, 0x1883,
  0x1883, 0x1883, 0x1883, 0x2083, 0x20A3, 0x2083, 0x2083, 0x2083, 0x2083, 0x2083, 0x2083, 0x2083,
  0x2083, 0x2083, 0x2083, 0x2083, 0x2083, 0x2883, 0x2883, 0x2883, 0x28A3, 0x2883, 0x2883, 0x2083,
  0x2083, 0x2083, 0x2083, 0x2083, 0x2883, 0x2083, 0x2083, 0x28A3, 0x2883, 0x2883, 0x28A3, 0x2883,
  0x2882, 0x28A2, 0x28A2, 0x28A2, 0x28A2, 0x2882, 0x30A2, 0x30A2, 0x30A2, 0x30A2, 0x30A2, 0x30A2,
  0x30A2, 0x30A2, 0x30A2, 0x30A2, 0x38A2, 0x38A2, 0x38A2, 0x38A2, 0x40C2, 0x40C1, 0x40C1, 0x48C1,
  0x48C1, 0x48C1, 0x48C1, 0x50C1, 0x50E1, 0x50E1, 0x58E1, 0x58E1, 0x58E1, 0x6100, 0x6900, 0x7120,
  0x7920, 0x8140, 0x8960, 0x8960, 0x8960, 0x8960, 0x8940, 0x8940, 0x8940, 0x8940, 0x8940, 0x8940,
  0x8940, 0x8940, 0x8940, 0x8940, 0x8940, 0x8940, 0x8940, 0x9140, 0x9140, 0x9160, 0x9160, 0x9140,
  0x9160, 0x9160, 0x9160, 0x8960, 0x9980, 0xA9A0, 0x9140, 0x68E0, 0x7100, 0x68E0, 0x60E0, 0x60C0,
  0x60C0, 0x58C0, 0x58C0, 0x58C0, 0x58C0, 0x58C0, 0x50A0, 0x50C0, 0x50A0, 0x50A0, 0x50A0, 0x48A0,
  0x48A0, 0x48A0, 0x48A0, 0x48A0,
  0x0089, 0x0089, 0x0089, 0x008A, 0x008A, 0x008A, 0x008B, 0x00AB, 0x00AD, 0x00AE, 0x00CE, 0x00AD,
  0x00AC, 0x00AC, 0x00AC, 0x00AD, 0x00AD, 0x00CE, 0x00CF, 0x00F1, 0x0113, 0x00F1, 0x00CF, 0x00CE,
  0x00AD, 0x00AD, 0x00AC, 0x00AC, 0x00AB, 0x00AB, 0x008B, 0x008B, 0x008A, 0x008A, 0x008A, 0x008A,
  0x008A, 0x0089, 0x0089, 0x0089, 0x0089, 0x0089, 0x0089, 0x0089, 0x0089, 0x0089, 0x0089, 0x0089,
  0x0089, 0x0089, 0x0089, 0x0089, 0x0089, 0x0089, 0x0089, 0x0089, 0x0088, 0x0088, 0x0088, 0x0088,
  0x0088, 0x0088, 0x0088, 0x0088, 0x0088, 0x0088, 0x0088, 0x0088, 0x0088, 0x0087, 0x0087, 0x0087,
  0x0087, 0x0087, 0x0087, 0x0087, 0x0087, 0x0087, 0x0087, 0x0087, 0x0087, 0x0087, 0x0087, 0x0087,
  0x0087, 0x0087, 0x0087, 0x0067, 0x0067, 0x0067, 0x0067, 0x0067, 0x0067, 0x0067, 0x0066, 0x0066,
  0x0066, 0x0066, 0x0066, 0x0066, 0x0066, 0x0066, 0x0066, 0x0046, 0x0046, 0x0046, 0x0046, 0x0046,
  0x0046, 0x0046, 0x0046, 0x0046, 0x0046, 0x0046, 0x0046, 0x0046, 0x0046, 0x0046, 0x0026, 0x0026,
  0x0026, 0x0026, 0x0026, 0x0026, 0x0026, 0x0026, 0x0026, 0x0026, 0x0026, 0x0026, 0x0026, 0x0026,
  0x0026, 0x0026, 0x0026, 0x0026, 0x0026, 0x0026, 0x0026, 0x0026, 0x0025, 0x0025, 0x0026, 0x0025,
  0x0025, 0x0025, 0x0025, 0x0025, 0x0025, 0x0025, 0x0025, 0x0025, 0x0025, 0x0025, 0x0045, 0x0045,
  0x0045, 0x0045, 0x0045, 0x0045, 0x0045, 0x0045, 0x0045, 0x0045, 0x0045, 0x0045, 0x0045, 0x0045,
  0x0045, 0x0045, 0x0045, 0x0045, 0x0045, 0x0045, 0x0045, 0x0045, 0x0045, 0x0045, 0x0045, 0x0045,
  0x0045, 0x0045, 0x0045, 0x0046, 0x0066, 0x0000, 0x0068, 0x025B, 0x029E, 0x0219, 0x029F, 0x01D5,
  0x0000, 0x10C8, 0x0087, 0x0000, 0x8431, 0xFFDF, 0xC659, 0x634D, 0xF79E, 0xE73C, 0x1907, 0x0000,
  0x3968, 0x0005, 0x0024, 0xD200, 0xEA60, 0xC1E2, 0xFA60, 0xB9E3, 0x0005, 0x0045, 0x1865, 0x0045,
  0x0045, 0x0045, 0x0045, 0x0045, 0x0045, 0x0045, 0x0045, 0x0045, 0x0045, 0x0045, 0x0045, 0x0045,
  0x0045, 0x0045, 0x0045, 0x0045, 0x0045, 0x0045, 0x0045, 0x0045, 0x0045, 0x0045, 0x0045, 0x0045,
  0x0045, 0x0044, 0x0045, 0x0044, 0x0044, 0x0044, 0x0044, 0x0044, 0x0044, 0x0044, 0x0044, 0x0044,
  0x0044, 0x0044, 0x0044, 0x0044, 0x0044, 0x0044, 0x0044, 0x0044, 0x0024, 0x0044, 0x0044, 0x0044,
  0x0044, 0x0044, 0x0044, 0x0044, 0x0044, 0x0044, 0x0044, 0x0043, 0x0044, 0x0043, 0x0043, 0x0043,
  0x0043, 0x0043, 0x0043, 0x0043, 0x0043, 0x0043, 0x0043, 0x0063, 0x0063, 0x0063, 0x0063, 0x0063,
  0x0063, 0x0063, 0x0063, 0x0063, 0x0063, 0x0063, 0x0063, 0x0063, 0x0863, 0x0863, 0x0863, 0x0863,
  0x0863, 0x0863, 0x1063, 0x0863, 0x0883, 0x1083, 0x1083, 0x1083, 0x1083, 0x1083, 0x1083, 0x1083,
  0x1883, 0x1882, 0x1882, 0x1882, 0x1882, 0x1882, 0x2082, 0x2082, 0x2082, 0x2082, 0x2882, 0x2882,
  0x28A2, 0x28A2, 0x30A2, 0x30A2, 0x30A2, 0x30A2, 0x30A2, 0x38A2, 0x38A2, 0x38A2, 0x38C1, 0x40C1,
  0x40C1, 0x48C1, 0x48C1, 0x48C1, 0x50C1, 0x50E1, 0x58E1, 0x58E1, 0x58E1, 0x6101, 0x6900, 0x7100,
  0x7920, 0x7940, 0x8140, 0x8140, 0x8140, 0x8940, 0x8940, 0x8940, 0x8940, 0x8140, 0x8120, 0x8120,
  0x8140, 0x8140, 0x8120, 0x8120, 0x8120, 0x8140, 0x8940, 0x8940, 0x8940, 0x9140, 0x8940, 0x8940,
  0x8940, 0x8940, 0x8940, 0x8940, 0x8940, 0x9980, 0xA180, 0x7900, 0x68E0, 0x68E0, 0x60E0, 0x60E0,
  0x58C0, 0x58C0, 0x58C0, 0x58C0, 0x58C0, 0x50A0, 0x50A0, 0x50A0, 0x50A0, 0x50A0, 0x48A0, 0x48A0,
  0x48A0, 0x48A0, 0x48A0, 0x4880,
  0x0069, 0x0069, 0x0089, 0x008A, 0x008A, 0x008A, 0x008B, 0x00AC, 0x00AD, 0x00AD, 0x00AC, 0x008B,
  0x00AC, 0x00AC, 0x00AC, 0x00AD, 0x00AD, 0x00CE, 0x00D0, 0x0112, 0x00F2, 0x00CF, 0x00CE, 0x00AD,
  0x00AD, 0x00AC, 0x008C, 0x008B, 0x008B, 0x008B, 0x008B, 0x008A, 0x008A, 0x008A, 0x008A, 0x008A,
  0x0089, 0x0089, 0x0089, 0x0089, 0x0089, 0x0089, 0x0089, 0x0089, 0x0089, 0x0089, 0x0089, 0x0089,
  0x0089, 0x0089, 0x0089, 0x0089, 0x0089, 0x0089, 0x0088, 0x0088, 0x0088, 0x0088, 0x0088, 0x0088,
  0x0088, 0x0088, 0x0088, 0x0088, 0x0088, 0x0088, 0x0088, 0x0088, 0x0087, 0x0087, 0x0087, 0x0087,
  0x0087, 0x0087, 0x0087, 0x0087, 0x0087, 0x0087, 0x0087, 0x0087, 0x0087, 0x0087, 0x0087, 0x0087,
  0x0087, 0x0087, 0x0087, 0x0087, 0x0087, 0x0087, 0x0087, 0x0087, 0x0087, 0x0087, 0x0087, 0x0087,
  0x0067, 0x0067, 0x0067, 0x0067, 0x0067, 0x0067, 0x0067, 0x0067, 0x0067, 0x0067, 0x0067, 0x0067,
  0x0067, 0x0067, 0x0067, 0x0067, 0x0067, 0x0067, 0x0067, 0x0087, 0x0067, 0x0087, 0x0087, 0x0087,
  0x0086, 0x0087, 0x0087, 0x0066, 0x0066, 0x0086, 0x0086, 0x0086, 0x0086, 0x0086, 0x0086, 0x0086,
  0x0086, 0x0066, 0x0066, 0x0086, 0x0066, 0x0066, 0x0066, 0x0066, 0x0066, 0x0066, 0x0066, 0x0066,
  0x0066, 0x0066, 0x0066, 0x0066, 0x0066, 0x0066, 0x0066, 0x0066, 0x0066, 0x0066, 0x0066, 0x0066,
  0x0066, 0x0066, 0x0066, 0x0066, 0x0046, 0x0046, 0x0046, 0x0046, 0x0046, 0x0046, 0x0046, 0x0046,
  0x0046, 0x0046, 0x0046, 0x0046, 0x0045, 0x0045, 0x0045, 0x0045, 0x0045, 0x0045, 0x0045, 0x0045,
  0x0045, 0x0045, 0x0045, 0x0045, 0x0046, 0x0067, 0x0000, 0x0068, 0x025C, 0x02BF, 0x0173, 0x0000,
  0x0067, 0x0026, 0x08A6, 0x10C6, 0x0000, 0x7BF0, 0xF79E, 0xFFFF, 0xDEDB, 0x31A8, 0x0000, 0x2968,
  0x0005, 0x2065, 0x0004, 0x0003, 0xD221, 0xFAC0, 0xB1A2, 0x0005, 0x0065, 0x1865, 0x0045, 0x0045,
  0x0045, 0x0045, 0x0045, 0x0045, 0x0045, 0x0045, 0x0045, 0x0045, 0x0045, 0x0045, 0x0045, 0x0045,
  0x0045, 0x0045, 0x0045, 0x0045, 0x0045, 0x0045, 0x0045, 0x0045, 0x0045, 0x0045, 0x0045, 0x0044,
  0x0044, 0x0044, 0x0844, 0x0844, 0x0844, 0x0844, 0x0844, 0x0844, 0x0844, 0x0844, 0x0844, 0x0864,
  0x0864, 0x0864, 0x0864, 0x0864, 0x0864, 0x0864, 0x0864, 0x0864, 0x0864, 0x0864, 0x0864, 0x0864,
  0x1064, 0x1064, 0x1064, 0x1064, 0x1064, 0x1064, 0x1064, 0x1063, 0x1063, 0x1063, 0x1063, 0x1063,
  0x1063, 0x1063, 0x1063, 0x1063, 0x1063, 0x1063, 0x1063, 0x1063, 0x1083, 0x1063, 0x1063, 0x1863,
  0x1863, 0x1883, 0x1883, 0x1883, 0x1883, 0x1883, 0x1883, 0x1883, 0x1883, 0x1883, 0x1883, 0x1883,
  0x1883, 0x1883, 0x1883, 0x1883, 0x1883, 0x1883, 0x1883, 0x1883, 0x1883, 0x1883, 0x1883, 0x1883,
  0x2083, 0x2083, 0x2082, 0x2082, 0x2082, 0x2082, 0x2082, 0x2082, 0x2082, 0x2882, 0x28A2, 0x28A2,
  0x28A2, 0x28A2, 0x30A2, 0x30A2, 0x30A2, 0x30A2, 0x38A2, 0x38A2, 0x38A2, 0x38A2, 0x38C1, 0x40C1,
  0x40C1, 0x48C1, 0x48C1, 0x48C1, 0x50C1, 0x50E1, 0x58E1, 0x58E1, 0x58E1, 0x6101, 0x6100, 0x6900,
  0x7120, 0x7920, 0x7940, 0x8140, 0x8140, 0x8140, 0x8140, 0x8140, 0x8140, 0x8120, 0x8120, 0x7920,
  0x7920, 0x7920, 0x7920, 0x8120, 0x7920, 0x8120, 0x8120, 0x8120, 0x8940, 0x8940, 0x8940, 0x8940,
  0x8940, 0x8940, 0x8940, 0x8940, 0x8940, 0x8140, 0x9960, 0x9140, 0x68E0, 0x60E0, 0x60E0, 0x58C0,
  0x58C0, 0x58C0, 0x50C0, 0x50C0, 0x50C0, 0x50C0, 0x50A0, 0x50A0, 0x48A0, 0x48A0, 0x48A0, 0x48A0,
  0x48A0, 0x48A0, 0x48A0, 0x4080,
  0x0069, 0x0069, 0x0089, 0x008A, 0x008A, 0x008B, 0x00AC, 0x00AD, 0x00AD, 0x008B, 0x008A, 0x00AB,
  0x00AB, 0x00AB, 0x00AC, 0x00AC, 0x00CD, 0x00CF, 0x00F1, 0x00F2, 0x00CF, 0x00CE, 0x00AD, 0x00AD,
  0x00AC, 0x00AC, 0x00AB, 0x008B, 0x008B, 0x008A, 0x008A, 0x008A, 0x008A, 0x0089, 0x0089, 0x0089,
  0x0089, 0x0089, 0x0089, 0x0089, 0x0089, 0x0089, 0x0089, 0x0089, 0x0089, 0x0089, 0x0089, 0x0089,
  0x0089, 0x0089, 0x0089, 0x0089, 0x0088, 0x0088, 0x0088, 0x0088, 0x0088, 0x0088, 0x0088, 0x0088,
  0x0088, 0x0088, 0x0088, 0x0088, 0x0088, 0x0088, 0x0088, 0x0087, 0x0087, 0x0088, 0x0087, 0x0087,
  0x0087, 0x0087, 0x0087, 0x0087, 0x0087, 0x0087, 0x0087, 0x0087, 0x0087, 0x0087, 0x0087, 0x0087,
  0x0087, 0x0087, 0x0087, 0x0067, 0x0067, 0x0067, 0x0067, 0x0087, 0x0067, 0x0067, 0x0087, 0x0067,
  0x0067, 0x0067, 0x0066, 0x0066, 0x0066, 0x0066, 0x0066, 0x0066, 0x0067, 0x0067, 0x0066, 0x0066,
  0x0066, 0x0066, 0x0066, 0x0066, 0x0066, 0x0066, 0x0066, 0x0066, 0x0066, 0x0066, 0x0066, 0x0066,
  0x0066, 0x0066, 0x0066, 0x0066, 0x0066, 0x0066, 0x0066, 0x0066, 0x0066, 0x0066, 0x0066, 0x0066,
  0x0066, 0x0066, 0x0066, 0x0066, 0x0066, 0x0066, 0x0066, 0x0066, 0x0066, 0x0066, 0x0066, 0x0066,
  0x0066, 0x0066, 0x0066, 0x0066, 0x0066, 0x0066, 0x0066, 0x0046, 0x0046, 0x0066, 0x0045, 0x0045,
  0x0045, 0x0045, 0x0045, 0x0045, 0x0046, 0x0045, 0x0045, 0x0045, 0x0045, 0x0045, 0x0045, 0x0045,
  0x0045, 0x0045, 0x0045, 0x0045, 0x0045, 0x0045, 0x0045, 0x0045, 0x0045, 0x0045, 0x0045, 0x0045,
  0x0045, 0x0045, 0x0045, 0x0045, 0x0045, 0x0046, 0x0066, 0x0000, 0x00EB, 0x0192, 0x0000, 0x0045,
  0x0046, 0x0045, 0x0025, 0x10A6, 0x10C6, 0x0000, 0x8C52, 0xCE7A, 0x422A, 0x0000, 0x2988, 0x0004,
  0x0045, 0x0045, 0x2064, 0x0004, 0x48C4, 0x8183, 0x1884, 0x0005, 0x2085, 0x0045, 0x0045, 0x0045,
  0x0045, 0x0045, 0x0045, 0x0045, 0x0045, 0x0045, 0x0045, 0x0045, 0x0045, 0x0045, 0x0045, 0x0045,
  0x0045, 0x0045, 0x0045, 0x0045, 0x0045, 0x0045, 0x0045, 0x0045, 0x0045, 0x0045, 0x0045, 0x0045,
  0x0044, 0x0044, 0x0044, 0x0044, 0x0044, 0x0064, 0x0044, 0x0044, 0x0044, 0x0044, 0x0044, 0x0044,
  0x0064, 0x0864, 0x0844, 0x0844, 0x0864, 0x0864, 0x0864, 0x0864, 0x0864, 0x0864, 0x0864, 0x0864,
  0x0864, 0x0864, 0x0864, 0x0864, 0x0864, 0x0864, 0x0864, 0x0864, 0x0863, 0x0863, 0x0864, 0x0863,
  0x0863, 0x1063, 0x1063, 0x1063, 0x1063, 0x1063, 0x1063, 0x1063, 0x1063, 0x1063, 0x1063, 0x1063,
  0x1063, 0x1063, 0x1063, 0x1063, 0x1063, 0x1063, 0x1063, 0x1063, 0x1063, 0x1063, 0x1063, 0x1863,
  0x1883, 0x1883, 0x1883, 0x1883, 0x1883, 0x1883, 0x1883, 0x1883, 0x1883, 0x1883, 0x1883, 0x1883,
  0x1883, 0x1883, 0x1883, 0x2082, 0x2082, 0x2082, 0x2082, 0x2082, 0x2082, 0x2082, 0x2882, 0x28A2,
  0x28A2, 0x28A2, 0x28A2, 0x30A2, 0x30A2, 0x30A2, 0x30A2, 0x30A2, 0x38A2, 0x38A2, 0x38A1, 0x40C1,
  0x40C1, 0x40C1, 0x48C1, 0x48C1, 0x50C1, 0x50E1, 0x50E1, 0x50E1, 0x58E1, 0x60E0, 0x6100, 0x6900,
  0x7120, 0x7920, 0x7920, 0x8140, 0x8140, 0x8140, 0x8140, 0x8120, 0x7920, 0x7920, 0x7900, 0x7900,
  0x7920, 0x7920, 0x7900, 0x7920, 0x7920, 0x7920, 0x7920, 0x8120, 0x8120, 0x8120, 0x8940, 0x8140,
  0x8140, 0x8140, 0x8140, 0x8140, 0x8120, 0x8140, 0x8940, 0x9960, 0x8120, 0x60C0, 0x60C0, 0x58C0,
  0x58C0, 0x50C0, 0x50C0, 0x50A0, 0x50A0, 0x48A0, 0x48A0, 0x48A0, 0x48A0, 0x48A0, 0x48A0, 0x48A0,
  0x48A0, 0x40A0, 0x4080, 0x4080,
  0x0069, 0x0069, 0x0089, 0x008A, 0x008A, 0x00AC, 0x00AC, 0x00AC, 0x008B, 0x008A, 0x008A, 0x008A,
  0x008A, 0x008B, 0x00AC, 0x00AC, 0x00AD, 0x00CF, 0x00F1, 0x00D0, 0x00CE, 0x00AD, 0x00AD, 0x00AC,
  0x00AC, 0x00AB, 0x00AB, 0x008B, 0x008A, 0x008A, 0x008A, 0x008A, 0x0089, 0x0089, 0x0089, 0x0089,
  0x0089, 0x0089, 0x0089, 0x0089, 0x0089, 0x0089, 0x0089, 0x0089, 0x0089, 0x0089, 0x0089, 0x0089,
  0x0089, 0x0089, 0x0089, 0x0089, 0x0088, 0x0088, 0x0088, 0x0088, 0x0088, 0x0088, 0x0088, 0x0088,
  0x0068, 0x0088, 0x0088, 0x0088, 0x0088, 0x0088, 0x0088, 0x0087, 0x0087, 0x0087, 0x0087, 0x0087,
  0x0087, 0x0087, 0x0087, 0x0087, 0x0087, 0x0087, 0x0087, 0x0087, 0x0087, 0x0087, 0x0087, 0x0087,
  0x0087, 0x0067, 0x0067, 0x0067, 0x0087, 0x0067, 0x0067, 0x0067, 0x0067, 0x0067, 0x0067, 0x0067,
  0x0067, 0x0066, 0x0066, 0x0067, 0x0066, 0x0067, 0x0067, 0x0066, 0x0067, 0x0067, 0x0066, 0x0066,
  0x0066, 0x0066, 0x0066, 0x0066, 0x0066, 0x0066, 0x0066, 0x0066, 0x0066, 0x0066, 0x0066, 0x0066,
  0x0066, 0x0066, 0x0066, 0x0066, 0x0066, 0x0066, 0x0066, 0x0066, 0x0066, 0x0066, 0x0066, 0x0066,
  0x0066, 0x0066, 0x0066, 0x0066, 0x0066, 0x0066, 0x0066, 0x0066, 0x0066, 0x0066, 0x0066, 0x0066,
  0x0066, 0x0066, 0x0066, 0x0066, 0x0066, 0x0066, 0x0066, 0x0046, 0x0046, 0x0046, 0x0046, 0x0046,
  0x0046, 0x0046, 0x0046, 0x0045, 0x0045, 0x0046, 0x0045, 0x0045, 0x0045, 0x0045, 0x0045, 0x0045,
  0x0045, 0x0045, 0x0045, 0x0045, 0x0045, 0x0045, 0x0045, 0x0045, 0x0045, 0x0045, 0x0045, 0x0045,
  0x0045, 0x0045, 0x0045, 0x0045, 0x0045, 0x0045, 0x0045, 0x0066, 0x0023, 0x0000, 0x0066, 0x0045,
  0x0045, 0x0045, 0x0045, 0x0025, 0x0886, 0x10A6, 0x0001, 0x0000, 0x0004, 0x10E6, 0x0005, 0x0045,
  0x0045, 0x0045, 0x0045, 0x1865, 0x0025, 0x0005, 0x0025, 0x1065, 0x0045, 0x0045, 0x0045, 0x0045,
  0x0045, 0x0045, 0x0045, 0x0045, 0x0045, 0x0045, 0x0045, 0x0045, 0x0045, 0x0045, 0x0045, 0x0045,
  0x0045, 0x0045, 0x0045, 0x0045, 0x0045, 0x0045, 0x0045, 0x0045, 0x0045, 0x0045, 0x0045, 0x0045,
  0x0044, 0x0044, 0x0044, 0x0044, 0x0044, 0x0044, 0x0044, 0x0044, 0x0044, 0x0044, 0x0044, 0x0064,
  0x0044, 0x0064, 0x0844, 0x0864, 0x0864, 0x0864, 0x0864, 0x0864, 0x0864, 0x0864, 0x0864, 0x0864,
  0x0864, 0x0864, 0x0864, 0x0864, 0x0864, 0x0864, 0x0864, 0x0864, 0x0864, 0x0864, 0x0864, 0x0864,
  0x0863, 0x0863, 0x0863, 0x1063, 0x1063, 0x1063, 0x1063, 0x1063, 0x1063, 0x1063, 0x1063, 0x1063,
  0x1063, 0x1063, 0x1063, 0x1063, 0x1063, 0x1063, 0x1063, 0x1063, 0x1063, 0x1063, 0x1063, 0x1063,
  0x1063, 0x1883, 0x1883, 0x1883, 0x1883, 0x1883, 0x1883, 0x1883, 0x1883, 0x1883, 0x1883, 0x1883,
  0x1883, 0x1883, 0x1883, 0x1882, 0x2082, 0x2082, 0x2082, 0x2082, 0x2082, 0x2082, 0x2882, 0x2882,
  0x28A2, 0x28A2, 0x28A2, 0x28A2, 0x30A2, 0x30A2, 0x30A2, 0x30A2, 0x38A2, 0x38A1, 0x38A1, 0x40A1,
  0x40A1, 0x40C1, 0x40C1, 0x48C1, 0x48C1, 0x50C1, 0x50E1, 0x50E1, 0x58E1, 0x58E1, 0x60E0, 0x6900,
  0x7120, 0x7120, 0x7920, 0x7920, 0x7920, 0x8140, 0x7920, 0x7920, 0x7920, 0x7920, 0x7100, 0x7100,
  0x7100, 0x7900, 0x7100, 0x7100, 0x7900, 0x7900, 0x7900, 0x7920, 0x7920, 0x8120, 0x8120, 0x8120,
  0x8120, 0x8120, 0x8120, 0x8120, 0x8140, 0x8140, 0x8120, 0x8960, 0x9160, 0x68E0, 0x58C0, 0x58C0,
  0x50C0, 0x50C0, 0x50C0, 0x48A1, 0x48A0, 0x48A0, 0x48A1, 0x48A0, 0x48A0, 0x48A0, 0x48A0, 0x48A0,
  0x40A0, 0x40A0, 0x4080, 0x4080,
  0x0069, 0x0069, 0x0089, 0x008A, 0x008B, 0x00AC, 0x00AC, 0x008B, 0x008A, 0x008A, 0x008A, 0x008A,
  0x008A, 0x008B, 0x00AB, 0x00AC, 0x00AD, 0x00F0, 0x00D0, 0x00AE, 0x00AD, 0x00AD, 0x00AC, 0x00AC,
  0x00AB, 0x008B, 0x008B, 0x008A, 0x008A, 0x008A, 0x008A, 0x0089, 0x0089, 0x0089, 0x0089, 0x0089,
  0x0089, 0x0089, 0x0089, 0x0089, 0x0089, 0x0089, 0x0089, 0x0089, 0x0089, 0x0089, 0x0089, 0x0089,
  0x0089, 0x0088, 0x0088, 0x0088, 0x0088, 0x0088, 0x0088, 0x0088, 0x0088, 0x0088, 0x0088, 0x0068,
  0x0068, 0x0068, 0x0068, 0x0068, 0x0088, 0x0088, 0x0087, 0x0087, 0x0087, 0x0087, 0x0087, 0x0087,
  0x0087, 0x0087, 0x0087, 0x0067, 0x0087, 0x0087, 0x0067, 0x0087, 0x0087, 0x0067, 0x0087, 0x0087,
  0x0087, 0x0067, 0x0067, 0x0067, 0x0067, 0x0067, 0x0067, 0x0067, 0x0067, 0x0067, 0x0067, 0x0067,
  0x0067, 0x0067, 0x0067, 0x0067, 0x0067, 0x0067, 0x0067, 0x0067, 0x0067, 0x0067, 0x0067, 0x0066,
  0x0066, 0x0066, 0x0066, 0x0066, 0x0066, 0x0066, 0x0066, 0x0066, 0x0066, 0x0066, 0x0066, 0x0066,
  0x0066, 0x0066, 0x0066, 0x0066, 0x0066, 0x0066, 0x0066, 0x0066, 0x0066, 0x0066, 0x0066, 0x0066,
  0x0066, 0x0066, 0x0066, 0x0066, 0x0066, 0x0066, 0x0066, 0x0066, 0x0066, 0x0066, 0x0066, 0x0066,
  0x0066, 0x0066, 0x0066, 0x0066, 0x0066, 0x0066, 0x0066, 0x0046, 0x0066, 0x0046, 0x0046, 0x0046,
  0x0046, 0x0046, 0x0045, 0x0045, 0x0046, 0x0046, 0x0046, 0x0045, 0x0045, 0x0045, 0x0045, 0x0045,
  0x0045, 0x0045, 0x0045, 0x0045, 0x0045, 0x0045, 0x0045, 0x0045, 0x0045, 0x0045, 0x0045, 0x0045,
  0x0045, 0x0045, 0x0045, 0x0045, 0x0045, 0x0045, 0x0045, 0x0045, 0x0046, 0x0066, 0x0045, 0x0045,
  0x0045, 0x0045, 0x0045, 0x0045, 0x0045, 0x0045, 0x08A6, 0x10A6, 0x0885, 0x0045, 0x0045, 0x0045,
  0x0045, 0x0045, 0x0045, 0x0045, 0x0845, 0x1065, 0x0045, 0x0045, 0x0045, 0x0045, 0x0045, 0x0045,
  0x0045, 0x0045, 0x0045, 0x0045, 0x0045, 0x0045, 0x0045, 0x0045, 0x0045, 0x0045, 0x0045, 0x0045,
  0x0045, 0x0045, 0x0045, 0x0045, 0x0045, 0x0045, 0x0045, 0x0045, 0x0045, 0x0045, 0x0045, 0x0044,
  0x0044, 0x0044, 0x0044, 0x0044, 0x0044, 0x0044, 0x0044, 0x0044, 0x0044, 0x0044, 0x0044, 0x0044,
  0x0044, 0x0044, 0x0844, 0x0844, 0x0844, 0x0064, 0x0864, 0x0844, 0x0864, 0x0864, 0x0864, 0x0864,
  0x0864, 0x0864, 0x0864, 0x0864, 0x0864, 0x0864, 0x0864, 0x0864, 0x0864, 0x0864, 0x0864, 0x0863,
  0x0864, 0x0863, 0x0863, 0x1063, 0x1063, 0x1063, 0x1063, 0x1063, 0x1063, 0x1063, 0x1063, 0x1063,
  0x1063, 0x1063, 0x1063, 0x1063, 0x1063, 0x1063, 0x1063, 0x1063, 0x1063, 0x1063, 0x1063, 0x1063,
  0x1063, 0x1063, 0x1063, 0x1063, 0x1863, 0x1883, 0x1883, 0x1883, 0x1883, 0x1883, 0x1883, 0x1883,
  0x1883, 0x1883, 0x1882, 0x1882, 0x2082, 0x2082, 0x2082, 0x2082, 0x2082, 0x2082, 0x2082, 0x2882,
  0x2882, 0x28A2, 0x28A2, 0x28A2, 0x30A2, 0x30A2, 0x30A2, 0x30A2, 0x30A2, 0x38A2, 0x38A1, 0x38A1,
  0x40A1, 0x40A1, 0x40C1, 0x40C1, 0x48C1, 0x48C1, 0x50C1, 0x50E1, 0x58E1, 0x58E1, 0x60E1, 0x6900,
  0x6900, 0x7120, 0x7120, 0x7920, 0x7920, 0x7940, 0x7920, 0x7920, 0x7120, 0x7120, 0x7100, 0x7100,
  0x7100, 0x7100, 0x7100, 0x7100, 0x7100, 0x7100, 0x7100, 0x7100, 0x7920, 0x7920, 0x7920, 0x8120,
  0x8120, 0x8120, 0x8120, 0x8120, 0x8120, 0x8120, 0x8140, 0x7920, 0x8940, 0x8120, 0x58C0, 0x50C0,
  0x50C0, 0x50A0, 0x48A0, 0x48A1, 0x48A1, 0x48A1, 0x48A1, 0x48A1, 0x48A0, 0x48A0, 0x40A0, 0x40A0,
  0x40A0, 0x4080, 0x4080, 0x4080,
  0x0069, 0x0069, 0x0089, 0x008A, 0x008C, 0x008C, 0x008B, 0x006A, 0x008A, 0x008A, 0x008A, 0x008A,
  0x008A, 0x008A, 0x00AB, 0x00AC, 0x00CE, 0x00D0, 0x00AE, 0x00AD, 0x00AC, 0x00AC, 0x00AC, 0x00AB,
  0x008B, 0x008A, 0x008A, 0x008A, 0x008A, 0x0089, 0x0089, 0x0089, 0x0089, 0x0089, 0x0089, 0x0089,
  0x0069, 0x0068, 0x0089, 0x0068, 0x0068, 0x0088, 0x0088, 0x0068, 0x0088, 0x0088, 0x0088, 0x0088,
  0x0088, 0x0088, 0x0088, 0x0088, 0x0088, 0x0088, 0x0088, 0x0088, 0x0088, 0x0088, 0x0088, 0x0067,
  0x0067, 0x0067, 0x0067, 0x0067, 0x0087, 0x0087, 0x0087, 0x0087, 0x0067, 0x0067, 0x0087, 0x0087,
  0x0087, 0x0087, 0x0067, 0x0087, 0x0067, 0x0067, 0x0087, 0x0087, 0x0067, 0x0067, 0x0067, 0x0087,
  0x0067, 0x0067, 0x0067, 0x0067, 0x0066, 0x0066, 0x0066, 0x0067, 0x0067, 0x0067, 0x0067, 0x0067,
  0x0067, 0x0066, 0x0066, 0x0066, 0x0066, 0x0066, 0x0066, 0x0066, 0x0066, 0x0066, 0x0066, 0x0066,
  0x0066, 0x0066, 0x0066, 0x0066, 0x0066, 0x0066, 0x0066, 0x0066, 0x0066, 0x0066, 0x0066, 0x0066,
  0x0066, 0x0066, 0x0066, 0x0066, 0x0066, 0x0066, 0x0066, 0x0066, 0x0066, 0x0066, 0x0066, 0x0066,
  0x0066, 0x0066, 0x0066, 0x0066, 0x0066, 0x0066, 0x0066, 0x0066, 0x0066, 0x0066, 0x0066, 0x0066,
  0x0066, 0x0066, 0x0066, 0x0066, 0x0066, 0x0066, 0x0066, 0x0046, 0x0046, 0x0046, 0x0045, 0x0045,
  0x0045, 0x0045, 0x0045, 0x0045, 0x0045, 0x0045, 0x0045, 0x0045, 0x0045, 0x0045, 0x0045, 0x0045,
  0x0045, 0x0045, 0x0045, 0x0045, 0x0045, 0x0045, 0x0045, 0x0045, 0x0045, 0x0045, 0x0045, 0x0045,
  0x0045, 0x0045, 0x0045, 0x0045, 0x0045, 0x0045, 0x0045, 0x0045, 0x0045, 0x0045, 0x0045, 0x0045,
  0x0045, 0x0045, 0x0045, 0x0045, 0x0045, 0x0045, 0x0045, 0x0065, 0x0045, 0x0045, 0x0045, 0x0045,
  0x0045, 0x0045, 0x0045, 0x0045, 0x0045, 0x0045, 0x0045, 0x0045, 0x0045, 0x0045, 0x0045, 0x0045,
  0x0045, 0x0045, 0x0045, 0x0045, 0x0045, 0x0045, 0x0045, 0x0045, 0x0045, 0x0045, 0x0045, 0x0045,
  0x0045, 0x0045, 0x0045, 0x0045, 0x0045, 0x0045, 0x0044, 0x0045, 0x0045, 0x0044, 0x0044, 0x0044,
  0x0044, 0x0044, 0x0044, 0x0044, 0x0044, 0x0044, 0x0044, 0x0044, 0x0044, 0x0044, 0x0044, 0x0044,
  0x0044, 0x0044, 0x0844, 0x0044, 0x0844, 0x0864, 0x0844, 0x0044, 0x0844, 0x0864, 0x0864, 0x0864,
  0x0864, 0x0864, 0x0864, 0x0864, 0x0864, 0x0864, 0x0864, 0x0864, 0x0864, 0x0863, 0x0863, 0x0863,
  0x0863, 0x0863, 0x0863, 0x0863, 0x0863, 0x1063, 0x1063, 0x1063, 0x1063, 0x1063, 0x1063, 0x1063,
  0x1063, 0x1063, 0x1063, 0x1063, 0x1063, 0x1063, 0x1063, 0x1063, 0x1063, 0x1063, 0x1063, 0x1063,
  0x1063, 0x1063, 0x1063, 0x1083, 0x1863, 0x1863, 0x1883, 0x1883, 0x1883, 0x1863, 0x1883, 0x1883,
  0x1883, 0x1882, 0x1882, 0x1882, 0x1882, 0x2082, 0x2082, 0x2082, 0x2082, 0x2082, 0x2082, 0x2082,
  0x2882, 0x28A2, 0x28A2, 0x28A2, 0x30A2, 0x30A2, 0x30A2, 0x30A1, 0x30A2, 0x30A1, 0x38A1, 0x38A1,
  0x38A1, 0x40A1, 0x40C1, 0x40C1, 0x48C1, 0x48C1, 0x48C1, 0x48C1, 0x50E1, 0x58E1, 0x58E1, 0x6101,
  0x6900, 0x6920, 0x7120, 0x7120, 0x7920, 0x7920, 0x7920, 0x7120, 0x7120, 0x7120, 0x7100, 0x7100,
  0x7100, 0x6900, 0x7100, 0x7100, 0x7100, 0x7100, 0x7100, 0x7100, 0x7120, 0x7920, 0x7920, 0x7920,
  0x7920, 0x7920, 0x7920, 0x7920, 0x7920, 0x8140, 0x8140, 0x7940, 0x7920, 0x8120, 0x7100, 0x50C0,
  0x50C0, 0x48C0, 0x48C1, 0x48A1, 0x48A1, 0x40A1, 0x40A1, 0x40A1, 0x40A0, 0x40A0, 0x40A0, 0x40A0,
  0x40A0, 0x4080, 0x4080, 0x4080,
};
